0.0, 0.0, 0.0, 6.283185307179586
0.0, 0.0, 0.0, 6.283185307179586
0.0, 0.0, 0.0, 6.283185307179586
0.0, 0.0, 0.0, 6.283185307179586
0.0, 0.0, 0.0, 6.283185307179586
0.0, 0.0, 0.0, 6.283185307179586
0.0, 0.0, 0.0, 6.283185307179586
0.0, 0.0, 0.0, 6.283185307179586
0.0, 0.0, 0.0, 6.283185307179586
0.0, 0.0, 0.0, 6.283185307179586
0.0, 0.0, 0.0, 6.283185307179586
0.0, 0.0, 0.0, 6.283185307179586
0.0, 0.0, 0.0, 6.283185307179586
0.0, 0.0, 0.0, 6.283185307179586
0.0, 0.0, 0.0, 6.283185307179586
0.0, 0.0, 0.0, 6.283185307179586
0.0, 0.0, 0.0, 6.283185307179586
0.0, 0.0, 0.0, 6.283185307179586
0.0, 0.0, 0.0, 6.283185307179586
0.0, 0.0, 0.0, 6.283185307179586
0.0, 0.0, 0.0, 6.283185307179586
0.0012664212278920652, 0.0, 0.0, 6.283185307179586
0.0012664212278920652, 0.0, 0.0, 6.283185307179586
0.008077871234838364, 0.0, 0.27838632113278117, 6.283185307179586
0.032148898137323, 0.0, 0.4354795618487844, 6.283185307179586
0.06956329946246327, 0.0, 0.7077210793481165, 6.283185307179586
0.12051197989206519, 0.0, 0.9265295217739781, 6.283185307179586
0.18378253266791347, 0.0, 1.1297087897408495, 6.283185307179586
0.25470859629174464, 0.0, 1.2162703713598717, 6.283185307179586
0.3284157753459792, 0.0, 1.2131979695431472, 6.283185307179586
0.402738452975688, 0.0, 1.2667646273043014, 6.283185307179586
0.4777687890098852, 0.0, 1.250467539406893, 6.283185307179586
0.5519975557531391, 0.0, 1.2320331285065456, 6.283185307179586
0.624170246942025, 0.0, 1.1888859203847182, 6.283185307179586
0.6945576786620358, 0.0, 1.1656425327277584, 6.283185307179586
0.7632808884381512, 0.0, 1.1454715468875234, 6.283185307179586
0.8331511008581352, 0.0, 1.2082554100988512, 6.283185307179586
0.9097652204456318, 0.0, 1.3109804969275982, 6.283185307179586
0.991021829300561, 0.0, 1.3863211327811915, 6.283185307179586
1.076341224040609, 0.0, 1.4404221212930803, 6.283185307179586
1.170688557717339, 0.0, 1.6152818594710125, 6.283185307179586
1.2721035154859737, 0.0, 1.7234838364947902, 6.283185307179586
1.374798838134117, 0.0, 1.7066524178466471, 6.283185307179586
1.4782069903157893, 0.0, 1.766096713865883, 6.283185307179586
1.5836501140304566, 0.0, 1.751269035532995, 6.283185307179586
1.6888885434955914, 0.0, 1.7349719476355865, 6.283185307179586
1.794629762218541, 0.0, 1.7610205717339034, 6.283185307179586
1.905241672621961, 0.0, 1.882447234838365, 6.283185307179586
2.0199614912316326, 0.0, 1.9056906224953245, 6.283185307179586
2.1372726589794286, 0.0, 1.973149879775581, 6.283185307179586
2.259105041974887, 0.0, 2.0299225220411437, 6.283185307179586
2.375070529419183, 0.0, 1.8936681806037938, 6.283185307179586
2.494252540379376, 0.0, 2.030991183542613, 6.283185307179586
2.615762592940423, 0.0, 2.0340635853593376, 6.283185307179586
2.7364132694330765, 0.0, 1.9927865348650815, 6.283185307179586
2.8549733931028602, 0.0, 1.9672722415174992, 6.283185307179586
2.971884614946301, 0.0, 1.9444296019235907, 6.283185307179586
3.093857322519905, 0.0, 2.051162169382848, 6.283185307179586
3.2164732774523124, 0.0, 2.062650280523644, 6.283185307179586
3.3398094290569076, 0.0, 2.046620358001603, 6.283185307179586
3.4635345820999213, 0.0, 2.0520972481966337, 6.283185307179586
3.5857733672797236, 0.0, 2.043280790809511, 6.283185307179586
3.7069543805332636, 0.0, 2.007480630510286, 6.283185307179586
3.8291115682522054, 0.0, 2.083355597114614, 6.283185307179586
3.9578839544792963, 0.0, 2.145204381512156, 6.283185307179586
4.084621224489448, 0.0, 2.103125834891798, 6.283185307179586
4.209490218122363, 0.0, 2.0753406358535935, 6.283185307179586
4.333651145934278, 0.0, 2.05850921720545, 6.283185307179586
4.45627590979642, 0.0, 2.0484905156291746, 6.283185307179586
4.579470985096446, 0.0, 2.0443494523109806, 6.283185307179586
4.700980361263157, 0.0, 2.008816457387123, 6.283185307179586
4.819992754432272, 0.0, 1.9720812182741116, 6.283185307179586
4.936342003800159, 0.0, 1.9263959390862944, 6.283185307179586
5.049683156514025, 0.0, 1.872962864012824, 6.283185307179586
5.161473490197166, 0.0, 1.868020304568528, 6.283185307179586
5.279578121840234, 0.0, 1.9914507079882446, 6.283185307179586
5.400668303717873, 0.0, 2.0183008282126638, 6.283185307179586
5.522945936701041, 0.0, 2.044883783061715, 6.283185307179586
5.648777500576008, 0.0, 2.1159497729094308, 6.283185307179586
5.7773468697451245, 0.0, 2.1470745391397275, 6.283185307179586
5.909852927927331, 0.0, 2.1784664707453913, 6.283185307179586
6.037895863070265, 0.0, 2.1552230830884316, 6.283185307179586
6.170407251304302, 0.0, 2.282660967138659, 6.283185307179586
6.3058772421052645, 0.0, 2.269436281057975, 6.283185307179586
6.4415128543008295, 0.0, 2.250066791343842, 6.283185307179586
6.576271981563454, 0.0, 2.2506011220945767, 6.283185307179586
6.715146471369493, 0.0, 2.321399946566925, 6.283185307179586
6.85379765998611, 0.0, 2.3063051028586696, 6.283185307179586
6.992412353932143, 0.0, 2.308576008549292, 6.283185307179586
7.130392524174195, 0.0, 2.2914774245257816, 6.283185307179586
7.273484587118358, 0.0, 2.403018968741651, 6.283185307179586
7.418176697951379, 0.0, 2.3963398343574673, 6.283185307179586
7.563035071666581, 0.0, 2.4201175527651615, 6.283185307179586
7.706735666475024, 0.0, 2.4023510553032326, 6.283185307179586
7.850956838830888, 0.0, 2.3996794015495593, 6.283185307179586
7.995000357368959, 0.0, 2.3950040074806305, 6.283185307179586
8.140770181108206, 0.0, 2.482367085225755, 6.283185307179586
8.295649197255681, 0.0, 2.6414640662570132, 6.283185307179586
8.455768269866956, 0.0, 2.6747261554902484, 6.283185307179586
8.619335562656698, 0.0, 2.6924926529521773, 6.283185307179586
8.777363867592845, 0.0, 2.6660432807908094, 6.283185307179586
8.938322391395143, 0.0, 2.6791343841838096, 6.283185307179586
9.099081378150153, 0.0, 2.680336628372963, 6.283185307179586
9.257756369765435, 0.0, 2.6405289874432274, 6.283185307179586
9.415827147562924, 0.0, 2.6091370558375635, 6.283185307179586
9.571308611385525, 0.0, 2.5615816190221747, 6.283185307179586
9.72324359168582, 0.0, 2.525915041410633, 6.283185307179586
9.872358249053708, 0.0, 2.4783596045952443, 6.283185307179586
10.019142562607541, 0.0, 2.43641464066257, 6.283185307179586
10.163225074188626, 0.0, 2.3908629441624365, 6.283185307179586
10.304403754220687, 0.0, 2.349452310980497, 6.283185307179586
10.443851579357743, 0.0, 2.3055036067325676, 6.283185307179586
10.586216072267174, 0.0, 2.418781725888325, 6.283185307179586
10.728064782093517, 0.0, 2.3299492385786804, 6.283185307179586
10.864986841464075, 0.0, 2.2819930537002406, 6.283185307179586
11.001936762994399, 0.0, 2.261421319796954, 6.283185307179586
11.137019039294692, 0.0, 2.241250333956719, 6.283185307179586
11.270227554389535, 0.0, 2.215869623296821, 6.283185307179586
11.40211989696394, 0.0, 2.218140528987443, 6.283185307179586
11.53867667111943, 0.0, 2.275180336628373, 6.283185307179586
11.674053761256754, 0.0, 2.242051830082821, 6.283185307179586
11.806196334106339, 0.0, 2.1908896606999733, 6.283185307179586
11.938739201141336, 0.0, 2.16497461928934, 6.283185307179586
12.065584082436553, 0.0, 2.1494790275180335, 6.283185307179586
12.194439295747799, 0.0, 2.1393267432540743, 6.283185307179586
12.321529099733905, 0.0, 2.112209457654288, 6.283185307179586
12.447272728566391, 0.0, 2.0786802030456855, 6.283185307179586
12.570004581227892, 0.0, 2.041143467806572, 6.283185307179586
12.69103866027892, 0.0, 2.0253807106598987, 6.283185307179586
12.819841561199038, 0.0, 2.1668447769169115, 6.283185307179586
12.954953117200105, 0.0, 2.253139193160566, 6.283185307179586
13.091122630766764, 0.0, 2.2786534865081487, 6.283185307179586
13.227629491800158, 0.0, 2.2646273043013627, 6.283185307179586
13.36433319207053, 0.0, 2.2956184878439756, 6.283185307179586
13.501574464743786, 0.0, 2.2851990382046488, 6.283185307179586
13.637287322891796, 0.0, 2.257814587229495, 6.283185307179586
13.771500780016027, 0.0, 2.2201442693026983, 6.283185307179586
13.902868761083619, 0.0, 2.1737910766764625, 6.283185307179586
14.031235036759814, 0.0, 2.1287737109270637, 6.283185307179586
14.158189428898737, 0.0, 2.0877638258081754, 6.283185307179586
14.281515907864271, 0.0, 2.037135987176062, 6.283185307179586
14.401688959957244, 0.0, 2.00400748063051, 6.283185307179586
14.520111382865071, 0.0, 1.968608068394336, 6.283185307179586
14.636876105536723, 0.0, 1.9434945231098049, 6.283185307179586
14.753068087249789, 0.0, 1.9243921987710393, 6.283185307179586
14.868254375301085, 0.0, 1.9153085760085493, 6.283185307179586
14.983093905598707, 0.0, 1.9087630243120493, 6.283185307179586
15.09713815843547, 0.0, 1.8999465669249265, 6.283185307179586
15.21109100675607, 0.0, 1.891130109537804, 6.283185307179586
15.325976792946825, 0.0, 1.9473684210526316, 6.283185307179586
15.447377861518559, 0.0, 2.0850921720545017, 6.283185307179586
15.58048101731872, 0.0, 2.266764627304301, 6.283185307179586
15.72521296786534, 0.0, 2.4961261020571732, 6.283185307179586
15.881294055788398, 0.0, 2.6752604862409832, 6.283185307179586
16.043839605693822, 0.0, 2.737109270638525, 6.283185307179586
16.207415840260747, 0.0, 2.7262890729361473, 6.283185307179586
16.372805575313915, 0.0, 2.7725086828746996, 6.283185307179586
16.538531572672184, 0.0, 2.753673523911301, 6.283185307179586
16.70455343556344, -0.00029325194804618487, 2.751135452845311, 6.26179984304908
16.866899668065663, -0.010601862705233236, 2.717873363612076, 6.11199948800462
17.025127229728763, -0.047921008673004827, 2.686882180069463, 5.93067966175148
17.170397420959066, -0.11130656673386613, 2.6326476088698905, 5.75391317398808
17.302442737850384, -0.19329817983582165, 2.5716003205984506, 5.714432827358436
17.42943978786145, -0.2744759520867514, 2.4961261020571732, 5.714432827358436
17.55436317381128, -0.3543282177304518, 2.4444296019235905, 5.714432827358436
17.67947731429328, -0.4343024155605087, 2.3967405824205184, 5.714432827358436
17.79669158944193, -0.5092269412226895, 2.35065455516965, 5.714432827358436
17.913288184239978, -0.5837566394867437, 2.2996259684744857, 5.714432827358436
18.027734481761083, -0.6569118464330562, 2.254875768100454, 5.714432827358436
18.14007496548611, -0.7288635699714969, 2.203713598717606, 5.705123706033225
18.249032903067047, -0.8025391052330478, 2.1461394603259416, 5.62525628300397
18.344722741586303, -0.8838920085139457, 2.1346513491851455, 5.485243809604296
18.43279746000477, -0.9836228533890145, 2.219075607801229, 5.336904106851549
18.505146400548373, -1.0952443856920706, 2.213197969543147, 5.188604542483793
18.559293368107074, -1.2140135002015429, 2.1725888324873095, 5.098870409324238
18.608277117130058, -1.3343821452085958, 2.1371894202511355, 5.098870409324238
18.655433705467416, -1.4502608754924018, 2.1028586695164306, 5.098870409324238
18.70317284456922, -1.567571118217832, 2.0880309911835426, 5.098870409324238
18.749475380592198, -1.6813511704319068, 2.03887256211595, 5.098870409324238
18.793876555441052, -1.7947028009593997, 2.0034731498797758, 5.021712328832341
18.825146995095903, -1.9099469714999004, 1.9744857066524177, 4.888603477082265
18.84056412001643, -2.0251560006772134, 1.9521773978092438, 4.759039482668106
18.840662220329815, -2.1485789149016807, 2.0868287469943896, 4.621454065634952
18.82605819893115, -2.275248624794855, 2.1139460325941757, 4.597220394303072
18.811413729531857, -2.401842737390331, 2.1275714667379106, 4.597220394303072
18.796751763111466, -2.5285881029809767, 2.1214266631044616, 4.597220394303072
18.78217682826149, -2.65458112417973, 2.1115415442158696, 4.597220394303072
18.7676840113436, -2.7798642769320905, 2.0983168581351856, 4.597220394303072
18.75338572644575, -2.9034657976787583, 2.063986107400481, 4.597220394303072
18.739287692871006, -3.0253362459055904, 2.03379641998397, 4.597220394303072
18.725300844561765, -3.1462455531285363, 2.006946299759551, 4.597220394303072
18.71165897600509, -3.264172682954032, 1.9714133048356932, 4.597220394303072
18.697648113004465, -3.3852895851714826, 2.0900347314987977, 4.597220394303072
18.682999507077113, -3.5119194559828792, 2.1099385519636655, 4.597220394303072
18.668811228613013, -3.6345700261364917, 2.007347047822602, 4.597220394303072
18.654556150823076, -3.757798043048066, 2.0949772909430937, 4.597220394303072
18.63989935011116, -3.8844987536728617, 2.1846112743788404, 4.597220394303072
18.624810095615665, -4.0149378109374885, 2.18567993588031, 4.597220394303072
18.609860672475154, -4.144168096083812, 2.184076943628106, 4.597220394303072
18.59448971661698, -4.2770423207179675, 2.2209457654288003, 4.597220394303072
18.579118871114225, -4.409915591384747, 2.231899545818862, 4.597220394303072
18.563911992320463, -4.541371451870637, 2.198503873897943, 4.597220394303072
18.548253519875058, -4.67673111358173, 2.306572268234037, 4.597220394303072
18.532210763062295, -4.8198149848669045, 2.4569863745658562, 4.623939226370309
18.52305951374573, -4.9610349780092555, 2.3413037670317927, 4.716659281728374
18.52854536794627, -5.108874051111654, 2.445899011488111, 4.780992872344781
18.538323214938163, -5.251176508085898, 2.3913972749131713, 4.780992872344781
18.548174629127235, -5.394549629483485, 2.3865882981565587, 4.780992872344781
18.557823594174682, -5.534976395687597, 2.3414373497194765, 4.780992872344781
18.567445969254756, -5.675016183276583, 2.3075073470478227, 4.780992872344781
18.576789921911068, -5.811003934153296, 2.265562383115148, 4.780992872344781
18.583115111890784, -5.9447302943849465, 2.2254875768100453, 4.697630124038829
18.576691040432866, -6.075299973163486, 2.1620358001602993, 4.630074975543922
18.56596002551828, -6.205372220797589, 2.25327277584825, 4.630074975543922
18.554690987407664, -6.341965928605193, 2.279321399946567, 4.630074975543922
18.54358929694719, -6.476531190346562, 2.201843441090035, 4.630074975543922
18.53270433204465, -6.608469488966176, 2.2535399412236172, 4.630074975543922
18.521562619149673, -6.7435198686626485, 2.2802564787603528, 4.630074975543922
18.50982662228779, -6.885773653808101, 2.392733101790008, 4.630074975543922
18.49774081929786, -7.0322674917047125, 2.4617953513224684, 4.630074975543922
18.485273375988765, -7.183387249376517, 2.572134651349185, 4.630074975543922
18.472308350263223, -7.340538278442984, 2.6152818594710125, 4.630074975543922
18.45939664782938, -7.497042967861466, 2.5976489446967674, 4.630074975543922
18.44666488641373, -7.65136656510332, 2.612209457654288, 4.630074975543922
18.433495635483528, -7.810993038627291, 2.71693828479829, 4.630074975543922
18.42033304637452, -7.97053876321346, 2.6069997328346246, 4.630074975543922
18.40769801705349, -8.123689856170701, 2.5782794549826344, 4.630074975543922
18.3950392475219, -8.277128707794924, 2.523109804969276, 4.630074975543922
18.38275823591284, -8.425988698758115, 2.49599251936949, 4.630074975543922
18.37050309265515, -8.574535135539156, 2.4573871226289072, 4.630074975543922
18.35850668285412, -8.719945425132437, 2.4143734971947635, 4.630074975543922
18.346728886074924, -8.862705873369752, 2.3729628640128237, 4.630074975543922
18.335213179861967, -9.00228948238862, 2.3181939620625167, 4.630074975543922
18.323937601597148, -9.138962464390099, 2.2802564787603528, 4.630074975543922
18.312865326626156, -9.273171176554103, 2.223617419182474, 4.630074975543922
18.301942609104817, -9.405567080350881, 2.2650280523644137, 4.630074975543922
18.290537508746997, -9.543810019144862, 2.291744589901149, 4.630074975543922
18.279741211638772, -9.674673562078121, 2.1124766230296554, 4.630074975543922
18.26906447012027, -9.804087953705945, 2.194362810579749, 4.630074975543922
18.258417035470327, -9.933147112366992, 2.1232968207320333, 4.630074975543922
18.24801040195353, -10.05928748423378, 2.1130109537803903, 4.630074975543922
18.237776797435963, -10.18333054554651, 2.0687950841570935, 4.630074975543922
18.227537525301788, -10.3074423048936, 2.027651616350521, 4.630074975543922
18.21777946225556, -10.425721256426257, 1.9937216136788671, 4.630074975543922
18.208010502048275, -10.544132294088929, 1.9629975955116217, 4.630074975543922
18.198382035863467, -10.660840382549793, 1.9377504675394068, 4.630074975543922
18.188234289801333, -10.783842740595878, 2.1041944963932675, 4.630074975543922
18.17744277640361, -10.914648299453836, 2.20384718140529, 4.630074975543922
18.16646740460473, -11.047682433677199, 2.2563451776649748, 4.630074975543922
18.155309418594058, -11.18293006225942, 2.2547421854127707, 4.630074975543922
18.14415883234755, -11.31808799718592, 2.261554902484638, 4.630074975543922
18.13304891841484, -11.452752936872491, 2.240582420518301, 4.630074975543922
18.122015636645262, -11.586489006570673, 2.232701041944964, 4.630074975543922
18.111087450523886, -11.718951196091888, 2.208388992786535, 4.636135137244524
18.102664184200616, -11.850052945553498, 2.1780657226823403, 4.683297485665095
18.09891130465252, -11.979019188723665, 2.1453379641998396, 4.683297485665095
18.09522800527714, -12.105594336373947, 2.0915041410633184, 4.683297485665095
18.091532740774387, -12.232580660963556, 2.1477424525781457, 4.683297485665095
18.087818987050404, -12.360202360435423, 2.1220945765428803, 4.683297485665095
18.084184455997356, -12.485101603693916, 2.0476890195030726, 4.683297485665095
18.08067069018116, -12.60585079665018, 2.002938819129041, 4.683297485665095
18.076974613499626, -12.732865031447115, 2.1590969810312584, 4.683297485665095
18.07319673980966, -12.862690188562421, 2.1544215869623295, 4.683297485665095
18.069515564620374, -12.989192339385268, 2.1350520972481966, 4.683297485665095
18.065779672472463, -13.117574817168228, 2.1346513491851455, 4.683297485665095
18.062065265853406, -13.245218953124946, 2.1150146940956454, 4.683297485665095
18.058390156677397, -13.37151264776552, 2.1071333155223084, 4.683297485665095
18.054572095568616, -13.502718829867312, 2.237376436013893, 4.683297485665095
18.050496529652154, -13.642774064335336, 2.3720277851990383, 4.683297485665095
18.046504303529293, -13.779965359273785, 2.239380176329148, 4.683297485665095
18.042434638415315, -13.919817814963897, 2.355997862676997, 4.683297485665095
18.038382724178977, -14.059060268661476, 2.3075073470478227, 4.683297485665095
18.03435677853671, -14.197410321743739, 2.311915575741384, 4.683297485665095
18.03035258164537, -14.335012987475867, 2.277718407694363, 4.683297485665095
18.026426755658854, -14.469922467604974, 2.247395137590168, 4.683297485665095
18.022493250982212, -14.605095822927852, 2.29615281859471, 4.683297485665095
18.018444549549113, -14.744227869894079, 2.294015495591771, 4.683297485665095
18.014460340487027, -14.881143661663282, 2.27144002137323, 4.6780191546044865
18.007922985248385, -15.014989043367992, 2.2069195832220143, 4.62839559682058
17.99690383460578, -15.145871084556763, 2.1954314720812182, 4.62839559682058
17.98589890612804, -15.276584199298515, 2.1792679668714934, 4.62839559682058
17.97499331125322, -15.406117460426266, 2.1513491851456052, 4.62839559682058
17.964248404394592, -15.533742119318122, 2.1168848517232166, 4.62839559682058
17.953258459966236, -15.664277258185619, 2.2205450173657493, 4.62839559682058
17.94204290818283, -15.797492090987252, 2.208656158161902, 4.62839559682058
17.93093404385328, -15.929439723422684, 2.1965001335826875, 4.62839559682058
17.919957561361368, -16.059814965599678, 2.1661768634784933, 4.62839559682058
17.908599107742035, -16.19472714192465, 2.279321399946567, 4.62839559682058
17.897193838659437, -16.330195377749074, 2.259016831418648, 4.62839559682058
17.88577554373698, -16.465818330444588, 2.262623563986107, 4.62839559682058
17.873820956039175, -16.60781120178345, 2.4141063318193963, 4.62839559682058
17.86157712450423, -16.75323962138133, 2.424125033395672, 4.62839559682058
17.849557555394398, -16.896004321704233, 2.42332353726957, 4.62839559682058
17.837226273357107, -17.04247145114655, 2.451375901683142, 4.62839559682058
17.824928202754595, -17.188544105504974, 2.4483034998664173, 4.62839559682058
17.81238701618288, -17.3375044156662, 2.513892599519102, 4.62839559682058
17.799836287797238, -17.48657806052294, 2.471947635586428, 4.62839559682058
17.787655208468955, -17.631261128944153, 2.3975420785466204, 4.62839559682058
17.775752822291345, -17.772633966875965, 2.3582687683676196, 4.63181909862723
17.76617810407822, -17.914044643996412, 2.3299492385786804, 4.684172496354441
17.76228034765503, -18.05214554765847, 2.3104461661768636, 4.684172496354441
17.75825654063856, -18.194712533586557, 2.4094309377504675, 4.684172496354441
17.7540991597485, -18.34201215815221, 2.4540475554368153, 4.684172496354441
17.749981228572345, -18.487914045007255, 2.440154955917713, 4.684172496354441
17.745877246851073, -18.633321690530703, 2.4043547956184876, 4.684172496354441
17.741798801962904, -18.77782454382355, 2.442292278920652, 4.684172496354441
17.73750500356382, -18.929957559506, 2.510686615014694, 4.684172496354441
17.733337607478916, -19.07761203114486, 2.4134384183809776, 4.684172496354441
17.729340948557976, -19.21921713641163, 2.3885920384718142, 4.684172496354441
17.72529459021175, -19.362583135587258, 2.3567993588030993, 4.670824655762792
17.71572332944241, -19.50192003406301, 2.3272775848250067, 4.614927850851415
17.702248737739865, -19.639738066249965, 2.287202778519904, 4.614927850851415
17.688576221428306, -19.779580469990265, 2.3777718407694364, 4.614927850851415
17.674412260408545, -19.924449366859843, 2.4613946032594174, 4.614927850851415
17.660730750314173, -20.064383758949518, 2.295351322468608, 4.614927850851415
17.64691191531013, -20.205722709280256, 2.3837830617152016, 4.614927850851415
17.63320246097698, -20.34594291485384, 2.3409030189687416, 4.614927850851415
17.61953536268677, -20.485729903108695, 2.3274111675126905, 4.614927850851415
17.606111386564617, -20.62303023948397, 2.2944162436548226, 4.614927850851415
17.592706296203655, -20.7601374124224, 2.294549826342506, 4.614927850851415
17.57883431907322, -20.90201990006005, 2.3580016029922524, 4.614927850851415
17.566124938789006, -21.04209594166011, 2.328746994389527, 4.658387354544587
17.560384320762903, -21.17690983494679, 2.266898209991985, 4.679099914303853
17.55569177862556, -21.317821227064986, 2.397274913171253, 4.679099914303853
17.550743474555617, -21.466412842166715, 2.524312049158429, 4.679099914303853
17.5455115481105, -21.623521295807564, 2.6123430403419716, 4.679099914303853
17.54021196740885, -21.78266132533876, 2.672855997862677, 4.679099914303853
17.53491165730299, -21.94182325800049, 2.6516163505209724, 4.679099914303853
17.52954137136737, -22.10308648060213, 2.702110606465402, 4.679099914303853
17.524127434278988, -22.26566049477971, 2.686882180069463, 4.679099914303853
17.518828161455303, -22.424791279106184, 2.673256745925728, 4.679099914303853
17.51355262478529, -22.583209295308297, 2.6321132781191556, 4.679099914303853
17.50833422202492, -22.73991164897425, 2.6037937483302165, 4.679099914303853
17.503195696249808, -22.89421539291824, 2.5822869356131446, 4.679099914303853
17.49790742516391, -23.053015808301335, 2.6643067058509216, 4.679099914303853
17.49254495878419, -23.214044219051285, 2.6363879241250334, 4.679099914303853
17.48738856227851, -23.368884599523717, 2.6322468608068395, 4.679099914303853
17.48210175459161, -23.527641070796445, 2.6399946566924926, 4.679099914303853
17.476846548560403, -23.685448582386666, 2.6676462730430135, 4.679099914303853
17.471494526142934, -23.846163373521346, 2.6442693026983703, 4.679099914303853
17.466312453687035, -24.001774771873567, 2.5642532727758485, 4.679099914303853
17.46123363539885, -24.154285571853116, 2.5455516965001337, 4.679099914303853
17.456182673123152, -24.30595988930726, 2.52725086828747, 4.679099914303853
17.451175575731217, -24.456316997100714, 2.497862676997061, 4.679099914303853
17.446214993142583, -24.605277321339408, 2.470344643334224, 4.679099914303853
17.44116916238399, -24.75679754551157, 2.570932407160032, 4.679099914303853
17.43602681086657, -24.911216171892214, 2.553299492385787, 4.679099914303853
17.43092478809421, -25.06442377460107, 2.541544215869623, 4.679099914303853
17.42592757967582, -25.21448392842198, 2.507347047822602, 4.679099914303853
17.42060919696426, -25.374188559679453, 2.6631044616617685, 4.679099914303853
17.41521582504595, -25.536145026553385, 2.7308308843173923, 4.679099914303853
17.40988854195389, -25.696116925524123, 2.6305102858669516, 4.679099914303853
17.40448680745468, -25.858324510636642, 2.707988244723484, 4.679099914303853
17.39914537243837, -26.018721374858462, 2.6791343841838096, 4.679099914303853
17.39381375797353, -26.178823339740084, 2.660432807908095, 4.679099914303853
17.388512036508327, -26.338027653824067, 2.6806037937483302, 4.679099914303853
17.383035623126716, -26.502477755886503, 2.717873363612076, 4.679099914303853
17.377764674660288, -26.66075799385771, 2.6337162703713597, 4.679099914303853
17.372590080620114, -26.816144824387326, 2.584557841303767, 4.679099914303853
17.36747572513341, -26.96972276366336, 2.539139727491317, 4.679099914303853
17.36242758619158, -27.121312299799662, 2.5281859471012558, 4.679099914303853
17.357379522992602, -27.2728995614693, 2.513892599519102, 4.679099914303853
17.352374749279527, -27.42318689198348, 2.488912636922255, 4.679099914303853
17.347456608359586, -27.57087274399691, 2.476489446967673, 4.679099914303853
17.34259061885728, -27.716992551711865, 2.4066257013091104, 4.679099914303853
17.337806790628196, -27.860645155286846, 2.3812449906492117, 4.679099914303853
17.332921818733126, -28.007334981408018, 2.448837830617152, 4.679099914303853
17.32832109443997, -28.145489194183636, 2.271573604060914, 4.679099914303853
17.32377667000228, -28.281952790065954, 2.2592839967940157, 4.679099914303853
17.319315779825647, -28.415907952636434, 2.229495057440556, 4.679099914303853
17.31475537369645, -28.55285145947811, 2.323804434945231, 4.679099914303853
17.310078572403015, -28.693290173000744, 2.3244723483836496, 4.679099914303853
17.305474166017586, -28.831554954575367, 2.2988244723483837, 4.679099914303853
17.30243717671659, -28.922752087755306, 2.279722148009618, 4.679099914303853
17.296423177036488, -29.103345259285682, 2.246593641464066, 4.680431672084401
17.2950302511184, -29.23828850859212, 2.232166711194229, 4.750307264007836
17.300141765146247, -29.373027308267318, 2.3175260486240985, 4.750307264007836
17.305394849434744, -29.51149788034608, 2.2954849051562918, 4.750307264007836
17.310569413537564, -29.647898671238494, 2.241784664707454, 4.750307264007836
17.313381217561336, -29.722017434685295, 2.231365215068127, 4.750307264007836
17.324453979763543, -30.01389390809137, 2.302431204915843, 4.750307264007836
17.329380637992198, -30.143759934580206, 2.275581084691424, 4.750307264007836
17.33462154293937, -30.28190946091362, 2.274646005877638, 4.750307264007836
17.339967952785507, -30.42284008172686, 2.258616083355597, 4.750307264007836
17.345067981434262, -30.5572761284047, 2.3431739246593644, 4.750307264007836
17.3500932049762, -30.68974032285887, 2.3311514827678335, 4.750307264007836
17.355617203452418, -30.835352155290124, 2.455516965001336, 4.750307264007836
17.361428748021567, -30.98854366278478, 2.5558375634517767, 4.750307264007836
17.367203742669474, -31.140771719433033, 2.522575474218541, 4.750307264007836
17.373069129776113, -31.295382508736036, 2.6020571733903286, 4.750307264007836
17.37895860203953, -31.45062817942576, 2.5975153620090836, 4.750307264007836
17.38483978307852, -31.605655294591443, 2.5919048891263694, 4.750307264007836
17.3906917349603, -31.759911933233603, 2.5538338231365216, 4.750307264007836
17.396455217346418, -31.91183652826038, 2.525113545284531, 4.750307264007836
17.402108220783177, -32.06084891353005, 2.478226021907561, 4.750307264007836
17.407712553273246, -32.20857833940626, 2.4400213732300293, 4.750307264007836
17.413217061381754, -32.353676408452394, 2.400614480363345, 4.750307264007836
17.41889724459141, -32.50340524875964, 2.5336628372962866, 4.750307264007836
17.424835514009192, -32.659937205659475, 2.527117285599786, 4.750307264007836
17.430261211609675, -32.80295784066245, 2.445631846112744, 4.750307264007836
17.43598324170918, -32.9537897591729, 2.5060112209457652, 4.750307264007836
17.44157317278964, -33.10113956589257, 2.4531124766230294, 4.750307264007836
17.447153699980028, -33.2482414873764, 2.440956452043815, 4.750307264007836
17.452681324046956, -33.39394888987511, 2.4301362543414373, 4.750307264007836
17.458398283893775, -33.54464715722897, 2.532861341170184, 4.750307264007836
17.464192720754763, -33.69738770791305, 2.5546353192626237, 4.750307264007836
17.469849493893012, -33.846499461990255, 2.436815388725621, 4.750307264007836
17.475477731294067, -33.99485901799924, 2.4965268501202242, 4.750307264007836
17.481259526471813, -34.14726633566937, 2.449639326743254, 4.750307264007836
17.48664978849892, -34.28935289388094, 2.4370825541009884, 4.750307264007836
17.492172331529968, -34.434926360979766, 2.4107667646273043, 4.750307264007836
17.497571382044196, -34.57724458249095, 2.3624098316858135, 4.750307264007836
17.50289976530551, -34.71770002503251, 2.322201442693027, 4.750307264007836
17.508135306052782, -34.855708151801686, 2.282660967138659, 4.750307264007836
17.513272873514882, -34.99113371638439, 2.239246593641464, 4.750307264007836
17.518504328093304, -35.12363644024249, 2.199171787336361, 4.755047284077747
17.524069723791918, -35.25402182753373, 2.164573871226289, 4.755047284077747
17.529572981873194, -35.3829514625765, 2.139460325941758, 4.755047284077747
17.535156378402245, -35.513758571048996, 2.25327277584825, 4.755047284077747
17.54104894678033, -35.65180891853965, 2.3352925460860274, 4.755047284077747
17.546853315539952, -35.78779293651225, 2.2057173390328613, 4.755047284077747
17.552735154323074, -35.92559191240774, 2.3322201442693027, 4.755047284077747
17.559678524665447, -36.06901145950783, 2.4173123163238044, 4.78926197560417
17.57346776191099, -36.21346938284412, 2.4198503873897943, 4.821025900843429
17.588907391340328, -36.35503122129816, 2.3620090836227625, 4.821025900843429
17.604225731067142, -36.49548098686517, 2.3394336094042214, 4.821025900843429
17.619745988497378, -36.6377820819245, 2.466604328079081, 4.821025900843429
17.63573380231959, -36.78437007666181, 2.4329414907827944, 4.821025900843429
17.65118354997173, -36.926024686398264, 2.3351589633983436, 4.821025900843429
17.666212006578476, -37.0638165910625, 2.3335559711461396, 4.821025900843429
17.681681868470847, -37.20565562289531, 2.4234571199572534, 4.821025900843429
17.69732915226303, -37.34912138873972, 2.3889927865348652, 4.821025900843429
17.712108986979487, -37.48463374569651, 2.215736040609137, 4.821025900843429
17.726649060196543, -37.617947793503376, 2.239780924392199, 4.821025900843429
17.740982610279413, -37.74936828585332, 2.204247929468341, 4.816406722443254
17.753505795723427, -37.87949170835975, 2.1586962329682073, 4.799550502054479
17.764685202750577, -38.00742754508995, 2.1238311514827677, 4.799550502054479
17.775677771975595, -38.13322523169377, 2.096981031258349, 4.799550502054479
17.78733464769366, -38.26662516471608, 2.2547421854127707, 4.799550502054479
17.79900577136059, -38.40018814961184, 2.2160032059845043, 4.799550502054479
17.810985087051648, -38.53727804826823, 2.3764360138925995, 4.799550502054479
17.823318586981514, -38.67842119025307, 2.302831952978894, 4.799550502054479
17.835294424777697, -38.815471288284115, 2.3240716003205986, 4.799550502054479
17.847447235159215, -38.9545466400454, 2.3187282928132515, 4.799550502054479
17.85955960468703, -39.09315919136971, 2.3262089233235375, 4.799550502054479
17.871993300487652, -39.23544896327251, 2.405557039807641, 4.799550502054479
17.884386135511672, -39.37727112918941, 2.29361474752872, 4.799550502054479
17.896104752464662, -39.511377621739534, 2.2938819129040877, 4.799550502054479
17.90804418407023, -39.64801109154987, 2.240983168581352, 4.799550502054479
17.919616285211468, -39.780440874152404, 2.211995725353994, 4.799550502054479
17.93102778247047, -39.911032724563526, 2.152685012022442, 4.799550502054479
17.942545897615357, -40.042844697688565, 2.245925728025648, 4.799550502054479
17.95454670335068, -40.18018052591776, 2.338231365215068, 4.799550502054479
17.966591398671707, -40.31801862147275, 2.235239113010954, 4.799550502054479
17.978475129329016, -40.45401465609493, 2.3299492385786804, 4.799550502054479
17.99058941905514, -40.59264918194594, 2.2877371092706387, 4.799550502054479
18.002480767345475, -40.72873239187646, 2.2757146673791078, 4.799550502054479
18.014360242020977, -40.864679721536696, 2.259551162169383, 4.793271544949545
18.023478851913563, -41.001925377711025, 2.228827144002137, 4.740924277979286
18.025360741620787, -41.13092113029769, 2.199171787336361, 4.7204985312572365
18.026431963687756, -41.2630121179235, 2.174859738177932, 4.7204985312572365
18.02746014548083, -41.389795865845024, 2.1056639059577877, 4.7204985312572365
18.028475663094284, -41.51501801039321, 2.060245792145338, 4.7204985312572365
18.029459851784694, -41.636377026544515, 2.019503072401817, 4.7204985312572365
18.030428344389065, -41.75580057891948, 1.977691691156826, 4.7204985312572365
18.031380951485822, -41.87326531019267, 1.9441624365482233, 4.7204985312572365
18.032320779561402, -41.98915427713046, 1.9229227892065188, 4.7204985312572365
18.033251302221892, -42.10389580554227, 1.9072936147475288, 4.7204985312572365
18.034197327994857, -42.220549002413506, 1.978092439219877, 4.7204985312572365
18.035183648159048, -42.34217084779974, 2.1020571733903286, 4.7204985312572365
18.03626185698176, -42.47512336310956, 2.201843441090035, 4.7204985312572365
18.037355500653156, -42.60997912936024, 2.265562383115148, 4.7204985312572365
18.03843909756495, -42.743596042866265, 2.1899545818861874, 4.7204985312572365
18.039553890073183, -42.8810596444399, 2.3451776649746194, 4.7204985312572365
18.040730774179536, -43.02617967951317, 2.424926529521774, 4.7204985312572365
18.041855290742067, -43.16484234146431, 2.311915575741384, 4.7204985312572365
18.043005007967288, -43.30661246406808, 2.3610740048089767, 4.7204985312572365
18.044136122202115, -43.44608867633351, 2.331685813518568, 4.7204985312572365
18.045295371738717, -43.58903421574708, 2.299492385786802, 4.7204985312572365
18.046374277778227, -43.72207270394556, 2.272775848250067, 4.7204985312572365
18.047467558311357, -43.85688369209295, 2.2316323804434943, 4.7204985312572365
18.04854252160846, -43.98943600589855, 2.19730162970879, 4.7204985312572365
18.049604062718664, -44.12033324744713, 2.170451509484371, 4.7204985312572365
18.05065235640426, -44.249596966448436, 2.1516163505209724, 4.7204985312572365
18.051741337475615, -44.38387779360555, 2.302030456852792, 4.7204985312572365
18.05291056905766, -44.528054205946034, 2.4304034197168045, 4.7204985312572365
18.05413788901321, -44.67939341941141, 2.518434410900347, 4.7204985312572365
18.055338227825615, -44.82740562351524, 2.483168581351857, 4.7204985312572365
18.056586745200903, -44.981358662997316, 2.513892599519102, 4.7204985312572365
18.057779747047746, -45.12846615550348, 2.510686615014694, 4.7204985312572365
18.058992014613008, -45.27794927847133, 2.488511888859204, 4.7204985312572365
18.05981899971719, -45.426652939475005, 2.456719209190489, 4.711238438648609
18.059133566136538, -45.572400985187144, 2.4247929468340903, 4.700578530350555
18.056697159126468, -45.71548676414816, 2.3808442425861607, 4.676166385909873
18.04776557071422, -45.856937377661374, 2.3434410900347316, 4.5672810206117695
18.018763099550313, -46.00038344446492, 2.474886454715469, 4.404093594089872
17.9664751366844, -46.13803503370975, 2.4511087363077744, 4.239900080754007
17.895677105585154, -46.26027035118867, 2.2964199839700776, 4.082394332728461
17.802547792301336, -46.37434621211536, 2.3864547154688753, 3.918194049134253
17.701636237323775, -46.46400998133658, 2.3256745925728026, 3.767694079544526
17.585124282216288, -46.539435397798655, 2.2930804167779857, 3.6129419407031493
17.458159972437503, -46.59608662288859, 2.3677531391931605, 3.4579315646146935
17.318876446322268, -46.633562621760404, 2.4038204648677532, 3.2970944978802152
17.176268255738176, -46.64819111887401, 2.3974084958589366, 9.420434132228282
17.03441873756584, -46.6400762986814, 2.3398343574672724, 9.262009462191731
16.896571620076895, -46.60994482112574, 2.440689286668448, 9.153925419212404
16.756808697770676, -46.5711359846933, 2.4334758215335293, 9.153925419212404
16.617462898063188, -46.53244297327682, 2.3907293614747527, 9.153925419212404
16.47777319513038, -46.49365446812137, 2.3757681004541813, 9.153925419212404
16.343673316295135, -46.456418124050636, 2.3558642799893135, 9.153925419212404
16.20770313751811, -46.41866244220903, 2.3417045150948437, 9.153925419212404
16.072596941712757, -46.38114666787133, 2.3346246326476088, 9.153925419212404
15.938208201615009, -46.3438301139044, 2.3262089233235375, 9.153925419212404
15.803924408595911, -46.30654270124293, 2.322201442693027, 9.153925419212404
15.670111571268844, -46.269386061765914, 2.320197702377772, 9.153925419212404
15.538078476658166, -46.231102660679426, 2.239780924392199, 9.085290529529816
15.41523651239561, -46.18206899880066, 2.2802564787603528, 8.99403249744473
15.28571967394031, -46.12255295606366, 2.4206518835158963, 8.99403249744473
15.15329281872447, -46.0616996919742, 2.3634784931872828, 8.99403249744473
15.02792468458004, -46.00409007674125, 2.3462463264760887, 8.99403249744473
14.900113911614413, -45.94535801134501, 2.3043013625434146, 8.99403249744473
14.77465998429703, -45.88770897212512, 2.2918781725888326, 8.99403249744473
14.651128127645762, -45.83094316972039, 2.253139193160566, 8.99403249744473
14.5307549395818, -45.77562885004854, 2.2011755276516163, 8.99403249744473
14.40864277521493, -45.719515429740845, 2.3043013625434146, 8.99403249744473
14.280083723149252, -45.66043951244527, 2.3801763291477425, 8.99403249744473
14.144862189130977, -45.59830202751607, 2.489179802297622, 8.99403249744473
14.000492727348758, -45.53196085396809, 2.682340368688218, 8.99403249744473
13.855360019562074, -45.465268950875114, 2.6303767031792677, 8.99403249744473
13.709661028853432, -45.39831682742017, 2.709190488912637, 8.99403249744473
13.562161166419559, -45.330537160922624, 2.691023243387657, 8.99403249744473
13.414795432129399, -45.262819129471374, 2.694629975955116, 8.99403249744473
13.268052876787277, -45.19554965589656, 2.6741918247395136, 9.004248042280413
13.122146247319753, -45.13267430683017, 2.6450707988244724, 9.032209569660859
12.977322046353171, -45.072708331977374, 2.5997862676997063, 9.032209569660859
12.834283544390374, -45.01348174447034, 2.556104728827144, 9.032209569660859
12.69419303384586, -44.95547580363752, 2.512022441891531, 9.032209569660859
12.555263278628845, -44.8979504856862, 2.523376970344643, 9.032209569660859
12.412758808878838, -44.83894501980132, 2.5840235105530325, 9.032209569660859
12.270095971020316, -44.77987397994504, 2.573470478226022, 9.032209569660859
12.127997412648533, -44.72103658591096, 2.5364680737376437, 9.032209569660859
11.989238989771753, -44.66358220990676, 2.49492385786802, 9.032209569660859
11.84972605325976, -44.605815419641864, 2.516163505209725, 9.032209569660859
11.710613940234857, -44.548214594533256, 2.516564253272776, 9.032209569660859
11.572825409781206, -44.49116181262912, 2.483034998664173, 9.032209569660859
11.43563255337422, -44.434355675793036, 2.4515094843708254, 9.032209569660859
11.301984415163863, -44.37901726659377, 2.410900347314988, 9.032209569660859
11.170126739652089, -44.32442021719792, 2.3660165642532727, 9.032209569660859
11.039965061478831, -44.27052541323531, 2.329548490515629, 9.032209569660859
10.905377543203885, -44.214798043897105, 2.458722949505744, 9.032209569660859
10.777456938864875, -44.16183117999073, 2.263157894736842, 9.032209569660859
10.649605571841548, -44.108892984518924, 2.2972214800961797, 9.032209569660859
10.524755541107101, -44.05719752372284, 2.256745925728026, 9.032209569660859
10.399689945718652, -44.00541280612758, 2.292011755276516, 9.032209569660859
10.268671558734928, -43.9511632729233, 2.3897942826609673, 9.032209569660859
10.1371299692821, -43.896697102265506, 2.306973016297088, 9.032209569660859
10.009042993447379, -43.84366135050156, 2.341170184344109, 9.032209569660859
9.879261243863919, -43.789923859944516, 2.3247395137590168, 9.032209569660859
9.749798727914326, -43.736318551411834, 2.316323804434945, 9.032209569660859
9.623092110952806, -43.6838543516739, 2.2946834090301897, 9.032209569660859
9.495175723397596, -43.630889233770944, 2.314720812182741, 9.032209569660859
9.364862653044007, -43.57693174429295, 2.3710927063852525, 9.032209569660859
9.232485650509886, -43.522119662112836, 2.342773176596313, 9.032209569660859
9.100007328366797, -43.46726562748911, 2.3845845578413036, 9.032209569660859
8.966603225813438, -43.41202826380554, 2.455116216938285, 9.032209569660859
8.828892905480243, -43.355007865619626, 2.485305904354796, 9.032209569660859
8.692699237559815, -43.298615453225025, 2.4424258616083354, 9.032209569660859
8.557591776026452, -43.24267279594357, 2.4230563718942024, 9.032209569660859
8.423495321497274, -43.18714875668441, 2.4205183008282125, 9.032209569660859
8.290891264762774, -43.1322426603383, 2.397675661234304, 9.032209569660859
8.156460062903756, -43.07676757223838, 2.4589901148811113, 9.043588866627239
8.02096115802089, -43.024489785023775, 2.339567192091905, 9.089880059725628
7.89041609487024, -42.97905923534419, 2.3219342773176597, 9.089880059725628
7.7608973864154835, -42.933985863920725, 2.263024312049158, 9.089880059725628
7.632432157258214, -42.88927911029502, 2.3083088431739247, 9.089880059725628
7.4972380311462965, -42.84223065580366, 2.4047555436815387, 9.089880059725628
7.360149096920302, -42.794522795494245, 2.446299759551162, 9.089880059725628
7.217411022092842, -42.74484899670698, 2.587496660432808, 9.089880059725628
7.070217623063937, -42.69362471548409, 2.5892332353726957, 9.089880059725628
6.924133347638014, -42.64278641664713, 2.5826876836761956, 9.089880059725628
6.777264535680471, -42.59167509388252, 2.601923590702645, 9.089880059725628
6.622192839799306, -42.53770911298981, 2.783462463264761, 9.089880059725628
6.459470486171931, -42.481080652349235, 2.9198503873897943, 9.089880059725628
6.295814506506057, -42.424127283641674, 2.8231365215068127, 9.089880059725628
6.133280543249073, -42.36756438410219, 2.9222548757681004, 9.089880059725628
5.967099297675659, -42.30973220607393, 2.8983435746727224, 9.089880059725628
5.79898419769202, -42.251227033857035, 3.023510553032327, 9.089880059725628
5.62694163655963, -42.19026278503377, 3.0695965802831955, 9.04648388702293
5.455471018952637, -42.1177362948154, 3.1086027250868287, 9.013453573477898
5.287262997708541, -42.04426506340549, 3.07013091103393, 9.011988909447137
5.119337154610991, -41.970624120752746, 3.0327277584825008, 9.010525765190645
4.9520741574846925, -41.89698219776667, 3.054768901950307, 9.009067460110167
4.7851032886073375, -41.82317811601427, 3.041277050494256, 9.007610765498454
4.617237374283919, -41.74868533275692, 3.082954849051563, 9.006145315274242
4.449922142703482, -41.67414351861158, 3.024445631846113, 9.00468372123919
4.287867268476203, -41.6016641390922, 2.932006411969009, 9.003267164989868
4.127857186018117, -41.5298282056925, 2.915442158696233, 9.001867598138917
3.969323137736115, -41.458388930951116, 2.8907293614747527, 9.000480071103759
3.81192524881937, -41.38719930736317, 2.8553299492385786, 8.999101626693417
3.658517728687617, -41.31756171824547, 2.8141864814320066, 8.997757296302247
3.506051498580403, -41.24810451996277, 2.7757146673791078, 8.996420399021776
3.3563340733312437, -41.179659136060955, 2.726155490248464, 8.99510680809462
3.209345564398691, -41.11222913005992, 2.6863478493187283, 8.993816388727918
3.0644961702298015, -41.045555062918815, 2.644803633449105, 8.99254399788412
2.9201383969744703, -40.97888476926931, 2.676195565054769, 9.00306438696644
2.772293350073937, -40.91783366757734, 2.6110072134651348, 9.104047146545447
2.6273481644278096, -40.869682779312555, 2.5228426395939088, 9.104047146545447
2.484840470073597, -40.82234162729613, 2.497194763558643, 9.104047146545447
2.3440902539535884, -40.77558431073245, 2.47127972214801, 9.104047146545447
2.204993517085202, -40.72937628108945, 2.433208656158162, 9.104047146545447
2.0675559568874005, -40.68371943105357, 2.3991450707988244, 9.104047146545447
1.931859715853239, -40.63864104841629, 2.3710927063852525, 9.104047146545447
1.7926202444455996, -40.59238560226324, 2.436948971413305, 9.104047146545447
1.6531320502306912, -40.546047530226154, 2.4394870424792945, 9.104047146545447
1.5120793081453237, -40.49918971433308, 2.5443494523109806, 9.100356437798013
1.3623970649319046, -40.44801636674881, 2.687282928132514, 9.0847602587372
1.2103780922755059, -40.394238622165076, 2.640662570130911, 9.0847602587372
1.0589822664618789, -40.34068132001141, 2.730964467005076, 9.0847602587372
0.903980607127621, -40.28584842974729, 2.715068127170719, 9.0847602587372
0.7507633052071221, -40.23164676804344, 2.720277851990382, 9.0847602587372
0.5974155887091346, -40.177398971296604, 2.691824739513759, 9.0847602587372
0.4457236086870081, -40.123736902579246, 2.6681806037937483, 9.0847602587372
0.29336801919233746, -40.06984007750158, 2.693561314453647, 9.0847602587372
0.14172579668720658, -40.01619561084398, 2.6760619823670853, 9.0847602587372
-0.00542590593394434, -39.96413969610953, 2.581619022174726, 9.0847602587372
-0.15858965255956983, -39.90995697995516, 2.736842105263158, 9.0847602587372
-0.31101188536733204, -39.85584836618324, 2.6297087897408495, 9.068840392331985
-0.4582273624465596, -39.79817322124178, 2.6759283996794014, 9.020552658527121
-0.6051661428475724, -39.735315345055824, 2.6293080416777985, 9.020552658527121
-0.7493905817819887, -39.67361861733842, 2.6211594977290944, 9.020552658527121
-0.8927241811478118, -39.61230297542526, 2.584958589366818, 9.020552658527121
-1.0336939206684528, -39.55199855198733, 2.5414106331819397, 9.020552658527121
-1.1730846837151891, -39.492369587454306, 2.4939887790542348, 9.020552658527121
-1.3089489261120755, -39.434249207637784, 2.4483034998664173, 9.020552658527121
-1.4421372813382594, -39.3772735262052, 2.3990114881111406, 9.020552658527121
-1.5735300472000762, -39.32106596693642, 2.3787069195832222, 9.020552658527121
-1.707475896196676, -39.26376624273241, 2.444830349986642, 9.020552658527121
-1.8396369198257427, -39.2080186360464, 2.3664173123163237, 9.033505347026276
-1.9689023958274652, -39.154691025224295, 2.3165909698103127, 9.033505347026276
-2.0960460104735104, -39.10223877416641, 2.2778519903820467, 9.033505347026276
-2.228890222828547, -39.04743477950706, 2.439754207854662, 9.033505347026276
-2.368525207261375, -38.989829297074266, 2.582554100988512, 9.033505347026276
-2.5054027460036496, -38.933361380488115, 2.4568527918781724, 9.033505347026276
-2.6456005635775286, -38.875523704993164, 2.526048624098317, 9.033505347026276
-2.783497695880448, -38.81863516187717, 2.4989313384985308, 9.03607874869548
-2.9225419870479645, -38.763479538482144, 2.465802831952979, 9.084897750960373
-3.062077637654087, -38.71485038040124, 2.490114881111408, 9.091690009357677
-3.201515198087967, -38.666607944510965, 2.4130376703179266, 9.091690009357677
-3.3361276992333337, -38.6200348767068, 2.3653486508148545, 9.091690009357677
-3.4683534092618014, -38.57428758796159, 2.3272775848250067, 9.091690009357677
-3.5990520357634304, -38.52906863769932, 2.290408763024312, 9.091690009357677
-3.7273763978443095, -38.48467113252507, 2.249666043280791, 9.091690009357677
-3.853094074050907, -38.44117548532787, 2.208255410098851, 9.091690009357677
-3.977783900052155, -38.39803545248221, 2.179000801496126, 9.080251980839758
-4.097653528027034, -38.35269398188793, 2.1244990649211863, 9.04572652519942
-4.21516352521616, -38.30588819320325, 2.093641464066257, 9.04572652519942
-4.330826896313709, -38.25981794015545, 2.0856265028052365, 9.04572652519942
-4.452375493532247, -38.211403523574596, 2.2013091103393, 9.04572652519942
-4.574139127226439, -38.16290345511663, 2.1164841036601656, 9.04572652519942
-4.6939310508955545, -38.11518874488338, 2.186882180069463, 9.04572652519942
-4.814056871885656, -38.06734103892363, 2.1335826876836763, 9.04572652519942
-4.936915143908338, -38.018404961517355, 2.264092973550628, 9.04572652519942
-5.06670006993455, -37.966709906055286, 2.3606732567459257, 9.04572652519942
-5.199694571540803, -37.91373643411836, 2.3889927865348652, 9.04572652519942
-5.3333177004679815, -37.86051257159129, 2.3975420785466204, 9.04572652519942
-5.46626869047851, -37.807556430899396, 2.3437082554100988, 9.04572652519942
-5.5987092729601, -37.75480359228829, 2.3797755810846914, 9.04572652519942
-5.735351205157711, -37.700377300424684, 2.510820197702378, 9.04572652519942
-5.88034865427614, -37.64262289547536, 2.6277050494255945, 9.04572652519942
-6.026675668794425, -37.584338907012835, 2.6036601656425327, 9.04572652519942
-6.173279938927119, -37.52594448396594, 2.664173123163238, 9.04572652519942
-6.321369646899759, -37.4669583913479, 2.6438685546353193, 9.04572652519942
-6.469428957177027, -37.407984406534645, 2.6513491851456052, 9.04572652519942
-6.616569944374909, -37.3493762019701, 2.6255677264226556, 9.04572652519942
-6.761535019753256, -37.291634691910346, 2.5929735506278386, 9.04572652519942
-6.905399815303327, -37.234331437883, 2.5633181939620626, 9.04572652519942
-7.046885138137873, -37.17797595936214, 2.528453112476623, 9.04572652519942
-7.186221892233525, -37.122476284234814, 2.49599251936949, 9.04572652519942
-7.328971076202989, -37.06561739307995, 2.574271974352124, 9.04572652519942
-7.469470698180795, -37.00945866293499, 2.467940154955918, 9.037361660183334
-7.602787847049181, -36.9545871933918, 2.415842906759284, 9.032806722003187
-7.741106393385945, -36.89741168717823, 2.492519369489714, 9.032806722003187
-7.876473201582571, -36.84145631468382, 2.4036868821800694, 9.032806722003187
-8.007125973914421, -36.78744954123138, 2.3756345177664975, 9.032806722003187
-8.137138305466769, -36.73370750108288, 2.3376970344643335, 9.032806722003187
-8.266215300371584, -36.68035209271819, 2.310980496927598, 9.032806722003187
-8.393716208545461, -36.626624043668436, 2.2774512423189957, 8.99868568041752
-8.515704730032136, -36.56948228060323, 2.242051830082821, 8.980738021774167
-8.638602294271424, -36.511016801607866, 2.203312850654555, 8.980738021774167
-8.757108500325412, -36.45464040274467, 2.27397809243922, 8.980738021774167
-8.879085809683632, -36.39661271226654, 2.253673523911301, 8.980738021774167
-8.998504460350691, -36.33980224042809, 2.197168047021106, 8.980738021774167
-9.116976663380635, -36.283442017663255, 2.1692492652952176, 8.980738021774167
-9.233063495024355, -36.22821657638527, 2.1327811915575743, 8.980738021774167
-9.348095245048281, -36.173493064113465, 2.1226289072936146, 8.980738021774167
-9.464148101290876, -36.118283785792926, 2.1096713865882983, 8.980738021774167
-9.583471477442659, -36.061518638450586, 2.277584825006679, 8.980738021774167
-9.709705636327895, -36.00146585701033, 2.3628105797488645, 8.980738021774167
-9.837570601628487, -35.94063725972041, 2.3693561314453646, 8.980738021774167
-9.96759409233489, -35.87878179731273, 2.43895271172856, 8.980738021774167
-10.106963512739693, -35.81248023981882, 2.6423991450707986, 8.980738021774167
-10.251692254822558, -35.743629117482534, 2.6269035532994924, 8.980738021774167
-10.394792249802503, -35.675552831328915, 2.6912904087630243, 8.980738021774167
-10.540986961782728, -35.606004310042756, 2.679802297622228, 8.980738021774167
-10.685605768216618, -35.53720548687461, 2.679401549559177, 8.980738021774167
-10.83005660655215, -35.46848657037823, 2.6488111140796153, 8.980738021774167
-10.972539098119828, -35.40070404621252, 2.6162169382847984, 8.980738021774167
-11.112946931620575, -35.33390848935072, 2.5733368955383384, 8.984506008270632
-11.252831152270236, -35.27196378987793, 2.5323270104194497, 9.063124188586578
-11.392774285196491, -35.219024407326785, 2.483435746727224, 9.063124188586578
-11.530718940073735, -35.166841033246676, 2.440689286668448, 9.063124188586578
-11.668684972546016, -35.11464957219111, 2.4453646807373763, 9.063124188586578
-11.801778388911853, -35.06430138334684, 2.3430403419716805, 9.063124188586578
-11.931610954420867, -35.01518674864232, 2.3141864814320066, 9.063124188586578
-12.059366502795282, -34.966857833124976, 2.2679668714934547, 9.063124188586578
-12.18535352271373, -34.91919793796273, 2.2172054501736573, 9.058009742272432
-12.307672578435485, -34.8706866948995, 2.1783328880577075, 9.005928289708528
-12.425709023041401, -34.81813763481926, 2.1432006411969007, 9.005928289708528
-12.54257279234581, -34.766110642182504, 2.116751269035533, 9.005928289708528
-12.657382369242834, -34.71499816269118, 2.1009885118888594, 9.005928289708528
-12.772365024401855, -34.66380862987943, 2.089099652685012, 9.005928289708528
-12.886522617277466, -34.61298640944858, 2.0862944162436547, 9.005928289708528
-13.00085312240781, -34.562087209602666, 2.0785466203580016, 9.005928289708528
-13.114389104273224, -34.51154172636456, 2.0741383916644405, 9.005928289708528
-13.227179167993194, -34.4613283210501, 2.0740048089767567, 9.005928289708528
-13.340925634763307, -34.40885354364698, 2.0832220144269304, 8.952437405849349
-13.452475731175594, -34.34838682517331, 2.1075340635853594, 8.904346951265047
-13.562258587685657, -34.28546650701083, 2.135720010686615, 8.904346951265047
-13.6736312319519, -34.22163502699112, 2.1680470211060645, 8.904346951265047
-13.787811123210307, -34.15619461749442, 2.1962329682073203, 8.904346951265047
-13.903324392222197, -34.08999000350216, 2.217739780924392, 8.904346951265047
-14.018537234752559, -34.023957574224376, 2.2073203312850653, 8.904346951265047
-14.13694864236105, -33.95609193766108, 2.275848250066791, 8.904346951265047
-14.256815895481694, -33.887391906131825, 2.307240181672455, 8.904346951265047
-14.375551270496098, -33.81934059274335, 2.280122896072669, 8.904346951265047
-14.492373880550119, -33.75238555051873, 2.239380176329148, 8.908140196848596
-14.611215751222016, -33.68948390864642, 2.243521239647342, 8.991209155200114
-14.733428337203593, -33.63290588927849, 2.223083088431739, 8.991209155200114
-14.853368442368492, -33.577379909376276, 2.2193427731765962, 8.991209155200114
-14.981258438555283, -33.518173546765546, 2.3705583756345177, 8.991209155200114
-15.11644392723013, -33.45558975365555, 2.505610472882714, 8.991209155200114
-15.248678074101607, -33.39437227705356, 2.3764360138925995, 8.991209155200114
-15.38189044404195, -33.33270193446162, 2.463264760886989, 8.991209155200114
-15.5195294398981, -33.268982296170805, 2.5908362276248997, 8.991209155200114
-15.663866222099362, -33.202161933985536, 2.6883515896339834, 8.991209155200114
-15.810394839257102, -33.13432686713935, 2.6814052898744323, 8.991209155200114
-15.955554288574426, -33.06712565321404, 2.6581619022174725, 8.991209155200114
-16.095534039177494, -33.0023223682076, 2.6512156024579214, 8.991209155200114
-16.245800976140117, -32.93275665530212, 2.6516163505209724, 8.991209155200114
-16.387991865447077, -32.86692972901186, 2.6358535933742986, 8.991209155200114
-16.530541422363108, -32.80093675842452, 2.6195565054768903, 8.991209155200114
-16.676496763971528, -32.73336708809926, 2.688618755009351, 8.991209155200114
-16.819836989843147, -32.667008079242436, 2.616751269035533, 8.991209155200114
-16.95982311406569, -32.602201843584375, 2.556104728827144, 8.991209155200114
-17.097396932124905, -32.538512379196085, 2.512289607266898, 9.001872756855175
-17.23720852959875, -32.47972754932489, 2.5065455516965, 9.054196137255905
-17.374756453241833, -32.42622353477996, 2.4684744857066523, 9.053018463909792
-17.51373402923949, -32.37197421722309, 2.4384183809778253, 9.051828001891993
-17.645852409849837, -32.32022490160645, 2.3954047555436815, 9.050695779092207
-17.778290352571123, -32.26817629731455, 2.3503873897942826, 9.049560310267209
-17.951756179567866, -32.19974058434711, 2.282660967138659, 9.048072316174938
-18.056124310337303, -32.15776983904448, 2.244990649211862, 9.025168085910865
-18.161137565172545, -32.11189699882644, 2.207453913972749, 8.982253141407304
-18.271509688629667, -32.05959511405781, 2.1597648944696766, 8.982253141407304
-18.410476273730342, -31.99374321148524, 2.1064654020838898, 8.982253141407304
-18.564746252555405, -31.920639510994214, 2.1262356398610742, 8.982253141407304
-18.687257896183436, -31.86258508867137, 2.000267165375367, 8.982253141407304
-18.797116965570662, -31.810526324121895, 2.0945765428800427, 8.982253141407304
-18.916332906618468, -31.754033631801008, 2.163371627037136, 8.982253141407304
-19.067523670432482, -31.68238907464837, 2.1211594977290944, 8.982253141407304
-19.18017384289976, -31.626832722174584, 2.078813785733369, 8.927037679743153
-19.28939537497122, -31.56546246752181, 2.0908362276248997, 8.905793372525764
-19.3975498773853, -31.503683066752533, 2.074271974352124, 8.905793372525764
-19.50451863255485, -31.442580981791618, 2.051162169382848, 8.905793372525764
-19.620411267812454, -31.37638144871647, 2.2316323804434943, 8.905793372525764
-19.7367112394874, -31.30994923924586, 2.1717873363612075, 8.905793372525764
-19.847851551418394, -31.24646430131771, 2.1960993855196365, 8.905793372525764
-19.96150292706267, -31.181545007833048, 2.1660432807908094, 8.905793372525764
-20.073874425656637, -31.11735679844994, 2.150547689019503, 8.905793372525764
-20.184498743029607, -31.05416660400342, 2.107667646273043, 8.905793372525764
-20.29286758395761, -30.992264770005235, 2.0637189420251136, 8.905793372525764
-20.39941104732642, -30.93209538508096, 2.023510553032327, 8.93674311452358
-20.505944202420157, -30.878980915754177, 1.9755543681538872, 9.01333464130245
-20.613296848717543, -30.83427116005735, 1.9186481432006413, 9.038855462203854
-20.7221962376495, -30.79002573001417, 2.006144803633449, 9.038855462203854
-20.836486705138203, -30.743589924143546, 2.084958589366818, 9.038855462203854
-20.95443122409179, -30.69566949030532, 2.1143467806572267, 9.038855462203854
-21.071709472968724, -30.64801975960285, 2.0650547689019505, 9.038855462203854
-21.184172339663462, -30.602194666908318, 2.068394336094042, 9.0288590885725
-21.298131421125337, -30.553552235401906, 2.0447502003740317, 9.013756311727914
-21.41025348821092, -30.50468423749966, 2.0315255142933477, 9.013756311727914
-21.520555239441855, -30.456609617686834, 2.005877638258082, 9.013756311727914
-21.62907498664477, -30.409311677892195, 1.9596580283195297, 9.013756311727914
-21.73547886335143, -30.36293593260984, 1.9310713331552232, 9.013756311727914
-21.841491028632955, -30.31626813706923, 1.9091637723751003, 8.991119830665513
-21.95194800207861, -30.263155388152125, 2.0836227624899815, 8.96964894800114
-22.06347758028768, -30.20857318497303, 2.022976222281592, 8.96964894800114
-22.172968208828856, -30.154988836953365, 2.063184611274379, 8.96964894800114
-22.283042534999613, -30.10111882926274, 2.0418113812449907, 8.96964894800114
-22.3924982176669, -30.04755158363707, 2.031792679668715, 8.96964894800114
-22.50159240857735, -29.99416125087018, 2.003339567192092, 8.96964894800114
-22.609060673772788, -29.941566640719262, 2.012289607266898, 8.96964894800114
-22.724434967388653, -29.88510284665756, 2.17659631311782, 8.96964894800114
-22.849310458124368, -29.823989198449826, 2.3784397542078546, 8.96964894800114
-22.983805671849616, -29.758167689931195, 2.552765161635052, 8.96964894800114
-23.122372322769458, -29.690353633644033, 2.581218274111675, 8.96964894800114
-23.261330581567627, -29.622347925768793, 2.5793481164841037, 8.96964894800114
-23.40076972955624, -29.554106872329434, 2.590301896874165, 8.96964894800114
-23.54001880065821, -29.485958841883736, 2.6087363077745125, 8.96964894800114
-23.680547384723592, -29.417184622066024, 2.5900347314987977, 8.96964894800114
-23.819033717015778, -29.34940987344705, 2.568527918781726, 8.96964894800114
-23.955934722804688, -29.28241097832539, 2.526850120224419, 8.96964894800114
-24.090261343293157, -29.21667197877391, 2.4934544483035, 8.96964894800114
-24.22282665126949, -29.15179495968486, 2.446299759551162, 8.96964894800114
-24.35442110712662, -29.087393072381282, 2.4165108201977024, 8.96964894800114
-24.4878704835391, -29.022083393151476, 2.528987443227358, 8.96964894800114
-24.62720288462747, -28.95389458128867, 2.5732033128506546, 8.96964894800114
-24.76592180175909, -28.886006006425873, 2.5785466203580016, 8.96964894800114
-24.90879953028431, -28.816082123153294, 2.6719209190488913, 8.96964894800114
-25.054837009090903, -28.74461186864339, 2.711327811915576, 8.96964894800114
-25.199432620133567, -28.67384725940277, 2.6545551696500134, 8.96964894800114
-25.34205932176049, -28.60404622785604, 2.6548223350253806, 8.96964894800114
-25.484505137259532, -28.534333721376317, 2.6482767833288805, 8.96964894800114
-25.625865321708577, -28.465152519107548, 2.6170184344109004, 8.96964894800114
-25.76674506220008, -28.396206444507403, 2.5912369756879507, 8.96964894800114
-25.90472036499529, -28.328681792017928, 2.547021106064654, 8.96964894800114
-26.04054187954124, -28.262211196306158, 2.503205984504408, 8.96964894800114
-26.17389013171752, -28.196951006939898, 2.453379641998397, 8.96964894800114
-26.306911650842626, -28.131850719637924, 2.497194763558643, 8.96964894800114
-26.444751622843736, -28.064392297587215, 2.5686615014694096, 8.96964894800114
-26.580308928309385, -27.99805100491715, 2.4507079882447234, 8.96964894800114
-26.71209071438993, -27.933557438827727, 2.476088698904622, 8.96964894800114
-26.843791873676423, -27.869103331222096, 2.421186214266631, 8.96964894800114
-26.977053451610914, -27.803885559940362, 2.508682874699439, 8.96964894800114
-27.11458119918835, -27.73657993948008, 2.4977290943093773, 8.96964894800114
-27.24577392148495, -27.672374659239637, 2.4503072401816723, 8.96964894800114
-27.376964557651498, -27.608170399944278, 2.4182473951375902, 8.96964894800114
-27.503759371994313, -27.546117441171837, 2.3529254608602725, 8.96964894800114
-27.63007229693246, -27.484300317465017, 2.3268768367619557, 8.96964894800114
-27.75549727854405, -27.422917750257376, 2.3386321132781194, 8.96964894800114
-27.885149373161944, -27.35946644805875, 2.434811648410366, 8.96964894800114
-28.017484264221878, -27.29470219423923, 2.3966069997328345, 8.96964894800114
-28.14312100570174, -27.23321599245912, 2.3696232968207323, 8.96964894800114
-28.27046488159844, -27.17089432479552, 2.344910499599252, 8.96964894800114
-28.398517348695304, -27.10822587496454, 2.3462463264760887, 8.96964894800114
-28.52230862002514, -27.047642840113845, 2.314720812182741, 8.96964894800114
-28.64569453390787, -26.987258185844276, 2.273176596313118, 8.96964894800114
-28.769687378329568, -26.926576501795473, 2.3641464066257014, 8.96964894800114
-28.89808806708043, -26.863737633449734, 2.4301362543414373, 8.96964894800114
-29.031622362301253, -26.79838639523867, 2.47782527384451, 8.96964894800114
-29.16923274055291, -26.73104033560233, 2.5921720545017366, 8.96964894800114
-29.311120432236038, -26.661600973054544, 2.6562917445899012, 8.96964894800114
-29.4536764031602, -26.591834556877576, 2.6232968207320333, 8.96964894800114
-29.593806691504547, -26.52325526165583, 2.6175527651616353, 8.96964894800114
-29.7354023992818, -26.453958795056643, 2.6045952444563185, 8.96964894800114
-29.875959946449797, -26.385170400793218, 2.573069730162971, 8.964668217706038
-30.01208119956793, -26.31063965254088, 2.525247127972215, 8.817500291198412
-30.12676071138947, -26.2214117843774, 2.48837830617152, 8.655486036444323
-30.22707449801714, -26.11299621857125, 2.4503072401816723, 8.49078034998615
-30.3067042824261, -25.992258056146824, 2.3992786534865083, 8.329507264406091
-30.364811704499235, -25.86314826414488, 2.3335559711461396, 8.171640047199519
-30.40101716539024, -25.730567408534757, 2.269302698370291, 8.018405935564155
-30.416283982819586, -25.59837031015521, 2.2078546620358, 7.870041673835258
-30.41203290983189, -25.4677032853392, 2.1430670585092173, 7.724289445828877
-30.389788162632087, -25.34312916280963, 2.0848250066791345, 7.583220888307869
-30.352088078269812, -25.227766168520716, 2.0261822067860007, 7.447929704883207
-30.299789867575647, -25.119684582714655, 1.9874432273577345, 7.314086445674699
-30.235206215402805, -25.02184743056725, 1.9458990114881112, 7.1834116287848335
-30.159634706835142, -24.934539970730366, 1.9145070798824473, 7.113135515634977
-30.082630712939007, -24.850349686824842, 1.886588298156559, 7.113135515634977
-30.007001918391193, -24.76766294082305, 1.8673523911301095, 7.113135515634977
-29.934717288392267, -24.688632448848516, 1.763959390862944, 7.113135515634977
-29.860213275025536, -24.607175452658073, 1.893935345979161, 7.113135515634977
-29.77979200649819, -24.51924898174681, 2.045017365749399, 7.113135515634977
-29.694510870473792, -24.426009103002798, 2.1282393801763293, 7.113135515634977
-29.60860828202238, -24.332089775653376, 2.1382580817526047, 7.113135515634977
-29.52191525457909, -24.237306242698903, 2.1262356398610742, 7.113135515634977
-29.436244842265754, -24.143640759000856, 2.1282393801763293, 7.099250171205657
-29.34574472850737, -24.053053462567757, 2.149746192893401, 6.988499472789031
-29.24431649909843, -23.974708843552108, 2.1313117819930536, 6.845621224536667
-29.136762059987685, -23.906552313640045, 2.1196900881645737, 6.849225614358392
-29.029373056624692, -23.83831775222686, 2.1128773710927065, 6.849225614358392
-28.924432348456982, -23.771638828203248, 2.0364680737376437, 6.849225614358392
-28.821627513003133, -23.706317029521156, 2.057841303767032, 6.849225614358392
-28.71414246163949, -23.638021439576246, 2.1677798557306973, 6.849225614358392
-28.6052243328561, -23.56881527772783, 2.0917713064386856, 6.849225614358392
-28.49805237120723, -23.50071862378848, 2.1401282393801764, 6.849225614358392
-28.390339068302058, -23.433229148139976, 2.1132781191557575, 6.819184558369963
-28.28066596314124, -23.371421252019704, 2.1000534330750735, 6.749386429762011
-28.169207643624834, -23.3154513015791, 2.0646540208388995, 6.748140804174619
-28.059528158634304, -23.260432131043594, 2.036200908362276, 6.748140804174619
-27.945723534775727, -23.203343642632614, 2.1652417846647074, 6.748140804174619
-27.827282866204815, -23.143929547617446, 2.198370291210259, 6.748140804174619
-27.713558387977795, -23.08688126313495, 2.0744055570398077, 6.748140804174619
-27.598868927993145, -23.029348909130324, 2.1705850921720544, 6.748140804174619
-27.478569493735485, -22.96900239045987, 2.2889393534597917, 6.748140804174619
-27.35623822548204, -22.907636630851844, 2.219075607801229, 6.748140804174619
-27.236545242561345, -22.847594329962252, 2.276115415442159, 6.748140804174619
-27.11548743037524, -22.78686738167382, 2.2349719476355863, 6.748140804174619
-26.99539936493639, -22.726626893197515, 2.222815923056372, 6.748140804174619
-26.877637100199696, -22.667553109921137, 2.1924926529521773, 6.748140804174619
-26.761676653272794, -22.609383183198787, 2.1504141063318194, 6.748140804174619
-26.647583449129144, -22.552149932547916, 2.111808709591237, 6.748140804174619
-26.53588580612156, -22.49611838143716, 2.0691958322201445, 6.748140804174619
-26.425394869058543, -22.44069215738603, 2.016163505209725, 6.748140804174619
-26.319140523718758, -22.38739115996712, 2.032193427731766, 6.748140804174619
-26.20770487266744, -22.331491033435196, 2.069730162970879, 6.748140804174619
-26.098025681749096, -22.276472010416867, 2.0488912636922256, 6.748140804174619
-25.988360931049478, -22.2214602311311, 2.045017365749399, 6.748140804174619
-25.879016392241596, -22.166609081635677, 2.022976222281592, 6.748140804174619
-25.77119937329891, -22.11146846428832, 2.011888859203847, 6.789369320044801
-25.668067882015457, -22.049700955518766, 2.001736574939888, 6.881557353598406
-25.569326342583455, -21.98238395456836, 1.995057440555704, 6.881557353598406
-25.470864928051096, -21.915257928644714, 1.9894469676729896, 6.881557353598406
-25.371875795072363, -21.847772130903042, 1.985172321667112, 6.881557353598406
-25.273744546406697, -21.780871195413365, 1.9820999198503875, 6.881557353598406
-25.175997315628713, -21.71423206394922, 1.9766230296553566, 6.881557353598406
-25.075263151151457, -21.64555659175321, 2.0439487042479296, 6.881557353598406
-24.97352793665152, -21.576198654145823, 2.0691958322201445, 6.881557353598406
-24.870158779196135, -21.50543771928031, 2.066390595778787, 6.903627795991681
-24.771977888267926, -21.43114702717198, 2.0641196900881646, 7.002829654137392
-24.681119390808213, -21.34363515107881, 2.061848784397542, 7.104399418155537
-24.59889976523609, -21.255304492194213, 2.0451509484370827, 7.104399418155537
-24.515057570305636, -21.165230665306716, 2.0555703980764095, 7.104399418155537
-24.43040347068916, -21.07428458832846, 2.0858936681806037, 7.104399418155537
-24.341496390852072, -20.978769425289595, 2.2106598984771573, 7.104399418155537
-24.251118990913987, -20.881674659541662, 2.206786000534331, 7.104399418155537
-24.161786533721827, -20.785702502667238, 2.275981832754475, 7.104399418155537
-24.06488537886663, -20.68159909918567, 2.3995458188618755, 7.104399418155537
-23.9680331129356, -20.577548218333025, 2.3270104194496395, 7.104399418155537
-23.873266140797565, -20.4757376222472, 2.3704247929468343, 7.104399418155537
-23.776428155836562, -20.37170208380803, 2.3489179802297624, 7.104399418155537
-23.679991203939608, -20.268097385506312, 2.355196366550895, 7.104399418155537
-23.584474458750705, -20.16548128894373, 2.3344910499599254, 7.104399418155537
-23.489792773015502, -20.06376231823449, 2.2976222281592307, 7.104399418155537
-23.396698901317055, -19.963749176992085, 2.2703713598717608, 7.104399418155537
-23.305404287771395, -19.865669025069852, 2.223884584557841, 7.104399418155537
-23.215742064807035, -19.769342592343005, 2.1838097782527384, 7.099288502795841
-23.126571678963902, -19.67645159083895, 2.1291744589901147, 7.059664312719095
-23.034485046069882, -19.589935380756145, 2.0838899278653487, 6.990554532400265
-22.940330628174156, -19.509618262953403, 2.0516965001335827, 6.988882018696775
-22.848256193040648, -19.431164060106084, 1.9941223617419181, 6.988882018696775
-22.758542312636724, -19.354721223815826, 1.94803633449105, 6.988882018696775
-22.67138280370211, -19.28045490022542, 1.9110339300026717, 6.988882018696775
-22.583871934558513, -19.20588919184848, 1.8776382580817526, 6.988882018696775
-22.49903385448927, -19.133600896695995, 1.867619556505477, 6.988882018696775
-22.414367815048845, -19.061459192835347, 1.8553299492385786, 6.988882018696775
-22.330133378100705, -18.98968524609892, 1.8391664440288538, 6.988882018696775
-22.246406267692898, -18.918343578955056, 1.8335559711461396, 6.988882018696775
-22.16275659109141, -18.84706789111956, 1.8232701041944963, 6.988882018696775
-22.073391193496583, -18.770921987859122, 1.9990649211862144, 6.988882018696775
-21.97717762050719, -18.688940934583805, 2.1970344643334223, 6.988882018696775
-21.87887755440768, -18.605182035444283, 2.168314186481432, 6.988882018696775
-21.78129705899587, -18.522036263549197, 2.158028319529789, 6.988882018696775
-21.68079630599663, -18.43640221702284, 2.1672455249799625, 6.988882018696775
-21.582641952038824, -18.35276747536424, 2.1620358001602993, 6.988882018696775
-21.484975960029644, -18.269548854068738, 2.1315789473684212, 6.988882018696775
-21.38934139308496, -18.18806115660511, 2.0868287469943896, 6.988882018696775
-21.295588854553074, -18.108177086018454, 2.041143467806572, 6.988882018696775
-21.203090685622772, -18.029361830755242, 2.000133582687684, 6.988882018696775
-21.113342011482136, -17.95288934763767, 1.9553833823136522, 6.988882018696775
-21.024802575370877, -17.87744722441869, 1.9446967672989581, 6.988882018696775
-20.93007543834902, -17.796732724109432, 2.0984504408228695, 6.988882018696775
-20.82971102251694, -17.711214846894922, 2.1692492652952176, 6.988882018696775
-20.732557185675518, -17.62843261953833, 2.1278386321132783, 6.988882018696775
-20.636286112878878, -17.546402572190605, 2.1287737109270637, 6.988882018696775
-20.539089140531882, -17.463583590205005, 2.1207587496660434, 6.988882018696775
-20.43650518827832, -17.376174504422284, 2.279588565321934, 6.988882018696775
-20.332417792325195, -17.287484373832672, 2.2806572268234038, 6.988882018696775
-20.22686124246485, -17.197542415865744, 2.288271440021373, 6.988882018696775
-20.12353047058087, -17.109496984731674, 2.253139193160566, 6.988882018696775
-20.022044899280484, -17.02302380045059, 2.1982367085225754, 6.988882018696775
-19.921303537797275, -16.937184737767684, 2.2011755276516163, 6.988882018696775
-19.82036759675347, -16.85117987896238, 2.253139193160566, 6.988882018696775
-19.71436426673548, -16.76085723138204, 2.307373764360139, 6.988882018696775
-19.611595720658855, -16.673290858061055, 2.1771306438685545, 6.988882018696775
-19.512730459991772, -16.589050371506, 2.197168047021106, 6.988882018696775
-19.41325358058537, -16.504288740720526, 2.172455249799626, 6.988882018696775
-19.31487646821017, -16.42046419247729, 2.1490782794549825, 6.988882018696775
-19.217732585125766, -16.33769044645508, 2.1123430403419716, 6.988882018696775
-19.123019015495803, -16.25698750656337, 2.0698637456585627, 6.988882018696775
-19.029625971291317, -16.177409751631473, 2.026716537536735, 6.988882018696775
-18.937950625859997, -16.099295602615648, 1.9955917713064386, 6.988882018696775
-18.84759925750087, -16.02230957961696, 1.9782260219075607, 6.988882018696775
-18.757689462677895, -15.945699809806541, 1.9617953513224686, 6.988882018696775
-18.664360414062546, -15.866176583831828, 2.0912369756879507, 6.988882018696775
-18.56358765631541, -15.780310769218753, 2.2877371092706387, 6.988882018696775
-18.460835298447897, -15.692758189444692, 2.199706118087096, 6.988882018696775
-18.358117364125377, -15.605234941067321, 2.306572268234037, 6.988882018696775
-18.2531045820768, -15.515756313341242, 2.250333956719209, 6.988882018696775
-18.15255462133256, -15.430080338190484, 2.2270905690622493, 6.988882018696775
-18.051494671886136, -15.343969815089116, 2.195164306705851, 6.988882018696775
-17.95156570281244, -15.2588229705968, 2.179535132246861, 6.988882018696775
-17.851281650596984, -15.173373569104903, 2.2209457654288003, 6.988882018696775
-17.751326438800174, -15.088204363878905, 2.1624365482233503, 6.988882018696775
-17.65384329841001, -15.005141545635448, 2.1052631578947367, 6.988882018696775
-17.559540159338944, -14.92478832282075, 2.058242051830083, 6.988882018696775
-17.462680068834675, -14.842256388986858, 2.184744857066524, 6.988882018696775
-17.366424960249702, -14.759319937835409, 2.0546353192626237, 7.019034493541488
-17.278360735562313, -14.679577188200902, 2.000534330750735, 7.019034493541488
-17.190059767619495, -14.59962006595127, 1.9696767298958056, 7.019034493541488
-17.100626012499426, -14.518637197269582, 2.0794816991717875, 7.019034493541488
-17.00869220144139, -14.435390511067887, 2.050761421319797, 7.019034493541488
-16.918589871145816, -14.353802243053824, 2.022709056906225, 7.019034493541488
-16.82936440991168, -14.273007985891237, 1.9945231098049694, 7.019034493541488
-16.741003467131648, -14.19299655602185, 1.9800961795351322, 7.019034493541488
-16.653573514544963, -14.113828144054045, 1.9648677531391932, 7.019034493541488
-16.566503144731207, -14.034985336713271, 1.9561848784397542, 7.019034493541488
-16.479939733875664, -13.956601584129675, 1.9457654288004274, 7.019034493541488
-16.393664330375543, -13.878478624149636, 1.9410900347314988, 7.019034493541488
-16.30719216141377, -13.800177491716468, 1.9360138925995192, 7.019034493541488
-16.221173998288634, -13.72228746463161, 1.9300026716537537, 7.019034493541488
-16.135891796873974, -13.645063855841208, 1.9239914507079883, 7.019034493541488
-16.05030684096142, -13.56756610081024, 1.925728025647876, 7.019034493541488
-15.963309541980381, -13.488789459601511, 1.9282660967138658, 7.019034493541488
-15.878678886029665, -13.412155829624771, 1.9278653486508148, 7.019034493541488
-15.792658128846595, -13.334263453602949, 1.9282660967138658, 7.019034493541488
-15.703814614920311, -13.253815052304663, 2.0010686615014692, 7.019034493541488
-15.615494365001624, -13.173840470095783, 1.997862676997061, 7.019034493541488
-15.527002017280179, -13.093710052165338, 1.9969275981832755, 7.019034493541488
-15.438473472040165, -13.013546857137602, 1.9903820464867754, 7.019034493541488
-15.349692477648135, -12.93315506769941, 1.9857066524178466, 7.019034493541488
-15.25959400251514, -12.851570290561073, 2.047021106064654, 7.019034493541488
-15.168115631972691, -12.76873600881915, 2.0555703980764095, 7.019034493541488
-15.075386513377756, -12.684769166276752, 2.089901148811114, 7.019034493541488
-14.982938766646736, -12.601057107855578, 2.0768100454181138, 7.019034493541488
-14.890581055113362, -12.517426576913351, 2.079615281859471, 7.019034493541488
-14.798019859428148, -12.433611789698702, 2.0691958322201445, 7.019034493541488
-14.706484606265521, -12.350726000360416, 2.0661234304034197, 7.019034493541488
-14.614654421641434, -12.26757314859384, 2.0609137055837565, 7.019034493541488
-14.523120271034786, -12.184688357627428, 2.0558375634517767, 7.019034493541488
-14.431736531246973, -12.101939764672315, 2.0579748864547156, 7.019034493541488
-14.340259984687503, -12.019107134559286, 2.0566390595778787, 7.019034493541488
-14.249273597369594, -11.936718346946654, 2.0516965001335827, 7.019034493541488
-14.15716996694916, -11.85331788816651, 2.0571733903286136, 7.019034493541488
-14.065782266895361, -11.770565709163826, 2.056104728827144, 7.019034493541488
-13.974364488958614, -11.687786294435192, 2.053967405824205, 7.019034493541488
-13.883003454786403, -11.605058261568205, 2.0583756345177666, 7.019034493541488
-13.788601151370392, -11.519576338881139, 2.1346513491851455, 7.019034493541488
-13.69402565158178, -11.433937585710106, 2.1219609938551964, 7.019034493541488
-13.599017525215924, -11.347907086254395, 2.1359871760619824, 7.019034493541488
-13.504699089439605, -11.262501106280936, 2.1227624899812985, 7.019034493541488
-13.410433015803955, -11.177142540579148, 2.1135452845311247, 7.019034493541488
-13.316265222552433, -11.091872968428294, 2.1103393000267165, 7.019034493541488
-13.222770932108837, -11.007213257614225, 2.1075340635853594, 7.019034493541488
-13.128912257935317, -10.922223594874168, 2.103125834891798, 7.019034493541488
-13.035805285374579, -10.837914603016307, 2.1033930002671655, 7.019034493541488
-12.942151296944363, -10.753110284597849, 2.1003205984504407, 7.019034493541488
-12.84897052683546, -10.668734468562205, 2.0975153620090836, 7.019034493541488
-12.755210170355635, -10.584007287205507, 2.098183275447502, 7.0044275029981975
-12.658944313354375, -10.503077577873341, 2.0908362276248997, 6.928059523276288
-12.558555945698403, -10.427570698709626, 2.0915041410633184, 6.928059523276288
-12.45849758795567, -10.35231203574091, 2.0912369756879507, 6.928059523276288
-12.358523050794707, -10.277116418229424, 2.0943093775046755, 6.928059523276288
-12.257940374013243, -10.201463389905188, 2.093240716003206, 6.928059523276288
-12.1575940070628, -10.125988101475253, 2.0917713064386856, 6.928059523276288
-12.056539444376307, -10.049980145256063, 2.1017900080149614, 6.928059523276288
-11.952896777925563, -9.972025552760643, 2.217873363612076, 6.928059523276288
-11.84647485438795, -9.891980548458326, 2.2266898209991983, 6.928059523276288
-11.739971874288893, -9.811874577650297, 2.1846112743788404, 6.928059523276288
-11.63523885682833, -9.733099880157987, 2.184477691691157, 6.928059523276288
-11.529573340779027, -9.653623806003177, 2.240983168581352, 6.928059523276288
-11.417662610479525, -9.569450408356094, 2.345711995725354, 6.928059523276288
-11.310473841644926, -9.488828623132555, 2.213197969543147, 6.928059523276288
-11.203340099776515, -9.4082482263147, 2.231765963131178, 6.928059523276288
-11.097480038734169, -9.328625825592136, 2.2055837563451774, 6.928059523276288
-10.992770447348056, -9.249868747967685, 2.162970878974085, 6.928059523276288
-10.890484313531214, -9.172934468363703, 2.1146139460325943, 6.931146746793604
-10.787431914328161, -9.093739629733323, 2.1923590702644935, 6.947007096781649
-10.685085688384513, -9.013679605351005, 2.1387924125033395, 6.947007096781649
-10.585840304479092, -8.936045205234727, 2.062249532460593, 6.947007096781649
-10.490964730431813, -8.861829075607302, 2.022709056906225, 6.947007096781649
-10.395895450133073, -8.787461419853026, 1.979829014159765, 6.947007096781649
-10.304062314176068, -8.715625228180745, 1.9251936948971413, 6.947007096781649
-10.214711496879408, -8.645730822740829, 1.876168848517232, 6.947007096781649
-10.127020450339685, -8.577134767934208, 1.8386321132781192, 6.947007096781649
-10.03527961195148, -8.505370775754782, 1.988912636922255, 6.947007096781649
-9.942110389521003, -8.432489434496802, 1.997996259684745, 6.949933305398252
-9.853315194135114, -8.360213502583001, 1.855597114613946, 7.004907668043334
-9.765999337226312, -8.283365088337822, 1.9593908629441625, 7.004907668043334
-9.678663091163024, -8.206498729194141, 1.9320064119690088, 7.004907668043334
-9.591095433181282, -8.1294286998398, 1.9218541277050494, 7.004907668043334
-9.505987500565633, -8.054523523474993, 1.9043547956184879, 7.004907668043334
-9.420344211335314, -7.979147169155236, 1.9231899545818862, 7.004907668043334
-9.330350504714197, -7.899941926365235, 1.98437082554101, 7.004907668043334
-9.24130713066487, -7.821573090085271, 1.968608068394336, 7.004907668043334
-9.152575527848853, -7.743478649839832, 1.9724819663371627, 7.002450354796544
-9.062293571406764, -7.666053456433862, 1.9615281859471012, 6.968300907664665
-8.971217866732657, -7.59351848878308, 1.9515094843708256, 6.943296594434571
-8.878706158756842, -7.521703199624828, 1.9445631846112743, 6.943296594434571
-8.785178259821283, -7.449099058447619, 2.023376970344643, 6.943296594434571
-8.687723268969759, -7.373446381602147, 2.072535399412236, 6.943296594434571
-8.589727431277788, -7.297373854414629, 2.0522308308843176, 6.943296594434571
-8.494483888656479, -7.2234378877843985, 2.0378039006144806, 6.943296594434571
-8.397374809542892, -7.148053736426423, 2.029254608602725, 6.943296594434571
-8.301353055007523, -7.073513656923804, 2.023376970344643, 6.943296594434571
-8.202134374009962, -6.996491856963057, 2.1500133582687684, 6.943296594434571
-8.099975546815145, -6.917187670762305, 2.1417312316323804, 6.943296594434571
-7.998877690885506, -6.838707098781467, 2.1414640662570132, 6.943296594434571
-7.898118869645478, -6.760489713750711, 2.1108736307774514, 6.943296594434571
-7.7982997462303905, -6.683001800399767, 2.0988511888859205, 6.943296594434571
-7.699058216793349, -6.605962263578206, 2.0846914239914507, 6.943296594434571
-7.600855662376408, -6.529729265659983, 2.080416777985573, 6.943296594434571
-7.502997212098057, -6.453763390020162, 2.068928666844777, 6.943296594434571
-7.40488424974206, -6.377599940918016, 2.0625166978359606, 6.943296594434571
-7.306697464934691, -6.301379184683533, 2.063184611274379, 6.943296594434571
-7.209497853718952, -6.225924754771237, 2.050627838632113, 6.943296594434571
-7.112256115096418, -6.150437622058758, 2.0427464600587766, 6.943296594434571
-7.015076504872714, -6.074998718581526, 2.0496927598183277, 6.943296594434571
-6.91841597239807, -5.999962766465369, 2.051162169382848, 6.943296594434571
-6.820394929982648, -5.923870673273262, 2.051162169382848, 6.943296594434571
-6.72325863452259, -5.848465394321445, 2.0609137055837565, 6.943296594434571
-6.625289387927031, -5.772413509356621, 2.065989847715736, 6.943296594434571
-6.52810807492856, -5.696973284043862, 2.0740048089767567, 6.943296594434571
-6.425565896284587, -5.617371508534982, 2.174859738177932, 6.943296594434571
-6.325681628180822, -5.5398330244535146, 2.047421854127705, 6.943296594434571
-6.22463362547679, -5.461391152696581, 2.1552230830884316, 6.943296594434571
-6.124479176509065, -5.3836429317364525, 2.0952444563184613, 6.943296594434571
-6.023498262563559, -5.305253139858901, 2.0957787870691957, 6.943296594434571
-5.926212104409897, -5.229731525008517, 2.066390595778787, 6.943296594434571
-5.830197525705328, -5.155197015983141, 2.016430670585092, 6.943296594434571
-5.734533542031128, -5.080934668006721, 1.980229762222816, 6.943296594434571
-5.641937358226772, -5.009053801677901, 1.9404221212930803, 6.943296594434571
-5.5527728881967, -4.939836917264462, 1.9142399145070799, 6.943296594434571
-5.46191025096109, -4.869301774096825, 1.8955383382313653, 6.943296594434571
-5.3669278870433414, -4.795568556118939, 2.046620358001603, 6.943296594434571
-5.270447896568033, -4.720672755732451, 1.9823670852257547, 6.943296594434571
-5.173925119179801, -4.645743740582221, 2.063051028586695, 6.943296594434571
-5.0768107547516665, -4.5703554863231, 2.026850120224419, 6.943296594434571
-4.9819305739161255, -4.496701591360174, 2.010686615014694, 6.943296594434571
-4.887307888839811, -4.423247586041603, 1.9726155490248465, 6.943296594434571
-4.7949476068093775, -4.351549846308084, 1.9357467272241518, 6.943296594434571
-4.703092098760741, -4.280243954160731, 1.9083622762489982, 6.943296594434571
-4.614627649992599, -4.211570484526268, 1.8804434945231099, 6.943296594434571
-4.525432395865983, -4.142329702934372, 1.8562650280523645, 6.943296594434571
-4.439617503378248, -4.075713039455388, 1.8013625434143734, 6.943296594434571
-4.3533661051024835, -4.008757523845441, 1.8463799091637725, 6.943296594434571
-4.262511666149291, -3.93822874486711, 1.9444296019235907, 6.943296594434571
-4.167693747535792, -3.864623183024147, 2.017365749398878, 6.943296594434571
-4.07354153921865, -3.7915344009323584, 1.9945231098049694, 6.943296594434571
-3.979393950044427, -3.7184492046038398, 1.9866417312316325, 6.943296594434571
-3.881767081942672, -3.6426631023282785, 2.1150146940956454, 6.943296594434571
-3.7812416796257913, -3.56462691649736, 2.1107400480897676, 6.943296594434571
-3.6827103507063064, -3.488138696440397, 2.065989847715736, 6.943296594434571
-3.5855783657907883, -3.4127367636920964, 2.04942559444296, 6.943296594434571
-3.4893908155192253, -3.338067979736859, 2.024312049158429, 6.943296594434571
-3.39395533274148, -3.2639830131785414, 2.0072134651349187, 6.943296594434571
-3.299425614713625, -3.1906011766223172, 1.9959925193694896, 6.943296594434571
-3.2004448838238924, -3.1137640933441717, 2.1484103660165643, 6.943296594434571
-3.095303564535808, -3.032144648493713, 2.260619823670852, 6.943296594434571
-2.988727045803932, -2.9494110823573023, 2.2357734437616883, 6.943296594434571
-2.883486248643272, -2.8677144145008024, 2.2543414373497193, 6.943296594434571
-2.776511049278664, -2.7846713592678434, 2.250066791343842, 6.943296594434571
-2.6692010945012488, -2.7013684390156993, 2.24926529521774, 6.943296594434571
-2.5639507028422903, -2.6196643231108956, 2.222281592305637, 6.943296594434571
-2.4598941761480795, -2.5388869845787645, 2.1911568260753405, 6.943296594434571
-2.3576038309159317, -2.459480703128805, 2.144002137323003, 6.943296594434571
-2.2567286622244884, -2.3811729995205515, 2.1195565054768903, 6.943296594434571
-2.1573472135481877, -2.3040248457374624, 2.1000534330750735, 6.943296594434571
-2.0529728870839485, -2.2230008045675964, 2.239780924392199, 6.943296594434571
-1.9423738918547035, -2.1371446573102495, 2.4020838899278654, 6.943296594434571
-1.8282750944063728, -2.0485716722184297, 2.4205183008282125, 6.943296594434571
-1.7147753541607977, -1.9604637251977857, 2.3958055036067325, 6.943296594434571
-1.6012836754907742, -1.872362036243196, 2.409698103125835, 6.943296594434571
-1.4847737983800617, -1.7819173703995437, 2.4169115682607534, 6.943296594434571
-1.3724923820736565, -1.6947551878436826, 2.387790542345712, 6.943296594434571
-1.2603239365225687, -1.6076807025927038, 2.3549292011755276, 6.943296594434571
-1.14953364991879, -1.5216760590457927, 2.3183275447502005, 6.943296594434571
-1.0409878007499527, -1.4374137346811202, 2.277584825006679, 6.943296594434571
-0.9319471591084583, -1.3527673112086191, 2.234838364947903, 6.943296594434571
-0.8274561567431244, -1.271652696491272, 2.3183275447502005, 6.943296594434571
-0.7147619949681553, -1.18417010654242, 2.4334758215335293, 6.943296594434571
-0.5961062953156702, -1.0920596746061126, 2.526850120224419, 6.943296594434571
-0.47847963437054486, -1.0007480681800143, 2.46112743788405, 6.943296594434571
-0.35889349088711453, -0.907915348284411, 2.541544215869623, 6.943296594434571
-0.23868734754689372, -0.8146013328861332, 2.545284531124766, 6.943296594434571
-0.11607185348130693, -0.719416978880865, 2.6124766230296554, 6.943296594434571
0.006240284185543905, -0.6244681153661509, 2.5467539406892867, 6.943296594434571
0.12427069486796483, -0.5328430847825498, 2.490382046486775, 6.943296594434571
0.2414004116406543, -0.4419172477927731, 2.457921453379642, 6.943296594434571
0.3572465122497284, -0.35198786052785, 2.4285332620892333, 6.943296594434571
0.4713570900373993, -0.2634057305559434, 2.3916644402885385, 6.943296594434571
0.5847300126711729, -0.17539622992290985, 2.4190488912636923, 6.943296594434571
0.7001317229237971, -0.08581181544733285, 2.4217205450173656, 6.943296594434571
0.8132240170453178, 0.0019798379726889415, 2.312717071867486, 6.943296594434571
0.9208956946455793, 0.08556355759267772, 2.288805770772108, 6.943296594434571
1.028025080812317, 0.16872630545721315, 2.243921987710393, 6.943296594434571
1.1347983646129467, 0.2516126170203168, 2.2514026182206788, 6.943296594434571
1.2440475514025333, 0.3364209305977622, 2.303633449104996, 6.943296594434571
1.350717329468675, 0.41922689239309635, 2.223083088431739, 6.943296594434571
1.4548133748679535, 0.5000349086339595, 2.17405824205183, 6.943296594434571
1.556355076811782, 0.5788600308403662, 2.1383916644402885, 6.943296594434571
1.6568311892457, 0.6568579537608378, 2.1183542612877373, 6.943296594434571
1.756044637459189, 0.7338756915989672, 2.0873630777451244, 6.943296594434571
1.8581156374271943, 0.8131116989948148, 2.1919583222014425, 6.943296594434571
1.9597659819692181, 0.8920211586302347, 2.1274378840502273, 6.943296594434571
2.0567159084001636, 0.9672817624267803, 1.9837029121025915, 6.943296594434571
2.151070510029343, 1.0405276590562378, 2.005877638258082, 6.943296594434571
2.243883515926543, 1.1125768407435592, 1.9495057440555703, 6.943296594434571
2.3386997458290035, 1.186181091668432, 1.9985305904354795, 6.943296594434571
2.4302874895370064, 1.2572791228437032, 1.8479829014159765, 6.943296594434571
2.519238411547323, 1.3263302335067335, 1.9336094042212129, 6.943296594434571
2.6123770451363684, 1.398632194516364, 1.9751536200908362, 6.943296594434571
2.7056662987127997, 1.471051079299037, 1.9627304301362543, 6.943296594434571
2.799197720181774, 1.543657954959928, 1.9511087363077746, 6.943296594434571
2.896381383791454, 1.6191000050127922, 2.1028586695164306, 6.943296594434571
2.9964210742017863, 1.6967591408272358, 2.0613144536468075, 6.943296594434571
3.0947694855978374, 1.7731053650749657, 2.1170184344109004, 6.943296594434571
3.1938288197657765, 1.8500034667612322, 2.0826876836761956, 6.943296594434571
3.292790224509703, 1.9268255474761375, 2.0852257547421855, 6.943296594434571
3.390169628102735, 2.002419547199069, 2.0372695698637457, 6.943296594434571
3.4854844851213596, 2.0764108740012865, 1.9967940154955919, 6.943296594434571
3.5788567891193517, 2.148894229434968, 1.9541811381244991, 6.943296594434571
3.669997474461777, 2.2196452166901013, 1.9130376703179268, 6.943296594434571
3.75986618402135, 2.289408790452969, 1.8835158963398344, 6.943296594434571
3.8481158653955334, 2.3579155397572555, 1.854795618487844, 6.943296594434571
3.939758864148088, 2.4290564644979873, 1.993855196366551, 6.943296594434571
4.036467349850464, 2.504129641901527, 2.0673256745925728, 6.943296594434571
4.1352354578875286, 2.5808016696209752, 2.0737376436013895, 6.941599435331639
4.234060705778052, 2.656113189303739, 2.0732033128506546, 6.9036169925777955
4.337905028567757, 2.725737310853756, 2.068928666844777, 6.798056459131097
4.4476132817302725, 2.7813504616291778, 2.062650280523644, 6.660943739883657
4.564395099970388, 2.8215940243737463, 2.0617152017098586, 6.523247940634653
4.685892280283742, 2.8454718275418127, 2.0613144536468075, 6.385215401454715
4.808996771611974, 2.8523993684210875, 2.054902484637991, 6.2477666491908295
4.93144777287763, 2.8424506684432878, 2.035933742986909, 6.110815097994304
5.043784281014706, 2.8179084620798664, 1.889794282660967, 5.982644572300103
5.151942860964833, 2.7792573165563708, 1.9122361741918248, 5.854618848639295
5.254099399769004, 2.727216118755406, 1.9026182206786, 5.726825035158448
5.3484198633396645, 2.6648151324088207, 1.87536735239113, 5.684480363574289
5.4411108421013825, 2.6015778901077455, 1.860138925995191, 5.684480363574289
5.533002157093755, 2.5388862082508155, 1.8533262089233236, 5.684480363574289
5.625024865754768, 2.476104884733265, 1.8549292011755276, 5.684480363574289
5.689764685323109, 2.4319369655758307, 1.8621426663104461, 5.684480363574289
5.822888166948639, 2.3411151620305515, 1.85319262623564, 5.684480363574289
5.873239645816102, 2.3067635054627145, 1.8546620358001602, 5.684480363574289
5.998102759285487, 2.2213757833517076, 1.8459791611007212, 5.660972485659581
6.081230942681297, 2.15806558366926, 1.8451776649746192, 5.5599645767353145
6.162395598052119, 2.0801440986972293, 1.845311247662303, 5.434554906553536
6.2311166642065965, 1.9954485497373413, 1.8450440822869356, 5.37190759936774
6.299484313445393, 1.9072702148365999, 1.844910499599252, 5.37190759936774
6.367697934961271, 1.8192905398033052, 1.8608068394336095, 5.37190759936774
6.4359210868289844, 1.7312985728371277, 1.8570665241784665, 5.37190759936774
6.5039620498310935, 1.643541587049699, 1.854394870424793, 5.37190759936774
6.572100148545966, 1.5556593188296253, 1.8541277050494256, 5.37190759936774
6.643190021505725, 1.4639699497246303, 1.9759551162169382, 5.37190759936774
6.71826667717082, 1.3671385600224413, 2.0496927598183277, 5.37190759936774
6.794213294316787, 1.2691851227485549, 2.0757413839166445, 5.37190759936774
6.8702143490852645, 1.1711614736279503, 2.0724018167245526, 5.37190759936774
6.94569288287173, 1.071721877392279, 2.0813518567993587, 5.3150752480964325
7.011946737635004, 0.9654009083136598, 2.0848250066791345, 5.228583102489773
7.074672615254959, 0.8548744759549692, 2.1824739513759015, 5.228583102489773
7.140769320171605, 0.7384084612526406, 2.260753406358536, 5.228583102489773
7.205790031471584, 0.6238384062435587, 2.1309110339300026, 5.228583102489773
7.2714337889670135, 0.5081705097089269, 2.242986908896607, 5.228583102489773
7.3372583251838, 0.39218407116458276, 2.1851456051295752, 5.228583102489773
7.401998945201554, 0.2781075523375941, 2.1924926529521773, 5.228583102489773
7.466318395570407, 0.16477315750276317, 2.1656425327277584, 5.228583102489773
7.529477313123246, 0.0534836850613064, 2.1298423724285334, 5.228583102489773
7.591969580606769, -0.056631113440317314, 2.089099652685012, 5.228583102489773
7.653150515224054, -0.16443527159956192, 2.052898744322736, 5.228583102489773
7.713045553588483, -0.2699736101225657, 2.01162169382848, 5.228583102489773
7.77160837459505, -0.3731645086849383, 1.9637990916377237, 5.228583102489773
7.831350884220199, -0.47843408321412445, 2.053299492385787, 5.228583102489773
7.892604467827396, -0.5863662528731508, 2.045284531124766, 5.228583102489773
7.95156658301439, -0.6902607296539357, 1.9348116484103661, 5.228583102489773
8.009507562412313, -0.7923559092386951, 1.9823670852257547, 5.228583102489773
8.06883188650344, -0.8968886179496068, 2.0508950040074807, 5.228583102489773
8.13037017084143, -1.005322445891602, 2.101923590702645, 5.228583102489773
8.191883673282964, -1.1137126067745358, 2.0530323270104196, 5.228583102489773
8.25257165876561, -1.2206481615558253, 2.032460593107133, 5.228583102489773
8.311822436664503, -1.3250512778473134, 2.004675394068929, 5.228583102489773
8.371493937687232, -1.430195731329332, 2.007347047822602, 5.228583102489773
8.431143715060175, -1.535301906550456, 2.0394068928666846, 5.228583102489773
8.494204350624269, -1.645589022800046, 2.1458722949505744, 5.258543960796166
8.562181003759962, -1.7500390375268513, 2.022976222281592, 5.318966727389084
8.63041328685749, -1.8483795432546393, 2.035532994923858, 5.318966727389084
8.699294892126648, -1.9476558914874644, 1.9961261020571734, 5.318966727389084
8.767074767161043, -2.045344359269224, 1.981031258348918, 5.318966727389084
8.83785088738993, -2.1473511973932125, 2.106866150146941, 5.318966727389084
8.910422591510514, -2.2519459399514337, 2.1041944963932675, 5.318966727389084
8.98218992690552, -2.3570698596829787, 2.1143467806572267, 5.276253588145057
9.045304160817045, -2.465824261986412, 2.0968474485706654, 5.186540754102545
9.101669036825212, -2.5763695559052486, 2.032193427731766, 5.182570568191673
9.156619530532499, -2.6844984489489114, 2.036601656425327, 5.182570568191673
9.214358686697457, -2.7981147355404214, 2.1271707186748596, 5.182570568191673
9.271477727604191, -2.9105107896661684, 2.094042212129308, 5.182570568191673
9.327598988079233, -3.020943460275211, 2.051562917445899, 5.182570568191673
9.383059601676878, -3.1300761422813137, 2.036735239113011, 5.182570568191673
9.437926013492731, -3.2380395830927498, 2.015094843708255, 5.182570568191673
9.492737567990785, -3.345594107568761, 1.9998664173123164, 5.197197751620031
9.549994656789357, -3.4503207699111225, 1.991317125300561, 5.2230063367745245
9.60822579709591, -3.5542734825561833, 1.9825006679134385, 5.2230063367745245
9.666000057280696, -3.6574105847261382, 1.9763558642799892, 5.2230063367745245
9.724158139408555, -3.761232875816402, 1.9730162970878975, 5.2230063367745245
9.780175222856052, -3.8612331119130405, 1.8751001870157629, 5.2230063367745245
9.836869711172195, -3.962442633510259, 2.009484370825541, 5.2230063367745245
9.896424671745864, -4.068758595562711, 2.040876302431205, 5.2230063367745245
9.955471752062847, -4.174167903029601, 2.021506812717072, 5.2230063367745245
10.01520530675522, -4.280802686643919, 2.0277851990382048, 5.2230063367745245
10.074390852413387, -4.386459178825851, 2.006278386321133, 5.2230063367745245
10.132772673846718, -4.490680883487732, 1.9957253539941224, 5.2230063367745245
10.191206177483293, -4.59499484987065, 1.988912636922255, 5.2230063367745245
10.24929421044989, -4.698692091025546, 1.98183275447502, 5.2230063367745245
10.307518480787444, -4.802632539581158, 1.978092439219877, 5.2230063367745245
10.365461731371045, -4.906071319002761, 1.9751536200908362, 5.2230063367745245
10.423258049079426, -5.009247797688441, 1.970344643334224, 5.2230063367745245
10.481656760276879, -5.113499653516645, 2.023644135720011, 5.2230063367745245
10.543231888828508, -5.223421966744809, 2.1639059577878705, 5.2230063367745245
10.610586203547529, -5.343661132361892, 2.3418380977825275, 5.2230063367745245
10.678555860046384, -5.4649987900723955, 2.273844509751536, 5.2230063367745245
10.748722314084741, -5.590258113444282, 2.4370825541009884, 5.2230063367745245
10.820489917273582, -5.718375766511685, 2.476623029655357, 5.2230063367745245
10.894629260449689, -5.85072738793463, 2.520170985840235, 5.2230063367745245
10.967494883681757, -5.980805197740009, 2.436013892599519, 5.2230063367745245
11.038120947577545, -6.106885004639893, 2.4285332620892333, 5.2230063367745245
11.108801074056188, -6.233061322652408, 2.3998129842372427, 5.2230063367745245
11.178879612029737, -6.358163700558794, 2.3801763291477425, 5.2230063367745245
11.247933809425076, -6.481437452386131, 2.346513491851456, 5.2230063367745245
11.318109782752842, -6.606713769345147, 2.4275981832754474, 5.2230063367745245
11.390616657309728, -6.73615115037399, 2.4919850387389793, 5.2230063367745245
11.461392817411586, -6.862229722542056, 2.387790542345712, 5.226263660576966
11.532547977811989, -6.988011751031297, 2.4308041677798555, 5.227663620438605
11.603930188405647, -7.114060973146928, 2.418380977825274, 5.227663620438605
11.674984667746012, -7.239531475870189, 2.3805770772107935, 5.227663620438605
11.74508820212802, -7.3633227664861405, 2.3610740048089767, 5.227663620438605
11.814154297335037, -7.485282110460027, 2.323804434945231, 5.227663620438605
11.882459064575599, -7.605578285082838, 2.293213999465669, 5.238326693895086
11.951789153302665, -7.721534357603137, 2.255410098851189, 5.275198976287504
12.022825166042725, -7.834134266184697, 2.200908362276249, 5.275198976287504
12.096551962218799, -7.950999363045004, 2.30269837029121, 5.275198976287504
12.170996671020553, -8.069002430533212, 2.4165108201977024, 5.275198976287504
12.250928651330707, -8.195703428076541, 2.526850120224419, 5.275198976287504
12.328790361986405, -8.319122820067431, 2.4635319262623563, 5.275198976287504
12.410693012825018, -8.448947547572367, 2.549826342506011, 5.275198976287504
12.491597236841217, -8.577189658534044, 2.5619823670852258, 5.275198976287504
12.57387455413505, -8.707608273659902, 2.556906224953246, 5.275198976287504
12.65377233803335, -8.834255066121893, 2.4647341704515093, 5.275198976287504
12.7320087714504, -8.958268434985136, 2.4531124766230294, 5.275198976287504
12.812626643486754, -9.086056646501888, 2.519503072401817, 5.275198976287504
12.892102056704491, -9.212033934888632, 2.4398877905423455, 5.275198976287504
12.969978569085761, -9.335476789245755, 2.4989313384985308, 5.275198976287504
13.05191233997361, -9.465350845458254, 2.5884317392465936, 5.275198976287504
13.13161778773356, -9.591692763944929, 2.453780390061448, 5.275198976287504
13.212872870570205, -9.720491024802747, 2.547822602190756, 5.275198976287504
13.293491858529496, -9.848281005180331, 2.518033662837296, 5.275198976287504
13.3737121758713, -9.97543904869446, 2.493855196366551, 5.275198976287504
13.45332344957515, -10.101631690923938, 2.47274913171253, 5.275198976287504
13.532006788125821, -10.226353453674301, 2.430269837029121, 5.275198976287504
13.608460042209158, -10.347540286781724, 2.3903286134117017, 5.275198976287504
13.686449777177927, -10.47116261141751, 2.3356932941490784, 5.275198976287504
13.758144459595597, -10.584806584025522, 2.2996259684744857, 5.275198976287504
13.83098629074716, -10.700268913796094, 2.253406358535934, 5.275198976287504
13.90163044792133, -10.81224768812202, 2.2130643868554634, 5.275198976287504
13.97137907692667, -10.922806951610376, 2.1602992252204114, 5.275198976287504
14.03913187946581, -11.030624959078478, 2.1083355597114615, 5.2725331170588
14.106195039213482, -11.13755810561328, 2.1283729628640127, 5.2725331170588
14.175031316527171, -11.247318512915747, 2.1723216671119423, 5.2725331170588
14.242273766143821, -11.354537539655174, 2.0997862676997063, 5.2725331170588
14.309038556792592, -11.460994932487127, 2.063852524712797, 5.2725331170588
14.373432964110952, -11.563672715933423, 2.017632914774245, 5.2725331170588
14.438400838119746, -11.667264900041298, 2.0022709056906227, 5.2725331170588
14.501729757514823, -11.76889358457487, 1.9939887790542346, 5.246752379244892
14.540508971519529, -11.835747223137634, 1.979428266096714, 5.211575773699966
14.576663360933223, -11.90340451175773, 1.9659364146406626, 5.1908275185024095
14.65223641472389, -12.049121838463048, 2.082554100988512, 5.1908275185024095
14.713802746652586, -12.167831892559207, 2.050227090569062, 5.1908275185024095
14.75424470890703, -12.245810673762872, 2.040074806305103, 5.1908275185024095
14.832048680883444, -12.395829579110572, 2.010820197702378, 5.1908275185024095
14.903359934236889, -12.533329450843327, 2.1779321399946565, 5.1908275185024095
14.962461390660046, -12.647286817952358, 2.0480897675661236, 5.1908275185024095
15.018735457038558, -12.755792510182664, 2.1660432807908094, 5.2084719356464975
15.088700975708203, -12.874779166765304, 2.2902751803366286, 5.33931877332949
15.171732907766716, -12.981233648458915, 2.3771039273310177, 5.396399893971227
15.26192980778739, -13.091861691643262, 2.354394870424793, 5.396399893971227
15.350579896618106, -13.200592544402204, 2.3307507347047824, 5.396399893971227
15.439070728677054, -13.309128066002087, 2.440555703980764, 5.396399893971227
15.530941934284588, -13.421809673673959, 2.3531926262356397, 5.396399893971227
15.616740563411946, -13.52877725203171, 2.308576008549292, 5.353427819979065
15.695122507799168, -13.641814962526261, 2.261822067860005, 5.24092407554127
15.76035858249516, -13.760875129788928, 2.290809511087363, 5.1979369341667265
15.82474288628432, -13.882888355444846, 2.278519903820465, 5.1979369341667265
15.88764893287441, -14.002100169598389, 2.2213465134918513, 5.1979369341667265
15.949373268775984, -14.11907255077817, 2.229495057440556, 5.1979369341667265
16.013266592085213, -14.240155330524685, 2.278119155757414, 5.1979369341667265
16.077277984094952, -14.361461859572664, 2.2960192359070266, 5.1979369341667265
16.140385654990133, -14.481055767348208, 2.2229495057440554, 5.1979369341667265
16.20497064065718, -14.603449300653828, 2.3704247929468343, 5.1979369341667265
16.271763962844084, -14.730027802131259, 2.4016831418648144, 5.1979369341667265
16.33639488289743, -14.852508384644704, 2.2448570665241783, 5.1979369341667265
16.401700084379645, -14.976266782515209, 2.3092439219877106, 5.1979369341667265
16.4647321681991, -15.09571744694751, 2.28306171520171, 5.1979369341667265
16.528419688871306, -15.216410214810475, 2.256745925728026, 5.1979369341667265
16.589806150327373, -15.335684460441936, 2.236842105263158, 5.131468996898308
16.64069279428865, -15.458504469943222, 2.2051830082821264, 5.091054422765551
16.688948683349803, -15.57979123180016, 2.1631044616617685, 5.091054422765551
16.736311348169426, -15.698832956253893, 2.1190221747261555, 5.091054422765551
16.78412549427368, -15.819009437607086, 2.0740048089767567, 5.091054422765551
16.829783547848052, -15.933766777663717, 2.1685813518567993, 5.091054422765551
16.879202597610856, -16.05797703751784, 2.219609938551964, 5.091054422765551
16.929443206720432, -16.184252211619356, 2.233769703446433, 5.091054422765551
16.976558823101858, -16.302673002428016, 2.1460058776382582, 5.091054422765551
17.02490031466369, -16.424174918337982, 2.1784664707453913, 5.091054422765551
17.075662926306684, -16.551762098045263, 2.3272775848250067, 5.091054422765551
17.12516190127522, -16.676173242591023, 2.1454715468875234, 5.091054422765551
17.174145465869913, -16.799288950320946, 2.2399145070798823, 5.091054422765551
17.225013567949237, -16.92714127058781, 2.318461127437884, 5.091054422765551
17.275931837100252, -17.055119681199212, 2.287870691958322, 5.091054422765551
17.325800633612957, -17.18046033835846, 2.2160032059845043, 5.091054422765551
17.3746773603942, -17.303307519019683, 2.215068127170719, 5.091054422765551
17.425292026404925, -17.430522850916923, 2.3228693561314455, 5.091054422765551
17.474707225269285, -17.554723431890153, 2.1544215869623295, 5.091054422765551
17.52307242918331, -17.676284946627728, 2.198904621960994, 5.091054422765551
17.571418748686487, -17.797798997126524, 2.152685012022442, 5.091054422765551
17.61846142257059, -17.916036453642224, 2.1235639861074005, 5.091054422765551
17.66507974837973, -18.033207350098333, 2.0764092973550627, 5.091054422765551
17.71047829678858, -18.147312447665538, 2.0303232701041947, 5.091054422765551
17.75509687118446, -18.25945715191689, 1.9869088966069997, 5.091054422765551
17.79806130408872, -18.36744432287904, 1.9362810579748864, 5.091054422765551
17.840408693060937, -18.473880610376046, 1.8954047555436815, 5.091054422765551
17.88356263869671, -18.582344104248886, 1.990114881111408, 5.091054422765551
17.929665649799027, -18.698219804339473, 2.1102057173390327, 5.091054422765551
17.9750781459053, -18.812359958167967, 2.025647876035266, 5.091054422765551
18.021221794289865, -18.92833779634926, 2.1224953246059313, 5.091054422765551
18.068528206073243, -19.0472381339434, 2.1274378840502273, 5.091054422765551
18.11565322533704, -19.165682558036558, 2.1240983168581353, 5.091054422765551
18.162432906032596, -19.2832590052361, 2.1007213465134917, 5.091054422765551
18.20843739429344, -19.398887077179246, 2.061448036334491, 5.091054422765551
18.25367100519723, -19.512577619418863, 2.0340635853593376, 5.091054422765551
18.29841475869974, -19.625036949901148, 2.004808976756612, 5.091054422765551
18.34323888545803, -19.7374387025286, 1.9576542880042747, 5.092234289674102
18.38650337867693, -19.845807634405123, 2.0623831151482768, 5.092234289674102
18.433023323468902, -19.962330823583688, 2.1120758749666044, 5.092234289674102
18.480797677908214, -20.08199605889533, 2.1780657226823403, 5.092234289674102
18.528742746165594, -20.20208889829393, 2.1335826876836763, 5.092234289674102
18.576429438130983, -20.321534556581604, 2.163371627037136, 5.092234289674102
18.62486272320456, -20.44285028179162, 2.1796687149345444, 5.092234289674102
18.673713442027623, -20.56356621907974, 2.1681806037937483, 5.129389948244635
18.728984704811474, -20.67959248915599, 2.1378573336895537, 5.184842207392558
18.787017480263035, -20.793147123246868, 2.1013892599519104, 5.184842207392558
18.843978599875776, -20.904604813228122, 2.0691958322201445, 5.184842207392558
18.89948172126601, -21.01320959029295, 2.018835158963398, 5.184842207392558
18.953545067902255, -21.118997112899567, 1.968608068394336, 5.184842207392558
19.006297172957574, -21.222218886121162, 1.9340101522842639, 5.184842207392558
19.061350169640473, -21.329942889415673, 2.0484905156291746, 5.183172245338186
19.117316377179872, -21.441660908684693, 2.082954849051563, 5.169875119660222
19.17255136139755, -21.55385377348537, 2.092439219877104, 5.169875119660222
19.22767193561469, -21.665814249594284, 2.0765428800427466, 5.169875119660222
19.28286182470329, -21.77791551752404, 2.062783863211328, 5.169875119660222
19.33713369865125, -21.88815212033227, 2.05850921720545, 5.169875119660222
19.39177405401235, -21.999137179683963, 2.0554368153887257, 5.169875119660222
19.44595109718288, -22.109181162964152, 2.04795618487844, 5.169875119660222
19.499026035817643, -22.21961544680522, 2.042479294683409, 5.132537787971446
19.547945059713022, -22.332327031300963, 2.040876302431205, 5.1164895460315325
19.59617060639903, -22.44509966274556, 2.0340635853593376, 5.1164895460315325
19.64441485528739, -22.55791602820082, 2.0340635853593376, 5.1164895460315325
19.69241030139759, -22.670150582853875, 2.035399412236174, 5.1164895460315325
19.74084747269526, -22.7834180861242, 2.0459524445631847, 5.1164895460315325
19.78882904659251, -22.895620201415426, 2.0530323270104196, 5.1164895460315325
19.837244636876658, -23.008837238742878, 2.050227090569062, 5.1164895460315325
19.885943790471988, -23.12271737235394, 2.044616617686348, 5.1164895460315325
19.93391548894605, -23.234896394543345, 2.044616617686348, 5.1164895460315325
19.982079123761622, -23.34752424868573, 2.044883783061715, 5.1164895460315325
20.030150247390214, -23.459935770806794, 2.046620358001603, 5.1164895460315325
20.078236914518683, -23.5723836404968, 2.045818861875501, 5.1164895460315325
20.126043106947552, -23.684175636441427, 1.995458188618755, 5.1164895460315325
20.17161001888446, -23.790731205409603, 1.9425594442960192, 5.1164895460315325
20.217627824447103, -23.8983411628538, 1.9352123964734171, 5.1164895460315325
20.26271862850931, -24.00378338129365, 1.9178466470745392, 5.1164895460315325
20.307660900129644, -24.10887826527125, 1.8940689286668448, 5.1164895460315325
20.352135486753568, -24.21287949513072, 1.8755009350788139, 5.1164895460315325
20.396482343727037, -24.316582036643762, 1.9035532994923858, 5.1164895460315325
20.444007640615094, -24.42771717473037, 2.03379641998397, 5.1164895460315325
20.491926978728234, -24.53977375526613, 2.048757681004542, 5.1164895460315325
20.54068434812852, -24.6537900231456, 2.0559711461394605, 5.1164895460315325
20.58906191033308, -24.76691813402434, 2.052898744322736, 5.1164895460315325
20.637289629722684, -24.879695846209714, 2.0451509484370827, 5.1164895460315325
20.684959020773555, -24.991167940101544, 2.014560512957521, 5.1164895460315325
20.73230988974511, -25.101895188667076, 2.000267165375367, 5.1164895460315325
20.779049517083482, -25.21119308428257, 1.9688752337697035, 5.1164895460315325
20.825614068718338, -25.320081575564807, 1.9195832220144269, 5.1164895460315325
20.8694757090625, -25.422649466257532, 1.870825541009885, 5.1164895460315325
20.91300114283134, -25.524431157460292, 1.830884317392466, 5.1164895460315325
20.955320410902647, -25.623392300447087, 1.7749131712530055, 5.1164895460315325
20.996521388868594, -25.71973838717083, 1.7205450173657495, 5.1164895460315325
21.03640561061915, -25.813005316195284, 1.6737910766764628, 5.1164895460315325
21.07477903819679, -25.902739341060872, 1.611808709591237, 5.1164895460315325
21.111249491133343, -25.98802337059006, 1.504541811381245, 5.1164895460315325
21.14395559897048, -26.064504698404104, 1.3401015228426396, 5.1164895460315325
21.172724981373065, -26.131780223131685, 1.1433342238845845, 5.1164895460315325
21.196111130152296, -26.18646736964264, 0.9047555436815389, 5.1164895460315325
21.207017281442155, -26.211970769073194, 0.0, 5.1164895460315325
21.207017281442155, -26.211970769073194, 0.0, 5.1164895460315325
21.207017281442155, -26.211970769073194, 0.0, 5.1164895460315325
21.207017281442155, -26.211970769073194, 0.0, 5.1164895460315325
21.207017281442155, -26.211970769073194, 0.0, 5.1164895460315325
21.207017281442155, -26.211970769073194, 0.0, 5.1164895460315325
21.207017281442155, -26.211970769073194, 0.0, 5.1164895460315325
21.207017281442155, -26.211970769073194, 0.0, 5.1164895460315325
21.207017281442155, -26.211970769073194, 0.0, 5.1164895460315325
21.207017281442155, -26.211970769073194, 0.0, 5.1164895460315325
21.207017281442155, -26.211970769073194, 0.0, 5.1164895460315325
21.207017281442155, -26.211970769073194, 0.0, 5.1164895460315325
21.207017281442155, -26.211970769073194, 0.0, 5.1164895460315325
21.207017281442155, -26.211970769073194, 0.0, 5.1164895460315325
21.207017281442155, -26.211970769073194, 0.0, 5.1164895460315325
21.207017281442155, -26.211970769073194, 0.0, 5.1164895460315325
21.207017281442155, -26.211970769073194, 0.0, 5.1164895460315325
21.207017281442155, -26.211970769073194, 0.0, 5.1164895460315325
21.207017281442155, -26.211970769073194, 0.0, 5.1164895460315325
21.207017281442155, -26.211970769073194, 0.0, 5.1164895460315325
21.207017281442155, -26.211970769073194, 0.0, 5.1164895460315325
21.207017281442155, -26.211970769073194, 0.0, 5.1164895460315325
21.207017281442155, -26.211970769073194, 0.0, 5.1164895460315325
21.207017281442155, -26.211970769073194, 0.0, 5.1164895460315325
21.207017281442155, -26.211970769073194, 0.0, 5.1164895460315325
21.207017281442155, -26.211970769073194, 0.0, 5.1164895460315325
21.207017281442155, -26.211970769073194, 0.0, 5.1164895460315325
21.207017281442155, -26.211970769073194, 0.0, 5.1164895460315325
21.207017281442155, -26.211970769073194, 0.0, 5.1164895460315325
21.207017281442155, -26.211970769073194, 0.0, 5.1164895460315325
21.207017281442155, -26.211970769073194, 0.0, 5.1164895460315325
21.207017281442155, -26.211970769073194, 0.0, 5.1164895460315325
21.207017281442155, -26.211970769073194, 0.0, 5.1164895460315325
21.207017281442155, -26.211970769073194, 0.0, 5.1164895460315325
21.207017281442155, -26.211970769073194, 0.0, 5.1164895460315325
21.207017281442155, -26.211970769073194, 0.0, 5.1164895460315325
21.207017281442155, -26.211970769073194, 0.0, 5.1164895460315325
21.207017281442155, -26.211970769073194, 0.0, 5.1164895460315325
21.207017281442155, -26.211970769073194, 0.0, 5.1164895460315325
21.207017281442155, -26.211970769073194, 0.0, 5.1164895460315325
21.207017281442155, -26.211970769073194, 0.0, 5.1164895460315325
21.207017281442155, -26.211970769073194, 0.0, 5.1164895460315325
21.207017281442155, -26.211970769073194, 0.0, 5.1164895460315325
21.207017281442155, -26.211970769073194, 0.0, 5.1164895460315325
21.207017281442155, -26.211970769073194, 0.0, 5.1164895460315325
21.207017281442155, -26.211970769073194, 0.0, 5.1164895460315325
21.207017281442155, -26.211970769073194, 0.0, 5.1164895460315325
21.207017281442155, -26.211970769073194, 0.0, 5.1164895460315325
21.207017281442155, -26.211970769073194, 0.0, 5.1164895460315325
21.207017281442155, -26.211970769073194, 0.0, 5.1164895460315325
21.207017281442155, -26.211970769073194, 0.0, 5.1164895460315325
21.207017281442155, -26.211970769073194, 0.0, 5.1164895460315325
21.207017281442155, -26.211970769073194, 0.0, 5.1164895460315325
21.207017281442155, -26.211970769073194, 0.0, 5.1164895460315325
21.207017281442155, -26.211970769073194, 0.0, 5.1164895460315325
21.207017281442155, -26.211970769073194, 0.0, 5.1164895460315325
21.207017281442155, -26.211970769073194, 0.0, 5.1164895460315325
21.207017281442155, -26.211970769073194, 0.0, 5.1164895460315325
21.207017281442155, -26.211970769073194, 0.0, 5.1164895460315325
21.207017281442155, -26.211970769073194, 0.0, 5.1164895460315325
21.207017281442155, -26.211970769073194, 0.0, 5.1164895460315325
21.207017281442155, -26.211970769073194, 0.0, 5.1164895460315325
21.207017281442155, -26.211970769073194, 0.0, 5.1164895460315325
21.207017281442155, -26.211970769073194, 0.0, 5.1164895460315325
21.207017281442155, -26.211970769073194, 0.0, 5.1164895460315325
21.207017281442155, -26.211970769073194, 0.0, 5.1164895460315325
