0.0, 0.0, 0.0, 6.283185307179586
0.0, 0.0, 0.0, 6.283185307179586
0.0, 0.0, 0.0, 6.283185307179586
0.0, 0.0, 0.0, 6.283185307179586
0.0011115091851456051, 0.0, 0.0, 6.283185307179586
0.0011115091851456051, 0.0, 0.0, 6.283185307179586
0.005456348302431205, 0.0, 0.15722682340368688, 6.283185307179586
0.005456348302431205, 0.0, 0.0, 6.283185307179586
0.005456348302431205, 0.0, 0.0, 6.283185307179586
0.016818032123964734, 0.0, 0.39580550360673256, 6.283185307179586
0.015450940584557841, 0.0, 0.060780122896072666, 6.283185307179586
0.015450940584557841, 0.0, 0.0, 6.283185307179586
0.0166245944621961, 0.0, 0.05917713064386856, 6.283185307179586
0.0166245944621961, 0.0, 0.0, 6.283185307179586
0.0166245944621961, 0.0, 0.0, 6.283185307179586
0.02860566895858937, 0.0, 0.3674859738177932, 6.283185307179586
0.06868869144109004, 0.0, 0.7884050227090569, 6.283185307179586
0.1289351681667112, 0.0, 1.102725086828747, 6.283185307179586
0.20455844053219344, 0.0, 1.3307507347047822, 6.283185307179586
0.29309372993214, 0.0, 1.5468875233769703, 6.283185307179586
0.3918063593481165, 0.0, 1.6783328880577078, 6.283185307179586
0.4906432449692759, 0.0, 1.6178199305370025, 6.283185307179586
0.5919444466748597, 0.0, 1.7029121025915042, 6.283185307179586
0.6948203126476088, 0.0, 1.7125300561047287, 6.283185307179586
0.798244588328079, 0.0, 1.7705049425594444, 6.283185307179586
0.9105764907806572, 0.0, 1.854394870424793, 6.283185307179586
1.0233663403900612, 0.0, 1.8678867218808441, 6.283185307179586
1.1307391284552497, 0.0, 1.7853326208923324, 6.283185307179586
1.2405201787785198, 0.0, 1.8119155757413838, 6.283185307179586
1.3480655656147476, 0.0, 1.789206518835159, 6.283185307179586
1.453764506613946, 0.0, 1.7523376970344644, 6.283185307179586
1.5569841331765963, 0.0, 1.7178733636120758, 6.283185307179586
1.6670917300817525, 0.0, 1.8350253807106598, 6.283185307179586
1.777030829195832, 0.0, 1.8292813251402618, 6.283185307179586
1.8851233772268232, 0.0, 1.8048356932941492, 6.283185307179586
1.9933635039444295, 0.0, 1.7845311247662303, 6.283185307179586
2.100192114103126, 0.0, 1.8112476623029656, 6.283185307179586
2.2148423431130113, 0.0, 1.898477157360406, 6.283185307179586
2.330410241440556, 0.0, 1.9495057440555703, 6.283185307179586
2.446651016626236, 0.0, 1.9365482233502538, 6.283185307179586
2.563468555464601, 0.0, 1.9428266096713867, 6.283185307179586
2.678813970697302, 0.0, 1.9292011755276517, 6.283185307179586
2.7946211326315793, 0.0, 1.9286668447769169, 6.283185307179586
2.9158830418509223, 0.0, 2.022308308843174, 6.283185307179586
3.03801107146567, 0.0, 2.030456852791878, 6.283185307179586
3.1604580998685554, 0.0, 2.033529254608603, 6.283185307179586
3.2815661749655365, 0.0, 2.016163505209725, 6.283185307179586
3.4033926254234577, 0.0, 2.0170985840235107, 6.283185307179586
3.523626074066792, 0.0, 2.00507614213198, 6.283185307179586
3.6439375520726696, 0.0, 1.998397007747796, 6.283185307179586
3.763707263726423, 0.0, 1.9969275981832755, 6.283185307179586
3.8835833536350526, 0.0, 1.993053700240449, 6.283185307179586
4.004141342744061, -0.0006870012500952025, 1.9937216136788671, 6.25338734457189
4.121634405635263, -0.006339679899438868, 1.9883783061715201, 6.207272012677427
4.239881218732788, -0.015333468239755585, 1.983034998664173, 6.207272012677427
4.3587050893442605, -0.024371147260968375, 1.973149879775581, 6.207272012677427
4.471121402944216, -0.03292147097821564, 1.8483836494790276, 6.207272012677427
4.582829880476881, -0.04141795706887416, 1.8530590435479561, 6.207272012677427
4.693425469912959, -0.04982979749573029, 1.8360940422121292, 6.207272012677427
4.801611957826133, -0.05805840297003464, 1.8063051028586694, 6.207272012677427
4.908773030673207, -0.06620901593169616, 1.7835960459524445, 6.207272012677427
5.014758175985039, -0.07427018848411124, 1.7650280523644135, 6.207272012677427
5.120238185330771, -0.08229294066947232, 1.7543414373497195, 6.207272012677427
5.224702326008751, -0.09023842643606077, 1.7493988779054235, 6.207272012677427
5.328796620682671, -0.0981557819165815, 1.744990649211862, 6.207272012677427
5.432698365920704, -0.10605849219165395, 1.7423189954581886, 6.207272012677427
5.542877216026517, -0.11443863565153647, 1.8730964467005076, 6.207272012677427
5.660179606101662, -0.12336059169003881, 2.0208388992786537, 6.207272012677427
5.7842620023026, -0.13279823130972268, 2.0814854394870426, 6.207272012677427
5.910062499866569, -0.1423665487853381, 2.1007213465134917, 6.207272012677427
6.036230456889356, -0.1519628150276871, 2.1170184344109004, 6.207272012677427
6.163306236000521, -0.16162812972470186, 2.1330483569329415, 6.207272012677427
6.290796480021689, -0.17132496839752126, 2.1248998129842374, 6.207272012677427
6.417372310794883, -0.18095225729565803, 2.1200908362276247, 6.207272012677427
6.5441495795407585, -0.19059486745652102, 2.1116751269035534, 6.207272012677427
6.670427538365446, -0.20019950037613954, 2.1103393000267165, 6.207272012677427
6.795843693839463, -0.20973858500127246, 2.1025915041410634, 6.207272012677427
6.9153703372692945, -0.21882971654111194, 1.9531124766230297, 6.207272012677427
7.03370658537563, -0.2278303072595934, 1.96620358001603, 6.207272012677427
7.150627610789288, -0.23672325690920426, 1.9541811381244991, 6.207272012677427
7.26738059601533, -0.24560342551347034, 1.9393534597916111, 6.207272012677427
7.382487173467995, -0.25435836923727057, 1.9282660967138658, 6.207272012677427
7.497531773378808, -0.26310859898292055, 1.920384718140529, 6.207272012677427
7.612201448010249, -0.27183031211558306, 1.9130376703179268, 6.207272012677427
7.726040924546885, -0.28048888083234447, 1.9086294416243654, 6.207272012677427
7.840186216835079, -0.2891707097289669, 1.9039540475554368, 6.207272012677427
7.9541618941435726, -0.2978396378024144, 1.9032861341170184, 6.207272012677427
8.067541177161107, -0.3064632044502155, 1.9062249532460593, 6.207272012677427
8.18145777621909, -0.3151276390640367, 1.9039540475554368, 6.207272012677427
8.295170090201077, -0.3237765358660008, 1.901816724552498, 6.207272012677427
8.409400177247528, -0.3324648142058526, 1.8979428266096714, 6.207272012677427
8.522826720838305, -0.3410919754671697, 1.896874165108202, 6.207272012677427
8.637104885504971, -0.3497839105646864, 1.9015495591771308, 6.207272012677427
8.753791982207058, -0.3586590677236289, 1.907961528185947, 6.207272012677427
8.865389485827103, -0.36714711319880483, 1.910098851188886, 6.207272012677427
8.979453179115088, -0.3758227357198182, 1.9070264493721614, 6.207272012677427
9.09374241226842, -0.3845155126804152, 1.90515629174459, 6.207272012677427
9.207243544963767, -0.3931483471484886, 1.901415976489447, 6.207272012677427
9.321230738346712, -0.4018181511283002, 1.9012823938017633, 6.207272012677427
9.434332828410533, -0.4104206346306885, 1.903018968741651, 6.207272012677427
9.548135929793307, -0.41907643667301614, 1.9015495591771308, 6.207272012677427
9.661829271368246, -0.42772389044401116, 1.8990114881111408, 6.207272012677427
9.776587755093145, -0.4364523583480567, 1.8971413304835694, 6.207272012677427
9.889376660280183, -0.4450310211789242, 1.895671920919049, 6.207272012677427
10.003127323064628, -0.45368283476996185, 1.901015228426396, 6.207272012677427
10.11691885621476, -0.4623377569388016, 1.8990114881111408, 6.207272012677427
10.230789398378613, -0.4709986884902858, 1.8991450707988244, 6.207272012677427
10.344357024857995, -0.47963658043943563, 1.8954047555436815, 6.207272012677427
10.457782555394065, -0.48826366464836213, 1.8938017632914774, 6.207272012677427
10.570806485624882, -0.49686020335632985, 1.8934010152284264, 6.207272012677427
10.685005503843099, -0.5055461186179915, 1.8921987710392734, 6.207272012677427
10.797961069146172, -0.5141374575267096, 1.8963398343574673, 6.207272012677427
10.911323742501025, -0.5227597608525939, 1.9038204648677532, 6.207272012677427
11.025510553502928, -0.5314447476400166, 1.9078279454982634, 6.207272012677427
11.138909473617327, -0.5400698078747329, 1.9090301896874164, 6.207272012677427
11.25381573652518, -0.5488095157831202, 1.9042212129308043, 6.207272012677427
11.36691335327279, -0.5574116590475088, 1.9019503072401818, 6.207272012677427
11.480493507308532, -0.5660505038357868, 1.896473417045151, 6.207272012677427
11.594324265605703, -0.5747084094479925, 1.8944696767298959, 6.207272012677427
11.707988237135819, -0.5833536293493401, 1.9090301896874164, 6.207272012677427
11.822318341771567, -0.5920495149726772, 1.9118354261287738, 6.207272012677427
11.936552956312767, -0.600738137671319, 1.907160032059845, 6.207272012677427
12.050318454217747, -0.6093910796135621, 1.9012823938017633, 6.207272012677427
12.164568635104343, -0.618080886279975, 1.8983435746727224, 6.207272012677427
12.278096380940728, -0.6267157449290924, 1.8946032594175795, 6.207272012677427
12.391805973984512, -0.6353644347779757, 1.8974084958589368, 6.207272012677427
12.50559396886389, -0.6440190878278648, 1.895671920919049, 6.207272012677427
12.619172861755722, -0.6526578366942224, 1.894736842105263, 6.207272012677427
12.739595993380197, -0.6618171546389299, 2.068127170718675, 6.207272012677427
12.869437310947175, -0.6716928146879, 2.245925728025648, 6.207272012677427
12.99994305343793, -0.6816190105354758, 2.191824739513759, 6.207272012677427
13.136882163168167, -0.6920345247989291, 2.297488645471547, 6.207272012677427
13.272467455290428, -0.7023470684308823, 2.2938819129040877, 6.207272012677427
13.409031543084327, -0.7127340587296717, 2.270638525247128, 6.207272012677427
13.545625732974802, -0.7231233385775672, 2.243387656959658, 6.207272012677427
13.67742069878199, -0.7331475920499336, 2.212129308041678, 6.207272012677427
13.808846181032767, -0.7431437428038036, 2.1772642265562383, 6.207272012677427
13.937087475502576, -0.7528977059655714, 2.1387924125033395, 6.207272012677427
14.063467757034456, -0.7629311832668224, 2.0980496927598185, 6.184187457300118
14.186938805994105, -0.7768680932441108, 2.0673256745925728, 6.152449067292515
14.308976702796961, -0.7929143942720076, 2.0376703179267968, 6.152449067292515
14.429595815668431, -0.8087741447721337, 2.0245792145337966, 6.152449067292515
14.549471335683599, -0.8245361230627495, 2.012289607266898, 6.152449067292515
14.669096650193394, -0.8402652027787159, 2.002938819129041, 6.152449067292515
14.787006356904756, -0.8557687037203776, 1.992652952177398, 6.152449067292515
14.905397205156577, -0.8713354681416429, 1.9845044082286936, 6.152449067292515
15.021257942333609, -0.8865695578364199, 1.9054234571199573, 6.152449067292515
15.137943548012595, -0.901912106367653, 1.9520438151215602, 6.152449067292515
15.25445975812512, -0.9172323817171663, 1.9471012556772642, 6.152449067292515
15.369362092712333, -0.9323404546838198, 1.9340101522842639, 6.152449067292515
15.48382512994435, -0.9473907661043726, 1.9239914507079883, 6.152449067292515
15.600479181347204, -0.9627291656832985, 1.9998664173123164, 6.152449067292515
15.72681780885, -0.9793409535088138, 2.1779321399946565, 6.152449067292515
15.861782286424306, -0.9970869217036659, 2.333689553833823, 6.152449067292515
15.999056067189331, -1.015136531432285, 2.277584825006679, 6.152449067292515
16.14074298559006, -1.0337664079209457, 2.407160032059845, 6.152449067292515
16.282710933972652, -1.0524332359779718, 2.3865882981565587, 6.152449067292515
16.42467311300214, -1.0710993054445994, 2.3844509751536203, 6.152449067292515
16.56549192368061, -1.089615037735426, 2.3565321934277317, 6.152449067292515
16.703660381757853, -1.1077822851966739, 2.3187282928132515, 6.151075047791398
16.840808861214708, -1.1261983761246095, 2.270504942559444, 6.146965610669727
16.97366298978011, -1.1450272182144612, 2.2258883248730963, 6.130836364910448
17.104240307228554, -1.1659537467568786, 2.184477691691157, 6.11110425080946
17.231257309482867, -1.1888702450595388, 2.1399946566924926, 6.09184602719328
17.354561637894335, -1.2132257585209778, 2.0881645738712264, 6.082167903795291
17.474945131610976, -1.2382612123043524, 2.0327277584825008, 6.052850755398251
17.59063919026594, -1.2692431222967497, 1.9792946834090301, 5.945322607032041
17.69959348943425, -1.3129476956817396, 1.9452310980496927, 5.814465912507211
17.800121911006485, -1.3693843839973774, 1.9082286935613144, 5.685960715269087
17.89114080467712, -1.4370572357341698, 1.872962864012824, 5.559536784757313
17.97029004135979, -1.512945601614685, 1.8367619556505477, 5.44806743767946
18.042247929769683, -1.594516398387774, 1.8037670317926797, 5.424011983118151
18.112308245696433, -1.6757594395047777, 1.7758482500667914, 5.424011983118151
18.179886694530587, -1.7541244686176485, 1.6924926529521773, 5.424011983118151
18.24901520085417, -1.8342869687050813, 1.8201977023777718, 5.424011983118151
18.323167102178274, -1.9202746764179146, 1.8705583756345177, 5.424011983118151
18.397232650413407, -2.0061622477344887, 1.9320064119690088, 5.424011983118151
18.472793806594666, -2.0937841494812752, 1.924926529521774, 5.424011983118151
18.547801980499177, -2.1811039100088485, 1.9210526315789473, 5.405823390507205
18.618518163811217, -2.2728413948721196, 1.9296019235907027, 5.286168118084688
18.676652398537026, -2.3718027193225537, 1.9082286935613144, 5.1582361097023695
18.723293357321538, -2.481655423920756, 1.987977558108469, 5.0252043758306
18.754931135832372, -2.596640331478875, 1.9857066524178466, 4.892267108113133
18.770926560716834, -2.713473275120524, 1.9667379107667646, 4.76081979359569
18.771515519772272, -2.8302437955695847, 1.9442960192359071, 4.630656758719004
18.75698229238346, -2.945873846409624, 1.9296019235907027, 4.50075267202288
18.72704934803749, -3.060410817461499, 1.9819663371627037, 4.368791961489732
18.682230833285757, -3.1701764214055883, 1.9722148009617952, 4.2366302116362045
18.62960395766244, -3.2762513280448458, 1.9706118087095912, 4.259507421777995
18.577733168058412, -3.3828466829728114, 1.9708789740849586, 4.259507421777995
18.525903318061044, -3.4893579063127262, 1.9744857066524177, 4.259507421777995
18.474385759193392, -3.595227366069185, 1.9402885386053967, 4.259507421777995
18.42376118441788, -3.699261728327165, 1.9138391664440288, 4.259507421777995
18.3743324436484, -3.800838631362315, 1.8975420785466204, 4.259507421777995
18.325656119269706, -3.9026325571555454, 1.871226289072936, 4.3216170124989
18.28797483865046, -4.005917648724173, 1.8145872294950574, 4.4444734991180805
18.258764666871443, -4.113075007986517, 1.9122361741918248, 4.447134822649298
18.22820145104914, -4.225582288433341, 1.9702110606465402, 4.447134822649298
18.195887910545586, -4.34453274786146, 1.9997328346246326, 4.447134822649298
18.164701524233337, -4.459334002132458, 2.0488912636922256, 4.447134822649298
18.132381348215123, -4.578308887776477, 2.044883783061715, 4.447134822649298
18.100231688621932, -4.696656079680341, 2.044483034998664, 4.447134822649298
18.06741371714256, -4.817463416918432, 2.020571733903286, 4.447134822649298
18.036585419511386, -4.930946498916556, 1.9883783061715201, 4.447134822649298
18.00591906217401, -5.043833457059258, 1.9445631846112743, 4.447134822649298
17.975864388211118, -5.1544687269844065, 1.8845845578413039, 4.447134822649298
17.946709704117247, -5.261791013970129, 1.8211327811915576, 4.447134822649298
17.91729925105561, -5.370054820694915, 1.9054234571199573, 4.447134822649298
17.886877670442114, -5.482040723016776, 1.9779588565321935, 4.447134822649298
17.855415560457335, -5.597856952960857, 1.9559177130643868, 4.447134822649298
17.82401892851934, -5.71343214946737, 2.0277851990382048, 4.447134822649298
17.79212244529514, -5.8308473653346065, 2.029388191290409, 4.447134822649298
17.76029111445384, -5.948022746576533, 2.029254608602725, 4.447134822649298
17.72855166163481, -6.064859912544315, 1.9998664173123164, 4.447134822649298
17.697727242661593, -6.178328716684351, 1.9539139727491317, 4.447134822649298
17.667412439974914, -6.289921555192902, 1.9131712530056104, 4.447134822649298
17.637842454278786, -6.398155433878378, 1.85973817793214, 4.431961805286553
17.606717559000508, -6.502285680911053, 1.794549826342506, 4.412306148278314
17.575358136604784, -6.603632432702045, 1.7399145070798825, 4.412306148278314
17.544913483599153, -6.702022851141165, 1.7658295484905155, 4.412306148278314
17.512899410836955, -6.805485288845108, 1.8191290408763023, 4.412306148278314
17.48036603232903, -6.910626008433565, 1.8343574672722416, 4.412306148278314
17.44961672020967, -7.010001018080719, 1.720277851990382, 4.412306148278314
17.417986663150366, -7.1122224015447575, 1.77397809243922, 4.412306148278314
17.387318270087988, -7.211335898607922, 1.7393801763291477, 4.412306148278314
17.356839562219037, -7.309836374870696, 1.6946299759551162, 4.412306148278314
17.327364185648122, -7.405094305185303, 1.6403954047555436, 4.412306148278314
17.298587543878348, -7.4980940783959555, 1.6041944963932675, 4.412306148278314
17.270832853635856, -7.587791129175349, 1.5514293347582153, 4.412306148278314
17.243872531625822, -7.674920956647183, 1.4994656692492654, 4.412306148278314
17.217867911436453, -7.758962166159702, 1.4448303499866417, 4.412306148278314
17.192710437137105, -7.840265586590427, 1.407961528185947, 4.412306148278314
17.166691282443107, -7.924353768423246, 1.5364680737376435, 4.412306148278314
17.139180436317886, -8.013262768679347, 1.5734704782260218, 4.412306148278314
17.109393619458384, -8.109527205466776, 1.6752604862409832, 4.412306148278314
17.07839546765706, -8.209706410202903, 1.7754475020037404, 4.412306148278314
17.047025745479182, -8.311086448623104, 1.767298958055036, 4.412306148278314
17.015571377195187, -8.412740044629862, 1.7827945498263424, 4.412306148278314
16.983899698002794, -8.51509594166809, 1.7873363612075874, 4.412306148278314
16.95242656689553, -8.616810174990448, 1.771039273310179, 4.412306148278314
16.920274106956214, -8.720719849595417, 1.887790542345712, 4.412306148278314
16.886721992849743, -8.829152898441203, 1.8891263692225488, 4.412306148278314
16.852417705860532, -8.94001680451035, 1.9090301896874164, 4.412306148278314
16.818680360724432, -9.049048479279373, 1.9242586160833557, 4.412306148278314
16.78469540114296, -9.158880389442349, 1.9110339300026717, 4.412306148278314
16.7507426745991, -9.268608129521432, 1.9032861341170184, 4.412306148278314
16.717026234466793, -9.377572243918836, 1.9028853860539674, 4.412306148278314
16.683286488089212, -9.486611678971872, 1.8994122361741919, 4.412306148278314
16.649424724334647, -9.596045447334477, 1.8978092439219878, 4.412306148278314
16.616028521096357, -9.703974626566232, 1.8954047555436815, 4.412306148278314
16.582421670726337, -9.812584570969783, 1.8905957787870693, 4.412306148278314
16.548615220381695, -9.921839578564557, 1.8871226289072935, 4.412306148278314
16.515271026358295, -10.029600675459646, 1.8876569596580284, 4.412306148278314
16.482048636630168, -10.136968127678369, 1.8909965268501203, 4.412306148278314
16.448948761771685, -10.24393963880073, 1.8351589633983436, 4.412306148278314
16.41607399960471, -10.350183635245594, 1.88445097515362, 4.412306148278314
16.38328088456465, -10.456163766144664, 1.8387656959658027, 4.412306148278314
16.35094594633931, -10.560663170411347, 1.8139193160566391, 4.412306148278314
16.31928400289489, -10.662987603654702, 1.7922789206518834, 4.412306148278314
16.288140555709848, -10.763636371095279, 1.7452578145872295, 4.412306148278314
16.2574196059627, -10.862919719797265, 1.7022441891530857, 4.412306148278314
16.228139247425354, -10.957547394745774, 1.6525514293347583, 4.412306148278314
16.19956113777029, -11.049905555853439, 1.5861608335559712, 4.412306148278314
16.171938218898884, -11.139176750560907, 1.5331285065455518, 4.412306148278314
16.1452915656, -11.22529286978862, 1.4850387389794282, 4.412306148278314
16.119084721715556, -11.309987621779463, 1.4994656692492654, 4.412306148278314
16.09056290011837, -11.402163872271588, 1.623831151482768, 4.412306148278314
16.061852780831092, -11.494948659458688, 1.625834891798023, 4.412306148278314
16.032041540455268, -11.59129202767589, 1.646005877638258, 4.412306148278314
16.003655077464163, -11.683030828942066, 1.6227624899812985, 4.412306148278314
15.972329186630422, -11.784269214104146, 1.8135185679935881, 4.412306148278314
15.938827619748587, -11.892538905444038, 1.9314720812182742, 4.412306148278314
15.902885829182143, -12.008694862702923, 2.0558375634517767, 4.412306148278314
15.865345078503259, -12.13001830715574, 2.1049959925193695, 4.412306148278314
15.828322280149377, -12.249667843681962, 2.1041944963932675, 4.412306148278314
15.790345514414964, -12.37240039283869, 2.1371894202511355, 4.412306148278314
15.752336496710686, -12.4952371732642, 2.1350520972481966, 4.412306148278314
15.714643528732873, -12.617052550528093, 2.1282393801763293, 4.412306148278314
15.677022286298921, -12.738636126619156, 2.1211594977290944, 4.412306148278314
15.639489722112216, -12.859933114130884, 2.1094042212129307, 4.412306148278314
15.602182457167286, -12.980501984075694, 2.1067325674592574, 4.412306148278314
15.564855993785326, -13.101132899143906, 2.1009885118888594, 4.412306148278314
15.527455425268249, -13.222003305700207, 2.0939086294416245, 4.412306148278314
15.490443922354068, -13.341616337851153, 2.0900347314987977, 4.412306148278314
15.453347137256435, -13.461504983250626, 2.087496660432808, 4.412306148278314
15.41623105024068, -13.581456008201615, 2.0901683141864815, 4.412306148278314
15.379105855180528, -13.70143646834766, 2.0904354795618487, 4.412306148278314
15.341885323831859, -13.821725034397161, 2.0951108736307775, 4.412306148278314
15.304617778966922, -13.942165537784785, 2.094442960192359, 4.412306148278314
15.267610476166952, -14.061764996090927, 2.0971146139460326, 4.412306148278314
15.230197956529619, -14.182674026037766, 2.1008549292011756, 4.412306148278314
15.193115649277575, -14.30251588222649, 2.1037937483302165, 4.412306148278314
15.155960059236243, -14.422594572262561, 2.1012556772642266, 4.412306148278314
15.118707054126123, -14.542988086362442, 2.0975153620090836, 4.412306148278314
15.081573074194175, -14.662996937280807, 2.0935078813785735, 4.412306148278314
15.044223388352568, -14.783702902227937, 2.092038471814053, 4.412306148278314
15.007148130755082, -14.903521975484574, 2.0912369756879507, 4.412306148278314
14.969894549318651, -15.023917352144256, 2.0945765428800427, 4.412306148278314
14.932225279673247, -15.145656141613191, 2.1012556772642266, 4.412306148278314
14.895297976244352, -15.264997059557802, 2.1071333155223084, 4.412306148278314
14.858156347881465, -15.385030628521744, 2.1017900080149614, 4.412306148278314
14.820920567761602, -15.505368475243875, 2.1011220945765428, 4.412306148278314
14.783188192029808, -15.62731120969602, 2.0987176061982367, 4.412306148278314
14.746590763579343, -15.745586044307238, 2.0963131178199306, 4.412306148278314
14.709510994566397, -15.865419697465798, 2.099385519636655, 4.412306148278314
14.672358677298588, -15.985487810618096, 2.0947101255677265, 4.412306148278314
14.63502300282581, -16.106148493904712, 2.0983168581351856, 4.412306148278314
14.59902601303055, -16.222482842923217, 1.9763558642799892, 4.412306148278314
14.56366730940941, -16.336754391497117, 2.022308308843174, 4.412306148278314
14.525704778021916, -16.459440938377217, 2.1681806037937483, 4.412306148278314
14.486360838154225, -16.586591893453292, 2.179935880309912, 4.412306148278314
14.447951839293331, -16.710721324951553, 2.2201442693026983, 4.412306148278314
14.408452910497603, -16.838373170134016, 2.193962062516698, 4.412306148278314
14.369348160572171, -16.964751115956183, 2.2085225754742184, 4.412306148278314
14.330735788396177, -17.089537805251677, 2.1739246593641464, 4.412306148278314
14.292461872048582, -17.213230679795103, 2.1395939086294415, 4.412306148278314
14.255032795672927, -17.33419321747649, 2.1028586695164306, 4.412306148278314
14.218462241511434, -17.45238120030008, 2.0504942559444297, 4.412306148278314
14.182660182528428, -17.568085575832573, 2.006679134384184, 4.412306148278314
14.147743035402742, -17.680930110988257, 1.9569863745658562, 4.412306148278314
14.111819240887362, -17.797027908970566, 2.043280790809511, 4.412306148278314
14.074878115580267, -17.916413496183683, 2.1134117018434413, 4.412306148278314
14.037073270121471, -18.038590436844792, 2.145605129575207, 4.412306148278314
13.999741960067807, -18.159237015289328, 2.0496927598183277, 4.412306148278314
13.962800858198904, -18.278622526755367, 2.0979161100721346, 4.412306148278314
13.925427639798073, -18.399404543755004, 2.103125834891798, 4.412306148278314
13.888695500706648, -18.5181147335115, 2.0682607534063586, 4.412306148278314
13.852524805586627, -18.63501045991161, 2.023644135720011, 4.412306148278314
13.81721054698491, -18.74913837196393, 1.979829014159765, 4.412306148278314
13.782681054993173, -18.860730091039482, 1.9324071600320598, 4.412306148278314
13.748950296547628, -18.96974047907419, 1.882847982901416, 4.412306148278314
13.716162973581614, -19.075701891264632, 1.8315522308308843, 4.412306148278314
13.68422217950206, -19.178927508393, 1.7926796687149344, 4.412306148278314
13.652779413894065, -19.280543607104367, 1.759951910232434, 4.412306148278314
13.622215642413643, -19.379318990239135, 1.7361741918247395, 4.412306148278314
13.591359871719835, -19.47903805057015, 1.722415174993321, 4.412306148278314
13.560872987848967, -19.577564949871796, 1.7174726155490248, 4.412306148278314
13.53069176059673, -19.675104034249088, 1.7013091103393, 4.412306148278314
13.49850043125656, -19.779139326203477, 1.870825541009885, 4.412306148278314
13.464278904927633, -19.889735768032043, 1.9613946032594176, 4.412306148278314
13.428919401326077, -20.0040099019666, 1.989313384985306, 4.412306148278314
13.393457154149681, -20.118616080523854, 2.003205984504408, 4.412306148278314
13.357505684475347, -20.234803318529313, 2.0410098851188887, 4.412306148278314
13.318628452173822, -20.360445977461712, 2.232300293881913, 4.412306148278314
13.278677406415829, -20.48955896516705, 2.21947635586428, 4.412306148278314
13.239896680630611, -20.614889736277316, 2.2188084424258614, 4.412306148278314
13.200423928146138, -20.74245698538253, 2.2019770237777183, 4.412306148278314
13.16059790137258, -20.8711659392436, 2.2035800160299224, 4.412306148278314
13.122232011276155, -20.995156052702214, 2.174993320865616, 4.412306148278314
13.084640032358513, -21.116645055548698, 2.1351856799358804, 4.412306148278314
13.04697231830956, -21.238378817672245, 2.1037937483302165, 4.412306148278314
13.010362150348, -21.35669482357969, 2.062249532460593, 4.412306148278314
12.973945985414485, -21.4743838543955, 2.0376703179267968, 4.412306148278314
12.93820844049882, -21.58987973466021, 2.01562917445899, 4.412306148278314
12.901903600753316, -21.70720898696814, 2.1005877638258084, 4.412306148278314
12.862937648407762, -21.833138369557876, 2.2361741918247393, 4.412306148278314
12.823323920116664, -21.961161221444993, 2.2217472615549023, 4.412306148278314
12.784474618045916, -22.086713616018237, 2.233769703446433, 4.412306148278314
12.744548216553374, -22.21574695888119, 2.231365215068127, 4.412306148278314
12.704849733414779, -22.344043719783087, 2.2448570665241783, 4.412306148278314
12.665193879215403, -22.472202713334944, 2.218942025113545, 4.412306148278314
12.626424804433164, -22.597495830967667, 2.1776649746192893, 4.412306148278314
12.587872001995569, -22.72209000397841, 2.1350520972481966, 4.412306148278314
12.550931990320402, -22.841471992178217, 2.0929735506278386, 4.412306148278314
12.514227110350856, -22.96009408645183, 2.054902484637991, 4.412306148278314
12.477764451060384, -23.07793337679713, 2.027518033662837, 4.412306148278314
12.442851727948154, -23.190763614514932, 1.9854394870424792, 4.412306148278314
12.407909679687112, -23.30368862465999, 1.9601923590702646, 4.412306148278314
12.373498647923272, -23.414897506348993, 1.9397542078546621, 4.412306148278314
12.339418012464215, -23.52503861989256, 1.9254608602725087, 4.412306148278314
12.314311348106, -23.606177833775483, 1.9133048356932942, 4.412306148278314
12.271688464311596, -23.74392561401254, 1.9026182206786, 4.412306148278314
12.238202274583465, -23.852145609775775, 1.8776382580817526, 4.412306148278314
12.204685604971518, -23.960464109815675, 1.8892599519102324, 4.412306148278314
12.171325772221461, -24.068275747633653, 1.8887256211594978, 4.412306148278314
12.137842164753117, -24.17648739810155, 1.876168848517232, 4.412306148278314
12.104574867955138, -24.283999980087167, 1.8701576275714666, 4.412306148278314
12.071582792294262, -24.390623107926665, 1.862676997061181, 4.412306148278314
12.036978107154617, -24.502457834708203, 1.9877103927331017, 4.412306148278314
12.000005208354663, -24.62194610685772, 2.1061982367085226, 4.412306148278314
11.961880474188343, -24.745156857422387, 2.1640395404755544, 4.412306148278314
11.923563313613913, -24.868989487790014, 2.169516430670585, 4.412306148278314
11.884896113798401, -24.9939533679503, 2.1915575741383915, 4.412306148278314
11.845957167498096, -25.119795472945114, 2.193427731765963, 4.412306148278314
11.807345786661987, -25.244578958448276, 2.1747261554902484, 4.412306148278314
11.768823018318818, -25.369076067875554, 2.1593641464066256, 4.412306148278314
11.731151275695826, -25.490822849463814, 2.1152818594710125, 4.412306148278314
11.694014010140984, -25.61084231879229, 2.0866951643067058, 4.412306148278314
11.65737233797875, -25.729260139343065, 2.0480897675661236, 4.412306148278314
11.623406523998868, -25.83903017513515, 2.020170985840235, 4.412306148278314
11.584013891055957, -25.966338495514258, 2.003606732567459, 4.412306148278314
11.550201973803809, -26.07561117095097, 1.9934544483035, 4.412306148278314
11.514915374728, -26.189649693502695, 1.9853059043547956, 4.412306148278314
11.474700312716696, -26.31961592363563, 1.9738177932139995, 4.412306148278314
11.443711588529904, -26.419764660396368, 1.9643334223884585, 4.412306148278314
11.40927593022741, -26.53105312963864, 1.967806572268234, 4.412306148278314
11.373152149946709, -26.647797237602813, 1.9734170451509485, 4.412306148278314
11.339769699889425, -26.75568196958027, 1.9762222815923056, 4.412306148278314
11.306922597578152, -26.861836575458707, 1.9795618487843976, 4.412306148278314
11.269932407425848, -26.981380729453644, 1.9774245257814587, 4.412306148278314
11.233365643167874, -27.099556464143124, 1.979027518033663, 4.412306148278314
11.19852352727463, -27.21215851486797, 2.0435479561848786, 4.412306148278314
11.159917732717934, -27.336923946745465, 2.1969008816457385, 4.412306148278314
11.121974658105653, -27.459547613610003, 2.253005610472883, 4.412306148278314
11.082018455077261, -27.58867726847829, 2.262222815923056, 4.412306148278314
11.041521131734736, -27.71955570511537, 2.2843975420785467, 4.412306148278314
10.999817770255682, -27.854331791592134, 2.296553566657761, 4.412306148278314
10.960226144877474, -27.982283211729072, 2.2831952978893937, 4.412306148278314
10.919892656691824, -28.112632169194985, 2.257814587229495, 4.412306148278314
10.880569254990965, -28.239716749435768, 2.212396473417045, 4.412306148278314
10.841991620414676, -28.364391174453864, 2.1612343040341973, 4.412306148278314
10.804020328334039, -28.487106033966203, 2.1270371359871763, 4.412306148278314
10.766815899861271, -28.60734255906461, 2.0884317392465936, 4.412306148278314
10.730040485372959, -28.72619260538006, 2.06104728827144, 4.412306148278314
10.693755301161675, -28.84345833532706, 2.0439487042479296, 4.412306148278314
10.657579198487147, -28.96037153775328, 2.031792679668715, 4.412306148278314
10.621729369558091, -29.076230295238478, 2.0216403954047557, 4.412306148278314
10.585717672611128, -29.19261217453462, 2.015094843708255, 4.412306148278314
10.550195785254136, -29.307411097030307, 2.017232166711194, 4.412306148278314
10.51446692279943, -29.422878917491982, 2.0121560245792147, 4.412306148278314
10.478746676438536, -29.53831889263463, 2.01162169382848, 4.412306148278314
10.442931420413839, -29.65406591810155, 2.017766497461929, 4.412306148278314
10.407172237931142, -29.76963172622104, 2.018968741651082, 4.412306148278314
10.37097387721117, -29.88661686175171, 2.0208388992786537, 4.412306148278314
10.33570369398423, -30.000602331892587, 2.016965001335827, 4.412306148278314
10.299860951121127, -30.11643818877209, 2.013892599519102, 4.412306148278314
10.264198688678547, -30.2316907726515, 2.011888859203847, 4.412306148278314
10.228632577343154, -30.346632617312842, 2.013491851456051, 4.412306148278314
10.192649630853769, -30.462921581457323, 2.015228426395939, 4.412306148278314
10.15728218004971, -30.577221399001388, 2.0158963398343577, 4.412306148278314
10.121375181184517, -30.693264917138574, 2.0158963398343577, 4.412306148278314
10.085855874080742, -30.808055500823713, 2.016430670585092, 4.412306148278314
10.050038826619492, -30.92380831581931, 2.012289607266898, 4.412306148278314
10.014254431499285, -31.039455605634593, 2.0026716537536737, 4.412306148278314
9.979388684158847, -31.1521340279961, 1.958722949505744, 4.412306148278314
9.943801552144993, -31.26714380686412, 2.049158429067593, 4.412306148278314
9.906543183076488, -31.38755465609703, 2.1325140261822066, 4.412306148278314
9.868681858257206, -31.5099141256216, 2.1266363879241252, 4.412306148278314
9.83100942132594, -31.631663151061403, 2.1210259150414106, 4.412306148278314
9.793546041546602, -31.752736549794207, 2.1166176863478494, 4.412306148278314
9.755967925841473, -31.874180749788785, 2.1111407961528186, 4.412306148278314
9.71859041620191, -31.994976635127617, 2.1112743788405024, 4.412306148278314
9.68124957414158, -32.11565401891995, 2.1037937483302165, 4.412306148278314
9.638926582269807, -32.25243261446147, 2.0975153620090836, 4.412306148278314
9.59221853342201, -32.39988483232213, 2.0939086294416245, 4.382964015600826
9.551516617184046, -32.516026196379094, 2.0915041410633184, 4.3714900952316995
9.510053577301967, -32.63290627503487, 2.0852257547421855, 4.3714900952316995
9.468486150616606, -32.75008060943777, 2.0850921720545017, 4.3714900952316995
9.426694278397946, -32.86788763289724, 2.087897408495859, 4.3714900952316995
9.384922190207085, -32.985638887201056, 2.096981031258349, 4.3714900952316995
9.342975184705548, -33.1038832155556, 2.0972481966337164, 4.3714900952316995
9.300733598802283, -33.22295793600445, 2.0919048891263694, 4.3714900952316995
9.258761200079846, -33.34127384525765, 2.0935078813785735, 4.3714900952316995
9.216649952846996, -33.459981154294, 2.0893668180603795, 4.3714900952316995
9.17472708147253, -33.57815745100691, 2.0893668180603795, 4.3714900952316995
9.133010975900435, -33.69575089602073, 2.0844242586160835, 4.3714900952316995
9.090879557781586, -33.814515064726535, 2.0868287469943896, 4.3714900952316995
9.050895079416279, -33.92722722933478, 1.9505744055570398, 4.3714900952316995
9.01034241316018, -34.04154105763089, 2.078813785733369, 4.3714900952316995
8.967021375949876, -34.163658641170116, 2.201442693026984, 4.3714900952316995
8.921209542445705, -34.292797525307925, 2.3338231365215067, 4.3714900952316995
8.875044349964487, -34.42293249234626, 2.272775848250067, 4.3714900952316995
8.827490031366075, -34.556983264166455, 2.3868554635319263, 4.3714900952316995
8.77981584076613, -34.691371942927574, 2.3833823136521506, 4.3714900952316995
8.731696465707623, -34.82701555125201, 2.3771039273310177, 4.3714900952316995
8.684233785753632, -34.96080800308414, 2.3537269569863746, 4.3714900952316995
8.637616238172164, -35.09221811299305, 2.3212663638792415, 4.3714900952316995
8.5918017989385, -35.22136434241642, 2.271039273310179, 4.3714900952316995
8.5466692751875, -35.34858832167489, 2.239246593641464, 4.3714900952316995
8.502277738282446, -35.47372353462285, 2.2045150948437082, 4.3714900952316995
8.458102892289459, -35.598247918000226, 2.1804702110606464, 4.3714900952316995
8.414907743780512, -35.720010634135654, 2.1632380443494523, 4.3714900952316995
8.371668068015362, -35.84189886806289, 2.150146940956452, 4.3714900952316995
8.328528771135415, -35.96350414415512, 2.1409297355062784, 4.3714900952316995
8.285639766133782, -36.08440387298145, 2.1329147742452577, 4.3714900952316995
8.242975090676156, -36.204671239713186, 2.1313117819930536, 4.3714900952316995
8.200740294125824, -36.3237268216689, 2.1150146940956454, 4.3714900952316995
8.158447808182459, -36.4429450241371, 2.1053967405824205, 4.3714900952316995
8.115939040585898, -36.56277290251689, 2.1084691423991453, 4.3714900952316995
8.073687611896906, -36.681875368774385, 2.112610205717339, 4.3714900952316995
8.031534787806706, -36.80069987872921, 2.1110072134651348, 4.3714900952316995
7.988739712437683, -36.92133482950554, 2.1727224151749933, 4.3714900952316995
7.942990270987008, -37.05029783681085, 2.345711995725354, 4.3714900952316995
7.895964747053075, -37.182857990428595, 2.2839967940154957, 4.3714900952316995
7.849291295778269, -37.31442568714477, 2.3718942025113545, 4.3714900952316995
7.801746559389492, -37.44844944769374, 2.349853059043548, 4.3714900952316995
7.754785604431609, -37.58082758795644, 2.3478493187282927, 4.3714900952316995
7.708051712762906, -37.71256565997584, 2.3274111675126905, 4.3714900952316995
7.661744843458511, -37.84309999952241, 2.288271440021373, 4.3714900952316995
7.6162476679135525, -37.97135189498, 2.242185412770505, 4.3714900952316995
7.571963152910534, -38.09618542410634, 2.2094576542880042, 4.3714900952316995
7.528517542421658, -38.21865416700676, 2.1490782794549825, 4.3714900952316995
7.485937656888169, -38.33868251959408, 2.1223617419182474, 4.3714900952316995
7.440769434348154, -38.46600713009618, 2.273844509751536, 4.3714900952316995
7.393711451181948, -38.59865878297766, 2.2996259684744857, 4.3714900952316995
7.34833204351887, -38.726578702792935, 2.3049692759818328, 4.3714900952316995
7.301538846623249, -38.858483950195684, 2.3179267966871495, 4.3714900952316995
7.254936050071378, -38.989852478457315, 2.3258081752604864, 4.3714900952316995
7.208829728510727, -39.1198214943776, 2.2922789206518837, 4.3714900952316995
7.16347849729271, -39.2476619876693, 2.238578680203046, 4.3714900952316995
7.1191219683430385, -39.37269851676314, 2.1932941490782794, 4.3714900952316995
7.075342521366997, -39.49610831065714, 2.1339834357467273, 4.3714900952316995
7.033864172646582, -39.61303154336612, 2.080416777985573, 4.3714900952316995
6.992972770788931, -39.728300232759366, 2.0179000801496128, 4.3714900952316995
6.951356355440733, -39.845612661204136, 2.1425327277584825, 4.3714900952316995
6.908167977329754, -39.96735629227854, 2.169516430670585, 4.3714900952316995
6.864858910317302, -40.089440133051426, 2.1540208388992785, 4.3714900952316995
6.82189862910343, -40.21054078224724, 2.1367886721880844, 4.3714900952316995
6.779218899515425, -40.33085058503644, 2.1215602457921454, 4.3714900952316995
6.7368376412203625, -40.450319027705994, 2.1069997328346246, 4.3714900952316995
6.694621921936196, -40.569320832794965, 2.1009885118888594, 4.3714900952316995
6.652537926093843, -40.687951322942155, 2.0951108736307775, 4.3714900952316995
6.610713518850209, -40.80585005931725, 2.0945765428800427, 4.3714900952316995
6.568777252307046, -40.92406411564391, 2.0909698103125836, 4.3714900952316995
6.5271075224238775, -41.04152683232269, 2.056505476890195, 4.3714900952316995
6.487181605637209, -41.15407391781621, 1.994255944429602, 4.3714900952316995
6.444824409269428, -41.27347453236797, 2.1429334758215335, 4.3714900952316995
6.400487315236359, -41.398456276415004, 2.16497461928934, 4.3714900952316995
6.355451490277757, -41.52540767164457, 2.260352658295485, 4.3714900952316995
6.310848280709893, -41.65113956823051, 2.2193427731765962, 4.3714900952316995
6.26619733904912, -41.77700601671591, 2.210927063852525, 4.3714900952316995
6.222249751450104, -41.90088978186948, 2.2065188351589633, 4.3714900952316995
6.17846411639781, -42.02431701931903, 2.171653753673524, 4.3714900952316995
6.13537522189833, -42.14578021624363, 2.1339834357467273, 4.3714900952316995
6.092935270314568, -42.265414109305134, 2.1005877638258084, 4.3714900952316995
6.051216112334381, -42.38301615874591, 2.0724018167245526, 4.3714900952316995
6.009769942476263, -42.49984868252551, 2.054768901950307, 4.3714900952316995
5.966917292155715, -42.6206459312154, 2.204114346780657, 4.3714900952316995
5.92081048334401, -42.75061632064669, 2.3417045150948437, 4.3714900952316995
5.874257191139192, -42.88184530120525, 2.261554902484638, 4.3714900952316995
5.8281522275174416, -43.01181048923434, 2.3266096713865885, 4.3714900952316995
5.781643402509761, -43.142914121301494, 2.3207320331285066, 4.3714900952316995
5.73527461166173, -43.27362301136129, 2.290809511087363, 4.3714900952316995
5.689815959557043, -43.401766313171585, 2.263024312049158, 4.3714900952316995
5.64509274050377, -43.52783650425146, 2.2122628907293613, 4.3714900952316995
5.601151083786308, -43.6517035508551, 2.166711194229228, 4.3714900952316995
5.558324138785443, -43.772428338871705, 2.1305102858669516, 4.3714900952316995
5.516360493835088, -43.89071957213462, 2.078012289607267, 4.3714900952316995
5.475184875179205, -44.006789439681405, 2.0426128773710928, 4.3714900952316995
5.434507004618437, -44.12145620613688, 2.017632914774245, 4.3714900952316995
5.394211579116547, -44.235044898994985, 1.9997328346246326, 4.3714900952316995
5.354342308375251, -44.34743230506662, 1.9862409831685814, 4.3714900952316995
5.314656397785556, -44.45930283758044, 1.9800961795351322, 4.3714900952316995
5.2748494076874985, -44.57151468087371, 1.9660699973283462, 4.3714900952316995
5.235402813108557, -44.682710605972346, 1.9619289340101522, 4.3714900952316995
5.195277229709921, -44.79419466934624, 1.9615281859471012, 4.350426916932008
5.151703047746708, -44.904145608307886, 1.9759551162169382, 4.29742677364924
5.101079549637895, -45.01097385883679, 1.9739513759016831, 4.195326670351937
5.038720970758423, -45.11029671865061, 1.9531124766230297, 4.064602044204608
4.963992856961152, -45.20059375441387, 1.9870424792946835, 3.93395335521782
4.872318478111009, -45.28531167396877, 2.1150146940956454, 3.7948029298981796
4.768273969120732, -45.357438232095035, 2.1039273310179, 3.653670551613996
4.655447617282802, -45.414066154013916, 2.1009885118888594, 3.512939892103888
4.536216907682876, -45.45418771275292, 2.0957787870691957, 3.3726990201112805
4.412394892417996, -45.477270483841025, 2.0960459524445634, 3.2322862512806663
4.290242760607393, -45.48280456930386, 2.007079882447235, 9.379161137485513
4.170978194677779, -45.47203061527404, 2.015094843708255, 9.245674553064111
4.055135337509016, -45.44573153470834, 1.9724819663371627, 9.117035475824103
3.9435921960680376, -45.40756379226445, 1.9564520438151216, 9.083663466138184
3.833789353058872, -45.36854641265451, 1.9318728292813252, 9.0827336243211
3.7257815071179095, -45.33005432328889, 1.9193160566390597, 9.081818681967967
3.618499468948547, -45.29171047313561, 1.9003473149879775, 9.08090959180693
3.511623481331249, -45.2534022695187, 1.8934010152284264, 9.080003648057978
3.405122955257943, -45.21511984809049, 1.8833823136521506, 9.079100593647256
3.299268981082492, -45.17696206249609, 1.8744322735773444, 9.078202730308956
3.194294665219907, -45.139015120710674, 1.8641464066257014, 9.07731204044456
3.0893387898338243, -45.100969107055576, 1.856799358803099, 9.076421219857249
2.9842996175146963, -45.06257983572123, 1.8519903820464867, 9.051524761608519
2.8820396073118264, -45.01873792338255, 1.8561314453646807, 8.949860854449446
2.7840660667138266, -44.96613223841429, 1.856799358803099, 8.923081333727554
2.6866740550790333, -44.91271198812901, 1.853593374298691, 8.923081333727554
2.589454819374868, -44.8593865067401, 1.8477157360406091, 8.923081333727554
2.492765147374074, -44.80635149502218, 1.841170184344109, 8.923081333727554
2.394395219828355, -44.75239485051069, 1.9031525514293348, 8.923081333727554
2.291258278873461, -44.69582346332003, 1.96366550895004, 8.923081333727554
2.1868177391244696, -44.63853704239424, 1.988111140796153, 8.923081333727554
2.0821440121684627, -44.58112271653299, 1.9800961795351322, 8.923081333727554
1.9783474826827063, -44.524189540076335, 1.977691691156826, 8.923081333727554
1.8743137320049854, -44.467126246013166, 1.9767566123430402, 8.923081333727554
1.7703811520012118, -44.410118444824946, 1.9762222815923056, 8.923081333727554
1.6663297407754527, -44.35304546381846, 1.97274913171253, 8.923081333727554
1.562815375438006, -44.29626705651762, 1.9720812182741116, 8.923081333727554
1.4601214648543184, -44.239938674814965, 1.9436281057974887, 8.923081333727554
1.3622007973745214, -44.18622845282584, 1.8443761688485172, 8.923081333727554
1.2652463062925519, -44.13304818585176, 1.8402351055303232, 8.923081333727554
1.1626670212071455, -44.076782677096325, 1.9804969275981832, 8.923081333727554
1.0560994888100457, -44.018329584718636, 2.0133582687683678, 8.923081333727554
0.953956347005576, -43.96230330383042, 1.973550627838632, 8.923081333727554
0.8489367338143835, -43.904699256769824, 1.9902484637990916, 8.923081333727554
0.7444408499087022, -43.84738247915817, 1.9786267699706117, 8.923081333727554
0.6414620302799546, -43.7908978227032, 1.9437616884851723, 8.923081333727554
0.5400191346004484, -43.73525563207689, 1.9143734971947635, 8.923081333727554
0.4408079447244675, -43.680837548855145, 1.881512156024579, 8.923081333727554
0.34234390991372615, -43.62682928580157, 1.8572001068661501, 8.923081333727554
0.2470981525586611, -43.57458627211788, 1.7873363612075874, 8.923081333727554
0.15326310014713151, -43.5231170406972, 1.7443227357734437, 8.923081333727554
0.05940145870617101, -43.47163322499407, 1.8379641998397007, 8.923081333727554
-0.03983132913136882, -43.417203295128104, 1.9202511354528453, 8.923081333727554
-0.13890677655319744, -43.362859667662576, 1.8191290408763023, 8.923081333727554
-0.23788301737359524, -43.308570455763466, 1.8970077477958855, 8.923081333727554
-0.3376118318281667, -43.253868451570405, 1.8932674325407428, 8.923081333727554
-0.4362826032216723, -43.19974679194756, 1.8718942025113545, 8.923081333727554
-0.533442434680268, -43.14645389423377, 1.8384985305904356, 8.923081333727554
-0.6295004746620745, -43.09376533742499, 1.8097782527384452, 8.923081333727554
-0.723630663661343, -43.04213422136798, 1.7861341170184344, 8.923081333727554
-0.8166334641749813, -42.99112148636769, 1.7686347849318729, 8.923081333727554
-0.908581485413486, -42.940687305726506, 1.7254875768100455, 8.923081333727554
-0.9966903053958819, -42.892358955826005, 1.6767298958055037, 8.923081333727554
-1.0841931712772002, -42.8443629763037, 1.6441357200106865, 8.923081333727554
-1.1697571058274308, -42.79743051518762, 1.6218274111675126, 8.923081333727554
-1.2541998390521438, -42.751113041424446, 1.6039273310179, 8.923081333727554
-1.3379018688291004, -42.70520184906877, 1.587496660432808, 8.923081333727554
-1.421106558359759, -42.65956345157572, 1.5813518567993587, 8.923081333727554
-1.504381116026994, -42.613886730884694, 1.5758749666043281, 8.923081333727554
-1.5952903373365546, -42.564022339811146, 1.7416510820197701, 8.923081333727554
-1.6913049224697325, -42.511357618313404, 1.9360138925995192, 8.923081333727554
-1.7998314052370672, -42.45183002693608, 2.0999198503873897, 8.923081333727554
-1.9151709008681894, -42.38856544680299, 2.212129308041678, 8.923081333727554
-2.034125651598605, -42.323317872079194, 2.251269035532995, 8.923081333727554
-2.1534501458781534, -42.257867490240066, 2.2646273043013627, 8.923081333727554
-2.2735987641834523, -42.191965070179506, 2.289206518835159, 8.923081333727554
-2.39418346168107, -42.12582345740481, 2.280924392198771, 8.923081333727554
-2.512341197031435, -42.061013051606565, 2.256478760352658, 8.923081333727554
-2.6298025964682994, -41.99658459128987, 2.210927063852525, 8.923081333727554
-2.7449559195001947, -41.93342212822654, 2.1772642265562383, 8.923081333727554
-2.8587710246184117, -41.87099368774561, 2.1516163505209724, 8.923081333727554
-2.9710605353808837, -41.80940204723369, 2.1314453646807374, 8.923081333727554
-3.0817832689179525, -41.74866979580428, 2.1123430403419716, 8.923081333727554
-3.193400806316555, -41.687446737732344, 2.1059310713331554, 8.923081333727554
-3.3038046727686945, -41.626889387295314, 2.0960459524445634, 8.923081333727554
-3.41382969253196, -41.56653983711417, 2.0943093775046755, 8.923081333727554
-3.5235612455757694, -41.50635125563406, 2.092439219877104, 8.923081333727554
-3.6332395084281237, -41.446191904224435, 2.0953780390061447, 8.923081333727554
-3.743658447158885, -41.3856262865293, 2.0929735506278386, 8.923081333727554
-3.8542535919255387, -41.324964018499294, 2.0905690622495325, 8.923081333727554
-3.9655787932103514, -41.26390130898268, 2.1005877638258084, 8.923081333727554
-4.0743991650673665, -41.204212517231085, 2.099385519636655, 8.923081333727554
-4.184531425614889, -41.14380414467386, 2.0976489446967674, 8.923081333727554
-4.295558159439116, -41.08290514680237, 2.0947101255677265, 8.923081333727554
-4.404647330272962, -41.02306891679195, 2.089500400748063, 8.923081333727554
-4.51530527104222, -40.9623722046826, 2.0905690622495325, 8.923081333727554
-4.624360772100053, -40.90255444279735, 2.0905690622495325, 8.923081333727554
-4.733846486281561, -40.8425007057807, 2.098183275447502, 8.923081333727554
-4.844490554301236, -40.781811602978756, 2.0949772909430937, 8.923081333727554
-4.954236036293974, -40.72161538136548, 2.0868287469943896, 8.923081333727554
-5.06324107886532, -40.661825296339266, 2.0846914239914507, 8.923081333727554
-5.177957940290739, -40.59890223574711, 2.2164039540475553, 8.923081333727554
-5.294459292675209, -40.535000368453424, 2.221480096179535, 8.923081333727554
-5.411632938964082, -40.47072974290086, 2.224819663371627, 8.923081333727554
-5.527470807623952, -40.40719180141621, 2.1737910766764625, 8.923081333727554
-5.639245661459378, -40.34588245409644, 2.1490782794549825, 8.923081333727554
-5.751271230270237, -40.28443558772852, 2.1216938284798292, 8.923081333727554
-5.862195889426205, -40.22359257857966, 2.093641464066257, 8.923081333727554
-5.971549104157541, -40.16361151850717, 2.0716003205984506, 8.923081333727554
-6.079513701251604, -40.10439212564422, 2.050627838632113, 8.923081333727554
-6.186987195555929, -40.04544210635209, 2.036735239113011, 8.923081333727554
-6.293672826623375, -39.9869242359662, 2.025247127972215, 8.923081333727554
-6.399790087977224, -39.92871812063953, 2.018033662837296, 8.923081333727554
-6.506137131311202, -39.87038596816994, 2.013892599519102, 8.923081333727554
-6.611772106617638, -39.81244439036467, 2.004808976756612, 8.923081333727554
-6.717175792943205, -39.75462967630355, 2.0022709056906227, 8.923081333727554
-6.824017194813667, -39.696026364461595, 2.0678600053433076, 8.923081333727554
-6.93932341039878, -39.63278003868384, 2.1802030456852792, 8.923081333727554
-7.051235966998011, -39.57139516036328, 2.098984771573604, 8.923081333727554
-7.1645892243074885, -39.509220046876244, 2.190221747261555, 8.923081333727554
-7.285621496347884, -39.4428329361013, 2.336628372962864, 8.923081333727554
-7.407455795588747, -39.37633037014592, 2.232834624632648, 8.939548485175893
-7.529857556819645, -39.313707308460046, 2.3266096713865885, 8.964101312016194
-7.653106735468768, -39.25253975207971, 2.271707186748597, 8.964101312016194
-7.775021264680934, -39.192034571267136, 2.26235639861074, 8.964101312016194
-7.895115474948256, -39.13243279981524, 2.225754742185413, 8.964101312016194
-8.013797943638158, -39.073531664128055, 2.185279187817259, 8.964101312016194
-8.134568422553714, -39.01359426609332, 2.290008014961261, 8.964101312016194
-8.25583694766366, -38.95340969181766, 2.2320331285065453, 8.964101312016194
-8.374628664607668, -38.89445433711809, 2.2073203312850653, 8.964101312016194
-8.491999488591903, -38.83620415993922, 2.1680470211060645, 8.964101312016194
-8.613847294054734, -38.77573209357612, 2.3161902217472616, 8.964101312016194
-8.738200137452624, -38.71401679743406, 2.3141864814320066, 8.964101312016194
-8.862202606842313, -38.652475389038244, 2.2703713598717608, 8.964101312016194
-8.981887570207057, -38.591832695265765, 2.2638258081752607, 8.945520430130589
-9.101360727078877, -38.5297463780838, 2.220411434678066, 8.945520430130589
-9.220846237384679, -38.467653641223635, 2.207053165909698, 8.945520430130589
-9.335674828605823, -38.40798095387878, 2.16751269035533, 8.945520430130589
-9.449966716388664, -38.3485871738699, 2.1265028052364414, 8.945520430130589
-9.562331875597371, -38.290194652089305, 2.092439219877104, 8.945520430130589
-9.67197638648492, -38.233215962830016, 2.0650547689019505, 8.945520430130589
-9.782865646596195, -38.175590417848994, 2.0398076409297357, 8.945520430130589
-9.891320204221781, -38.119230108630774, 2.1270371359871763, 8.945520430130589
-10.009830871133895, -38.057643966203436, 2.206652417846647, 8.945520430130589
-10.128817203616231, -37.99581063583666, 2.25834891798023, 8.945520430130589
-10.2484567261968, -37.93363786380214, 2.2399145070798823, 8.945520430130589
-10.367889568220258, -37.871572496936786, 2.2365749398877903, 8.945520430130589
-10.48605433700842, -37.81016610652403, 2.228426395939086, 8.945520430130589
-10.604990024210922, -37.748359094863396, 2.220010686615015, 8.945520430130589
-10.722231508169147, -37.68743250557335, 2.1948971413304834, 8.945520430130589
-10.837580874915487, -37.627489188111376, 2.1586962329682073, 8.945520430130589
-10.951307840339016, -37.5683889798947, 2.1210259150414106, 8.945520430130589
-11.062544844790102, -37.51058272348071, 2.0744055570398077, 8.945520430130589
-11.173547462295675, -37.45289827034557, 2.043681538872562, 8.941521259002783
-11.279553566240146, -37.39663874457061, 2.01816724552498, 8.932269524118496
-11.385498470168757, -37.33978716609369, 2.0026716537536737, 8.932269524118496
-11.491005027976463, -37.28317081052952, 1.990515629174459, 8.932269524118496
-11.59580091422696, -37.22693581167349, 1.9783596045952445, 8.932269524118496
-11.700417735826518, -37.170796901517136, 1.9742185412770505, 8.932269524118496
-11.804116769138103, -37.11496468846752, 1.9695431472081217, 8.915813902066517
-11.90560413522003, -37.05516412631832, 1.968608068394336, 8.84003518693845
-12.003072732004645, -36.98800199905402, 1.9663371627037136, 8.81224340588631
-12.099762425423695, -36.92005832371612, 1.9639326743254075, 8.81224340588631
-12.195967163493695, -36.852455425638176, 1.9644670050761421, 8.81224340588631
-12.29256296149198, -36.7845777304452, 1.9656692492652952, 8.81224340588631
-12.39002170021246, -36.71609364834384, 2.017365749398878, 8.81224340588631
-12.492265876515248, -36.64424684777741, 2.1128773710927065, 8.81224340588631
-12.595590721998217, -36.571640662903, 2.0826876836761956, 8.81224340588631
-12.697830227948899, -36.49979714418468, 2.1107400480897676, 8.81224340588631
-12.80088642817775, -36.42830456897701, 2.0782794549826344, 8.828090204317993
-12.903672420492416, -36.35848355866168, 2.067993588030991, 8.828090204317993
-13.00534171109165, -36.28942110737017, 2.042078546620358, 8.828090204317993
-13.10653497070998, -36.220682016911, 2.0654555169650015, 8.828090204317993
-13.2135908738481, -36.14796051907849, 2.1494790275180335, 8.828090204317993
-13.321354532318178, -36.07475825347578, 2.163371627037136, 8.834121563984628
-13.424842022288393, -36.007537427944364, 2.035933742986909, 8.895525569367079
-13.532054559972895, -35.945378099918685, 2.056505476890195, 8.901317402132486
-13.637692528473762, -35.88440745676013, 2.027518033662837, 8.901317402132486
-13.741885733336535, -35.82427068204374, 1.993053700240449, 8.901317402132486
-13.844249080602184, -35.765190038907384, 1.9597916110072136, 8.901317402132486
-13.945165248631776, -35.706944658414194, 1.9338765695965803, 8.901317402132486
-14.045541932310096, -35.649010649943186, 1.9185145605129574, 8.901317402132486
-14.145143613830719, -35.591523946363345, 1.9096981031258349, 8.901317402132486
-14.244177967763411, -35.53436468497506, 1.901015228426396, 8.901317402132486
-14.342922956889096, -35.47737243511342, 1.8905957787870693, 8.901317402132486
-14.441140125853138, -35.42068482510035, 1.9186481432006413, 8.901317402132486
-14.545561538519669, -35.36023414739157, 2.073470478226022, 8.887036040668331
-14.652352371623234, -35.295506018333185, 2.0960459524445634, 8.876281173879727
-14.7610521479644, -35.229086232194256, 2.1115415442158696, 8.876281173879727
-14.873307902178542, -35.16049360543147, 2.2460593107133318, 8.876281173879727
-14.987328226388687, -35.090822757850695, 2.2205450173657493, 8.876281173879727
-15.09814616464154, -35.02310869249687, 2.18567993588031, 8.876281173879727
-15.210659147598392, -34.9543588889794, 2.1874165108201975, 8.872140606145619
-15.320812229682376, -34.88354020662002, 2.1820732033128505, 8.810642444892581
-15.426993645751724, -34.808672496552504, 2.1544215869623295, 8.810642444892581
-15.530940432631827, -34.73538040655526, 2.1029922522041145, 8.810642444892581
-15.632692007026957, -34.663636144209455, 2.060646540208389, 8.810642444892581
-15.732599270594317, -34.59319229142156, 2.032594175794817, 8.810642444892581
-15.83174991050243, -34.523281928229565, 2.011220945765429, 8.810642444892581
-15.929883953428241, -34.45408835984916, 1.9953246059310714, 8.810642444892581
-16.027785939111116, -34.385058413268375, 1.983569329414908, 8.810642444892581
-16.124554574090336, -34.316827583661414, 1.9774245257814587, 8.814817958690192
-16.223423863888485, -34.250401576325494, 1.971546887523377, 8.852471632899103
-16.32202808305927, -34.18687805275715, 1.9694095645204381, 8.852471632899103
-16.4209126667657, -34.123173910718954, 1.9691423991450707, 8.852471632899103
-16.520134655202906, -34.059252403363665, 1.9679401549559177, 8.852471632899103
-16.619076267439965, -33.99551152199282, 1.9700774779588566, 8.852471632899103
-16.71848132446576, -33.93147207686671, 1.9696767298958056, 8.852471632899103
-16.8179873274849, -33.86736759958233, 1.9643334223884585, 8.852471632899103
-16.917389782946795, -33.803329830454544, 1.9650013358268767, 8.852471632899103
-17.016716950278386, -33.739340563990844, 1.9652685012022442, 8.852471632899103
-17.11618098328846, -33.6752631249294, 1.9633983435746727, 8.852471632899103
-17.219996315065817, -33.60838246069036, 2.117152017098584, 8.852471632899103
-17.33339200951247, -33.53532986588959, 2.326743254074272, 8.852471632899103
-17.44750690572475, -33.46181394172326, 2.230162970878974, 8.852471632899103
-17.56284718582389, -33.38750859188254, 2.323804434945231, 8.852471632899103
-17.680229080105164, -33.311887978580415, 2.3227357734437617, 8.852471632899103
-17.79630211389548, -33.237110568854604, 2.31031258348918, 8.852471632899103
-17.91413842016676, -33.16119721097217, 2.2766497461928936, 8.852471632899103
-18.025730995788354, -33.089209075468716, 2.238445097515362, 8.8429546436539
-18.135750139305163, -33.014665070556525, 2.197568795084157, 8.799494062000297
-18.241487070745894, -32.93833186587877, 2.1672455249799625, 8.799494062000297
-18.345419633617112, -32.86330126411804, 2.1160833555971146, 8.799494062000297
-18.447099804845973, -32.78989670039253, 2.0802831952978895, 8.799494062000297
-18.547506307037008, -32.7174116189901, 2.0550360673256747, 8.799494062000297
-18.64703134300301, -32.64556288234304, 2.039139727491317, 8.799494062000297
-18.746226808230357, -32.57395206815417, 2.0303232701041947, 8.799494062000297
-18.844395413941843, -32.50308256049398, 2.019770237777184, 8.799494062000297
-18.94271258793415, -32.43210579898375, 2.0129575207053167, 8.799494062000297
-19.04028533861606, -32.36166644872752, 2.005209724819663, 8.799494062000297
-19.137626779091487, -32.29139408505861, 1.998797755810847, 8.799494062000297
-19.235253009704685, -32.22091612677314, 1.997996259684745, 8.799494062000297
-19.326896127733725, -32.15475747444136, 2.004942559444296, 8.799494062000297
-19.430806547476493, -32.079742858163975, 2.0080149612610207, 8.799494062000297
-19.49744543617127, -32.031635164277596, 1.9853059043547956, 8.799494062000297
-19.624807736186742, -31.93969025550408, 2.0691958322201445, 8.799494062000297
-19.7285294811271, -31.864811846624747, 2.1867485973817793, 8.799494062000297
-19.80220132491385, -31.81162694846158, 2.0703980764092975, 8.799494062000297
-19.906533015316143, -31.736308210066777, 2.1433342238845845, 8.799494062000297
-20.011478699933534, -31.660546219295977, 2.1359871760619824, 8.799494062000297
-20.10789934672062, -31.590938591515663, 2.1160833555971146, 8.799494062000297
-20.21043172593367, -31.516918805033082, 2.084958589366818, 8.799494062000297
-20.308958085088918, -31.44579102936308, 2.058909965268501, 8.799494062000297
-20.40821887305625, -31.37413305762941, 2.040876302431205, 8.799494062000297
-20.507376540135454, -31.302549530536353, 2.026048624098317, 8.799494062000297
-20.6055674664522, -31.23166390926944, 2.017632914774245, 8.799494062000297
-20.703880635181086, -31.160690039223795, 2.011888859203847, 8.799494062000297
-20.807116815991762, -31.086162166960097, 2.1796687149345444, 8.799494062000297
-20.919286358430664, -31.005185156137753, 2.33248730964467, 8.799494062000297
-21.030881999673024, -30.92462245389145, 2.2835960459524447, 8.799494062000297
-21.143642220244168, -30.843219022951242, 2.333689553833823, 8.799494062000297
-21.256987924502518, -30.761392921847243, 2.3092439219877106, 8.799494062000297
-21.367881548034042, -30.68133701756527, 2.290408763024312, 8.799494062000297
-21.478345689112647, -30.60159116362746, 2.257681004541811, 8.799494062000297
-21.58643608635242, -30.52355895384249, 2.217739780924392, 8.799494062000297
-21.693062430922048, -30.446583667410657, 2.167913438418381, 8.799494062000297
-21.796160210332193, -30.372155709361323, 2.1107400480897676, 8.799494062000297
-21.897356552414738, -30.29910042973884, 2.0601122094576545, 8.799494062000297
-22.001946595426183, -30.2235951824079, 2.1661768634784933, 8.799494062000297
-22.11146601906259, -30.14453133530437, 2.331285065455517, 8.799494062000297
-22.22527247869377, -30.062372607428426, 2.303232701041945, 8.799494062000297
-22.337643495746754, -29.981250148816507, 2.3402351055303234, 8.799494062000297
-22.451052383364004, -29.899378434621593, 2.3224686080683945, 8.799494062000297
-22.56332575639725, -29.81832646681022, 2.305370024044884, 8.799494062000297
-22.674597361288924, -29.737997691657725, 2.2745124231899547, 8.799494062000297
-22.78428949210043, -29.65880916444511, 2.232701041944964, 8.799494062000297
-22.891717469669686, -29.58125516615732, 2.192759818327545, 8.799494062000297
-23.003786496917034, -29.50035071888099, 2.3364947902751805, 8.799494062000297
-23.1122625125859, -29.422040124901635, 2.1548223350253806, 8.799494062000297
-23.21729875038907, -29.34621276231826, 2.1962329682073203, 8.799494062000297
-23.32966464876094, -29.265093998965206, 2.329548490515629, 8.799494062000297
-23.448552549151607, -29.17926689664084, 2.490649211862143, 8.799494062000297
-23.56597927819895, -29.09449463759308, 2.3775046753940687, 8.799494062000297
-23.686146748940143, -29.007743792692345, 2.483836494790275, 8.799494062000297
-23.8050824808574, -28.921882160013645, 2.45458188618755, 8.799494062000297
-23.92467943915304, -28.83554317729469, 2.435212396473417, 8.799494062000297
-24.042741071967995, -28.750312570926045, 2.4066257013091104, 8.799494062000297
-24.15812489374102, -28.66701511975273, 2.3700240448837833, 8.799494062000297
-24.271531408991006, -28.585145118208196, 2.3282126636387925, 8.799494062000297
-24.383644492250582, -28.504208866182545, 2.2921453379642, 8.799494062000297
-24.493513490494326, -28.424892655503783, 2.232834624632648, 8.799494062000297
-24.602893277944677, -28.345929614026304, 2.309377504675394, 8.799494062000297
-24.71946132288751, -28.26177725295184, 2.431872829281325, 8.799494062000297
-24.83557891418095, -28.177950081668204, 2.3580016029922524, 8.799494062000297
-24.947816683214807, -28.096923816961088, 2.3410366016564255, 8.799494062000297
-25.06204591930129, -28.014459879909353, 2.3167245524979965, 8.799494062000297
-25.174884809113102, -27.932999656369176, 2.3179267966871495, 8.800376576125384
-25.28692262892867, -27.854146125303963, 2.288004274646006, 8.823960621677115
-25.399075415824445, -27.777283629406494, 2.245124231899546, 8.823960621677115
-25.508595390577618, -27.702225498055913, 2.205049425594443, 8.823960621677115
-25.62105913992876, -27.625149887967424, 2.2865348650814856, 8.823960621677115
-25.73288357370683, -27.548512424731747, 2.209056906224953, 8.823960621677115
-25.840417918416275, -27.474815119851147, 2.201442693026984, 8.823960621677115
-25.947851246456928, -27.401187045468568, 2.1651082019770236, 8.823960621677115
-26.05438615154946, -27.3281746939055, 2.1453379641998396, 8.823960621677115
-26.16051684195056, -27.255439365775565, 2.1210259150414106, 8.823960621677115
-26.264064751207066, -27.184474114079983, 2.088698904621961, 8.822286915472231
-26.36621077923711, -27.113053468139857, 2.0629174458990116, 8.792858285739797
-26.464981201287028, -27.040446329326397, 2.04541811381245, 8.789895782388232
-26.562794782949446, -26.96839497812936, 2.009751536200908, 8.789895782388232
-26.66054411129713, -26.89639095715034, 2.009484370825541, 8.789895782388232
-26.75719971186736, -26.82519259692792, 1.993855196366551, 8.789895782388232
-26.85236400406666, -26.755092762915773, 1.976890195030724, 8.789895782388232
-26.948689723383037, -26.684137399521305, 1.9712797221480096, 8.789895782388232
-27.042845301731607, -26.614780603384688, 2.0014694095645202, 8.789895782388232
-27.144763881244575, -26.539705432419826, 2.1484103660165643, 8.789895782388232
-27.246201129990236, -26.46482821954461, 2.0571733903286136, 8.776585785382004
-27.346937553251244, -26.38614982664036, 2.148944696767299, 8.746913613405335
-27.446915318762688, -26.305654205144545, 2.149746192893401, 8.746913613405335
-27.546582916158062, -26.22540831092703, 2.1298423724285334, 8.746913613405335
-27.645456248419798, -26.14580190755268, 2.0983168581351856, 8.746913613405335
-27.74263052610888, -26.067563472876984, 2.073470478226022, 8.746913613405335
-27.838917499999237, -25.990039437751715, 2.0530323270104196, 8.746913613405335
-27.93421451112789, -25.913312456524913, 2.038471814052899, 8.746913613405335
-28.02847634422928, -25.83741893359994, 2.025915041410633, 8.746913613405335
-28.124462491515644, -25.76013710457246, 2.1265028052364414, 8.746913613405335
-28.22583445875334, -25.678518962145407, 2.2110606465402083, 8.746913613405335
-28.333459698513504, -25.591866089691095, 2.2851990382046488, 8.746913613405335
-28.43670428756295, -25.50874023346596, 2.2440555703980762, 8.746913613405335
-28.542932587536, -25.42321208645216, 2.2604862409831687, 8.746913613405335
-28.64863455209098, -25.338107710627646, 2.263558642799893, 8.746913613405335
-28.75267905436198, -25.254337816084764, 2.224819663371627, 8.746913613405335
-28.85526629483899, -25.171741214355432, 2.18314186481432, 8.746913613405335
-28.95571083012254, -25.090869780070555, 2.1321132781191556, 8.746913613405335
-29.053972169009704, -25.01175611412423, 2.099385519636655, 8.746913613405335
-29.15139078979989, -24.933320950208977, 2.069329414907828, 8.746913613405335
-29.248353319895944, -24.855253000980856, 2.1086027250868287, 8.746913613405335
-29.351675496254206, -24.772064676479783, 2.26743254074272, 8.746913613405335
-29.460967836206393, -24.684069562924503, 2.3789740849585894, 8.746913613405335
-29.56738212110043, -24.59839167289807, 2.293213999465669, 8.746913613405335
-29.677526504786233, -24.50971054891309, 2.3303499866417314, 8.746913613405335
-29.785190493219833, -24.423026478536574, 2.313919316056639, 8.746913613405335
-29.892394412642883, -24.336712825929908, 2.279722148009618, 8.746913613405335
-29.99759025817584, -24.252015944361943, 2.246860806839434, 8.746913613405335
-30.101540007417185, -24.168322338821643, 2.2122628907293613, 8.746913613405335
-30.203908523044557, -24.085901840175012, 2.1755276516163504, 8.746913613405335
-30.30424670982659, -24.00511603081565, 2.1419983970077476, 8.746913613405335
-30.406241250531725, -23.922996632555044, 2.1107400480897676, 8.746913613405335
-30.507830192195122, -23.841203796373275, 2.26743254074272, 8.746913613405335
-30.61969016517222, -23.751141391005095, 2.4515094843708254, 8.746913613405335
-30.73856831644353, -23.65542840302316, 2.5868287469943896, 8.746913613405335
-30.855532361293072, -23.561256529560453, 2.470344643334224, 8.746913613405335
-30.973953864285324, -23.465911205196925, 2.551562917445899, 8.746913613405335
-31.092061927202344, -23.370818242481292, 2.530056104728827, 8.746913613405335
-31.209939167500632, -23.2759111231885, 2.512022441891531, 8.746913613405335
-31.326781820955382, -23.18183698621468, 2.4845044082286933, 8.746913613405335
-31.441384114870147, -23.089566641640328, 2.446299759551162, 8.746913613405335
-31.554505917846917, -22.99848829248179, 2.4123697568795084, 8.746913613405335
-31.665815246455555, -22.908869230295327, 2.3669516430670585, 8.746913613405335
-31.77876852139404, -22.817926568998104, 2.474752872027785, 8.746913613405335
-31.898885664034243, -22.721216025412115, 2.6088698904621963, 8.746913613405335
-32.016969729233445, -22.626142384104604, 2.4767566123430402, 8.746913613405335
-32.13480533505061, -22.531268786199455, 2.544616617686348, 8.746913613405335
-32.25329211490559, -22.43587090513386, 2.5261822067860007, 8.746913613405335
-32.3704108452973, -22.341574488891176, 2.501335826876837, 8.746913613405335
-32.486937326356156, -22.247754913452884, 2.474485706652418, 8.746913613405335
-32.60240275847103, -22.154789625902968, 2.4366818060379374, 8.746913613405335
-32.714023878752656, -22.064919529255334, 2.3992786534865083, 8.750953743387566
-32.82601940350871, -21.978137842688078, 2.3530590435479564, 8.785172519516886
-32.93762837398134, -21.89510850073814, 2.3037670317926797, 8.785172519516886
-33.047213923646126, -21.81358444369004, 2.286802030456853, 8.785172519516886
-33.160160579451976, -21.72955995652477, 2.3441090034731498, 8.785172519516886
-33.26715694716104, -21.649962071477557, 2.1449372161367886, 8.785172519516886
-33.37186218105978, -21.572068631259338, 2.1966337162703713, 8.785172519516886
-33.475157107174184, -21.495224362328916, 2.1414640662570132, 8.785172519516886
-33.57780509878145, -21.41886136785327, 2.1107400480897676, 8.785172519516886
-33.678269047821104, -21.34412314974113, 2.0658562650280525, 8.785172519516886
-33.77692591812363, -21.27072927301804, 2.029254608602725, 8.785172519516886
-33.87357906797805, -21.19882602549396, 1.9895805503606732, 8.785172519516886
-33.96790479282421, -21.128654220935935, 1.9568527918781726, 8.785172519516886
-34.06073244365173, -21.059596879663722, 1.9247929468340903, 8.785172519516886
-34.1557594112197, -20.988903399101584, 2.043681538872562, 8.785172519516886
-34.258235274503356, -20.912668456173947, 2.155490248463799, 8.785172519516886
-34.36044416529067, -20.836632122288172, 2.0797488645471547, 8.785172519516886
-34.462936415349844, -20.76038498873479, 2.1432006411969007, 8.785172519516886
-34.56604189963064, -20.683681651404356, 2.1370558375634516, 8.785172519516886
-34.667999440289535, -20.60783230460102, 2.1012556772642266, 8.785172519516886
-34.76833458195148, -20.53318991025433, 2.068928666844777, 8.785172519516886
-34.86675859067563, -20.45996926641329, 2.0273844509751537, 8.785172519516886
-34.96243962795116, -20.38878920330158, 1.9825006679134385, 8.785172519516886
-35.05667451048775, -20.31868497912847, 1.9386855463531927, 8.785172519516886
-35.14881629493654, -20.25013787492637, 1.9090301896874164, 8.785172519516886
-35.24318399352192, -20.179934844814234, 2.027117285599786, 8.785172519516886
-35.343909858543405, -20.105001779356712, 2.1329147742452577, 8.785172519516886
-35.45051672039932, -20.025693659679938, 2.2010419449639325, 8.785172519516886
-35.554880160516056, -19.948054490356625, 2.186080683943361, 8.785172519516886
-35.66099232897617, -19.869114388294793, 2.193561314453647, 8.785172519516886
-35.76683026051597, -19.790378299503015, 2.1954314720812182, 8.785172519516886
-35.87127371683771, -19.712679603666572, 2.1635052097248195, 8.785172519516886
-35.973400365423174, -19.636308591804443, 2.1175527651616353, 8.769436158573109
-36.071748927470594, -19.558843447310107, 2.063051028586695, 8.733491062184445
-36.16638069161473, -19.480535481300546, 2.020170985840235, 8.733491062184445
-36.26290150413447, -19.400664324143424, 1.9815655890996526, 8.733491062184445
-36.348910185701044, -19.329491975476397, 1.9561848784397542, 8.733491062184445
-36.43835895126998, -19.255472950711084, 1.9334758215335293, 8.733491062184445
-36.53380403392826, -19.176491962073904, 2.0876302431204916, 8.733491062184445
-36.62811172999279, -19.098452163020667, 1.9706118087095912, 8.733491062184445
-36.71987921566211, -19.02251439293291, 1.997862676997061, 8.733491062184445
-36.816149450093825, -18.94285058962339, 2.1274378840502273, 8.733491062184445
-36.91621319248187, -18.860047651217023, 2.159230563718942, 8.733491062184445
-37.01652448926455, -18.777039861075135, 2.1510820197702376, 8.733491062184445
-37.115107607872595, -18.695462141681496, 2.1295752070531657, 8.733491062184445
-37.213124718729425, -18.614352794785656, 2.1198236708522575, 8.733491062184445
-37.31250139736951, -18.532118402946168, 2.1108736307774514, 8.733491062184445
-37.40807074482771, -18.45303458494914, 2.0997862676997063, 8.733491062184445
-37.50527780332309, -18.372595557933316, 2.0956452043815124, 8.733491062184445
-37.601635092088955, -18.292859716995615, 2.0880309911835426, 8.733491062184445
-37.698368604649545, -18.212812550147472, 2.08829815655891, 8.733491062184445
-37.793845316434755, -18.133805388347202, 2.0249799625968476, 8.733491062184445
-37.88476587880613, -18.058568448910002, 1.9633983435746727, 8.733491062184445
-37.97502205242791, -17.98388129243511, 1.9432273577344377, 8.733491062184445
-38.06419490907199, -17.91009058283337, 1.9246593641464067, 8.733491062184445
-38.15250171056198, -17.837016535529777, 1.9111675126903553, 8.733491062184445
-38.24066192299664, -17.76406379095012, 1.9026182206786, 8.733491062184445
-38.328129064072996, -17.691684564246405, 1.893133849853059, 8.733491062184445
-38.415267571993695, -17.619577282108185, 1.8880577077210794, 8.733491062184445
-38.50243120962614, -17.547449205085393, 1.891130109537804, 8.733491062184445
-38.589563796873016, -17.4753468223161, 1.8892599519102324, 8.733491062184445
-38.67678496735181, -17.403171136752803, 1.8841838097782528, 8.733491062184445
-38.76370918734762, -17.331241178282703, 1.8800427464600589, 8.733491062184445
-38.85080707732121, -17.259167507573487, 1.8785733368955384, 8.733491062184445
-38.937328285183746, -17.18745729532271, 1.8793748330216404, 8.727592930506209
-39.02303522364054, -17.11435496673711, 1.881244990649212, 8.682798425049757
-39.10023925024647, -17.038446859106525, 1.8797755810846914, 8.570603338962778
-39.17327681337805, -16.94685282653146, 1.8768367619556505, 8.440014374612229
-39.231673317381166, -16.85033676402011, 1.8760352658295485, 8.314275963455941
-39.277442056445224, -16.747421773798056, 1.880844242586161, 8.188731593926596
-39.310031104549054, -16.639336553494765, 1.882847982901416, 8.062897432228182
-39.32881306892281, -16.527860136130787, 1.876168848517232, 7.9368914765999286
-39.33343777476975, -16.416005318009546, 1.882046486775314, 7.812108871915879
-39.32394927661717, -16.30321450591025, 1.887389794282661, 7.685944595365836
-39.300388141472396, -16.19268221776678, 1.8872562115949774, 7.5599739126581635
-39.26288651245957, -16.085382812332647, 1.8887256211594978, 7.433281062202085
-39.21269633042308, -15.984710300919621, 1.886588298156559, 7.30789893910467
-39.15048816573101, -15.891349669464748, 1.88445097515362, 7.182852231579463
-39.07684647667236, -15.80570530843521, 1.8859203847181405, 7.110222178994212
-38.99980976644363, -15.721970404318043, 1.8884584557841304, 7.110222178994212
-38.92273656014504, -15.63819583086788, 1.8925995191023244, 7.110222178994212
-38.84678292058313, -15.555638168330322, 1.887790542345712, 7.110222178994212
-38.77025911290128, -15.472460762650677, 1.8827144002137324, 7.110222178994212
-38.69315987440431, -15.388657893552526, 1.8800427464600589, 7.110222178994212
-38.61703453660091, -15.305913603941404, 1.8797755810846914, 7.110222178994212
-38.540972100540614, -15.22323768525904, 1.8796419983970079, 7.110222178994212
-38.463983050893, -15.140837046076477, 1.879508415709324, 7.066977740893208
-38.38187696184413, -15.063641575853733, 1.87790542345712, 6.978063790436311
-38.29262229183505, -14.99167829281903, 1.9414907827945498, 6.9536672457071855
-38.19715298114116, -14.91596741475685, 2.033395671920919, 6.9536672457071855
-38.09816255391321, -14.83746415427759, 2.0923056371894204, 6.9536672457071855
-38.00118353344877, -14.760556017625012, 2.087496660432808, 6.9536672457071855
-37.903266240451735, -14.682903794346192, 2.0909698103125836, 6.9536672457071855
-37.80495182699153, -14.604936639088232, 2.0901683141864815, 6.9536672457071855
-37.705175229507915, -14.52580991500658, 2.0900347314987977, 6.9536672457071855
-37.608991929655154, -14.449532815760312, 2.0832220144269304, 6.9536672457071855
-37.51095805582155, -14.371788139341964, 2.0850921720545017, 6.9536672457071855
-37.413405400113646, -14.294425087621347, 2.0862944162436547, 6.9536672457071855
-37.31045356564275, -14.212780277061276, 2.2460593107133318, 6.9536672457071855
-37.204967135642036, -14.129125433625708, 2.238177932139995, 6.9536672457071855
-37.10309472291249, -14.04833664650649, 2.1842105263157894, 6.9536672457071855
-36.99934454040983, -13.966058714893741, 2.192626235639861, 6.9536672457071855
-36.896448281571146, -13.884457977972447, 2.194629975955116, 6.9536672457071855
-36.79442396484208, -13.80354872507108, 2.15842906759284, 6.9536672457071855
-36.69421528533071, -13.724079343129238, 2.1170184344109004, 6.9536672457071855
-36.59558968766404, -13.645865406687472, 2.0892332353726957, 6.9536672457071855
-36.498482283974276, -13.56885545714186, 2.060646540208389, 6.9536672457071855
-36.40214283395447, -13.492454524737374, 2.037536735239113, 6.9536672457071855
-36.30736942763285, -13.41725614693095, 2.011220945765429, 6.955633369767534
-36.21140634274919, -13.340654962477771, 2.0952444563184613, 6.963499248232242
-36.11560326364676, -13.260073808721563, 2.073470478226022, 7.002125305484723
-36.02629977637144, -13.181915911481973, 1.9819663371627037, 7.002125305484723
-35.933333959481566, -13.100552764476616, 2.1298423724285334, 7.002125305484723
-35.83433394926989, -13.013908526262412, 2.22201442693027, 7.002125305484723
-35.73284538076902, -12.925086316179739, 2.235506278386321, 7.002125305484723
-35.635681481764266, -12.840049031908878, 2.184344109003473, 7.002125305484723
-35.5351668763006, -12.752079228661584, 2.2010419449639325, 7.002125305484723
-35.43706516650757, -12.666221177795189, 2.1854127705049424, 7.002125305484723
-35.33860967049177, -12.580053495266153, 2.1640395404755544, 7.002125305484723
-35.2420091285728, -12.495509257869083, 2.1346513491851455, 7.002125305484723
-35.14699438048338, -12.412352898089718, 2.0976489446967674, 7.002125305484723
-35.05330365258461, -12.330355313148408, 2.064386855463532, 7.002125305484723
-34.96185528971824, -12.250320233156485, 2.0038738979428268, 7.002125305484723
-34.87218553466466, -12.171841780468855, 1.9763558642799892, 7.002125305484723
-34.77768397382957, -12.08913455921602, 2.1382580817526047, 7.002125305484723
-34.68139569230524, -12.0048636103162, 2.1335826876836763, 7.002125305484723
-34.58639761252403, -11.921721838544098, 2.0865615816190224, 7.002125305484723
-34.49543021243372, -11.842107694401086, 2.030056104728827, 7.002125305484723
-34.40019199790457, -11.758755758081936, 2.1516163505209724, 7.002125305484723
-34.300926806010295, -11.671879434387856, 2.19877103927331, 7.002125305484723
-34.2023846496696, -11.585635907242052, 2.1657761154154422, 7.002125305484723
-34.107725484114845, -11.502790751247142, 2.0662570130911035, 7.002125305484723
-34.01243285570262, -11.419391192211213, 2.1354528453112476, 7.002125305484723
-33.917838653649255, -11.336602891898211, 2.084157093240716, 7.002125305484723
-33.82511498253323, -11.255451669478186, 2.041277050494256, 7.0087025777461704
-33.73548399288218, -11.173531590228519, 2.013091103393, 7.066007414356292
-33.647938950902585, -11.085935357203201, 2.1075340635853594, 7.070249570956795
-33.554300166833954, -10.991984028887895, 2.2881378573336897, 7.070249570956795
-33.454656514469, -10.892007789437638, 2.3612075874966605, 7.070249570956795
-33.3533623558262, -10.790375534707605, 2.3860539674058243, 7.070249570956795
-33.25218452763009, -10.688859998707951, 2.3905957787870693, 7.070249570956795
-33.150968262588265, -10.587305897569424, 2.3934010152284264, 7.070249570956795
-33.049666995602536, -10.48566651077049, 2.4016831418648144, 7.070249570956795
-32.947843728598556, -10.383503381639967, 2.405557039807641, 7.070249570956795
-32.84197131602747, -10.277277591846397, 2.514026182206786, 7.070249570956795
-32.73817352104448, -10.173133344226695, 2.3819129040876303, 7.070249570956795
-32.63606310455208, -10.07068210717027, 2.426128773710927, 7.070249570956795
-32.53445603789008, -9.968735900007644, 2.401415976489447, 7.070249570956795
-32.43286039401697, -9.866801153760493, 2.3796419983970076, 7.070249570956795
-32.33269350284326, -9.766299929053353, 2.3497194763558644, 7.070249570956795
-32.234227342834245, -9.667505112151693, 2.315522308308843, 7.070249570956795
-32.13743838624043, -9.570393096775927, 2.2774512423189957, 7.070249570956795
-32.042284856379624, -9.474921966803098, 2.231365215068127, 7.070249570956795
-31.949007073050605, -9.381332844163, 2.1850120224418914, 7.070249570956795
-31.85793128576349, -9.289953067309904, 2.1341170184344107, 7.070249570956795
-31.766042496393204, -9.197757574763816, 2.232834624632648, 7.070249570956795
-31.66947608673571, -9.100868849133713, 2.327544750200374, 7.070249570956795
-31.57212032616399, -9.003188137921613, 2.284931872829281, 7.070249570956795
-31.476067279213733, -8.906814488482777, 2.281057974886455, 7.070249570956795
-31.38069195593925, -8.811120824802009, 2.249933208656158, 7.070249570956795
-31.285395861103147, -8.715506654005523, 2.239647341704515, 7.070249570956795
-31.190860348238374, -8.620655603824169, 2.2172054501736573, 7.070249570956795
-31.09788029578574, -8.527365205816121, 2.1899545818861874, 7.070249570956795
-31.004691619495176, -8.433865487632824, 2.2535399412236172, 7.070249570956795
-30.909150547618985, -8.338005522120483, 2.221613678867219, 7.070249570956795
-30.816038320239617, -8.244582508016869, 2.208789740849586, 7.070249570956795
-30.722354348735863, -8.1505858414414, 2.254475020037403, 7.070249570956795
-30.622057982501232, -8.049954709516022, 2.415442158696233, 7.070249570956795
-30.514737914618394, -7.9422764324776125, 2.6079348116484105, 7.070249570956795
-30.4083001155043, -7.8354833690136765, 2.513091103393, 7.070249570956795
-30.299178956634467, -7.7259979893699935, 2.592439219877104, 7.070249570956795
-30.19012861192819, -7.616583660250898, 2.5828212663638794, 7.070249570956795
-30.081520399763523, -7.507612939407888, 2.5480897675661236, 7.070249570956795
-29.973871731676258, -7.399604965374822, 2.523911301095378, 7.070249570956795
-29.86813779901064, -7.293518117700083, 2.4787603526582953, 7.070249570956795
-29.764019361759843, -7.189052157584058, 2.4647341704515093, 7.070249570956795
-29.65656251120955, -7.0812366413298085, 2.513892599519102, 7.070249570956795
-29.554371741776503, -6.978704783133518, 2.4015495591771305, 7.070249570956795
-29.449515598815022, -6.873498655018584, 2.5228426395939088, 7.070249570956795
-29.338297476543673, -6.76190931280255, 2.6086027250868287, 7.070249570956795
-29.229960339299094, -6.653210571663983, 2.5745391397274915, 7.070249570956795
-29.12272275732599, -6.545615055853884, 2.5559711461394605, 7.070249570956795
-29.0144919115129, -6.4370229609226115, 2.541143467806572, 7.070249570956795
-28.90378952167807, -6.325951072536726, 2.635319262623564, 7.070249570956795
-28.7949165020996, -6.216714660415023, 2.513625434143735, 7.070249570956795
-28.690253613829956, -6.1117024320306506, 2.476890195030724, 7.070249570956795
-28.58697473155884, -6.008078829131451, 2.435613144536468, 7.070249570956795
-28.484685637397025, -5.905448318021558, 2.4002137323002937, 7.070249570956795
-28.383437417165137, -5.803862155034065, 2.3637456585626504, 7.070249570956795
-28.282136051573435, -5.702930416309276, 2.4293347582153353, 7.057682507214052
-28.1760728833996, -5.59987592964502, 2.495057440555704, 7.0524375835053865
-28.070767902766065, -5.497917688411047, 2.3526582954849053, 7.0524375835053865
-27.967439607445126, -5.397873310668933, 2.419583222014427, 7.0524375835053865
-27.86442301298167, -5.298130727495589, 2.3861875500935077, 7.0524375835053865
-27.757142525392876, -5.194259763677251, 2.500667913438418, 7.0524375835053865
-27.650665470604995, -5.091166698442988, 2.459257280256479, 7.0524375835053865
-27.54572339287208, -4.989559826548464, 2.425728025647876, 7.0524375835053865
-27.441603870671177, -4.888749368222004, 2.4127705049425594, 7.0524375835053865
-27.33782103092707, -4.788264892113506, 2.3959390862944163, 7.0524375835053865
-27.237858425004784, -4.6914792374589585, 2.276382580817526, 7.0524375835053865
-27.139908502090766, -4.596642299934883, 2.266230296553567, 7.0524375835053865
-27.036947830998496, -4.496953862809869, 2.4277317659631312, 7.0524375835053865
-26.931424318773235, -4.394784035223451, 2.4668714934544482, 7.0524375835053865
-26.827714038444274, -4.2943698124905145, 2.3272775848250067, 7.0524375835053865
-26.7258475852199, -4.195740817460888, 2.393133849853059, 7.0524375835053865
-26.62464094525926, -4.0977506659076885, 2.339967940154956, 7.0524375835053865
-26.52367289517329, -3.9999915215096253, 2.315522308308843, 7.0524375835053865
-26.42528823839376, -3.9047336665696224, 2.283863211327812, 7.0524375835053865
-26.32678600675, -3.809361973458834, 2.2737109270638527, 7.0524375835053865
-26.227568985260096, -3.7132982075217944, 2.3433075073470477, 7.0524375835053865
-26.127330340876988, -3.616245287294347, 2.268234036868822, 7.0524375835053865
-26.029533129477482, -3.521556207899509, 2.280122896072669, 7.0524375835053865
-25.93281908864777, -3.427915874400523, 2.258215335292546, 7.0524375835053865
-25.835959870435353, -3.334134977458878, 2.233101790008015, 7.0524375835053865
-25.74051381988816, -3.24172233573981, 2.1952978893935344, 7.0524375835053865
-25.646822579410713, -3.15100873377493, 2.1498797755810846, 7.0524375835053865
-25.55564967234577, -3.0627334290684995, 2.097782527384451, 7.0524375835053865
-25.466517335228694, -2.9764338421462417, 2.057306973016297, 7.0524375835053865
-25.37933573775539, -2.892022997636619, 2.00400748063051, 7.0524375835053865
-25.294292235493064, -2.809682296685168, 1.9643334223884585, 7.0524375835053865
-25.210488451158728, -2.7274691946477616, 1.9362810579748864, 7.072536722970293
-25.129778902503254, -2.6461189795057116, 1.9179802297622228, 7.072536722970293
-25.050609129767498, -2.5663207629118645, 1.84157093240716, 7.072536722970293
-24.969392530058286, -2.484459471781943, 1.9591236975687951, 7.072536722970293
-24.882905140008898, -2.397285551164129, 2.1111407961528186, 7.072536722970293
-24.798886177834135, -2.3125996526206345, 1.9573871226289072, 7.072536722970293
-24.713477898424152, -2.226513408543452, 2.061848784397542, 7.072536722970293
-24.623543191938047, -2.135864806943503, 2.1155490248463797, 7.072536722970293
-24.535824503630973, -2.0474498141126025, 2.075474218541277, 7.072536722970293
-24.44856520835418, -1.9594978609402125, 2.059711461394603, 7.072536722970293
-24.362182805799684, -1.8724297612003333, 2.042078546620358, 7.072536722970293
-24.27625152771, -1.7858163669182308, 2.0277851990382048, 7.072536722970293
-24.19111425491362, -1.7000032806853067, 2.015762757146674, 7.072536722970293
-24.10598705115577, -1.6142003434181944, 2.007347047822602, 7.072536722970293
-24.020041265739085, -1.5275723266509933, 2.0611808709591237, 7.072536722970293
-23.929428600132614, -1.4362403843408311, 2.235639861074005, 7.072536722970293
-23.830023919551632, -1.336046636685164, 2.3863211327811915, 7.072536722970293
-23.72866102245291, -1.2338791283324444, 2.3622762489981297, 7.072536722970293
-23.62422552016035, -1.1286146246708744, 2.4890462196099388, 7.072536722970293
-23.52022273378245, -1.0237862717912054, 2.446433342238846, 7.072536722970293
-23.417422031753837, -0.9201695453183567, 2.446032594175795, 7.072536722970293
-23.31436826836661, -0.8162977487043594, 2.4326743254074272, 7.072536722970293
-23.211850294097935, -0.712965994263702, 2.4155757413839165, 7.072536722970293
-23.110203397467938, -0.6105122320122245, 2.3869890462196097, 7.072536722970293
-23.01032990837489, -0.5098459544768492, 2.3586695164306706, 7.072536722970293
-22.911845093870955, -0.41057937472778117, 2.3157894736842106, 7.072536722970293
-22.815168196349692, -0.31313506307398925, 2.287870691958322, 7.072536722970293
-22.715284800170465, -0.21245879981071364, 2.3736307774512424, 7.072536722970293
-22.62143193119424, -0.11786093363374105, 2.1727224151749933, 7.072536722970293
-22.528617754862186, -0.02431000516708048, 2.1791343841838096, 7.072536722970293
-22.43796726068861, 0.06706006599058813, 2.140662570130911, 7.072536722970293
-22.34800108227022, 0.15774038934471304, 2.0975153620090836, 7.072536722970293
-22.261444619471725, 0.24498393100605995, 2.057306973016297, 7.072536722970293
-22.175216624315002, 0.33189639767354845, 2.021907560780123, 7.072536722970293
-22.09050017610046, 0.41728531884992837, 1.999198503873898, 7.072536722970293
-22.006306785574523, 0.5021470303440759, 1.9829014159764895, 7.072536722970293
-21.922680825828298, 0.5864368068345363, 1.9625968474485707, 7.072536722970293
-21.84265616528729, 0.6670966972704241, 1.910499599251937, 7.072536722970293
-21.755861542868484, 0.7545802890457137, 2.073069730162971, 7.072536722970293
-21.662553656730523, 0.8486288463505647, 2.268501202244189, 7.072536722970293
-21.562967072860513, 0.9490059412302513, 2.4350788137857333, 7.072536722970293
-21.45907498774645, 1.0537227141075585, 2.4572535399412234, 7.072536722970293
-21.35794898792007, 1.1556514447147392, 2.3917980229762223, 7.072536722970293
-21.255653994763595, 1.2587584480354619, 2.4134384183809776, 7.072536722970293
-21.15378160770991, 1.3614394906370975, 2.405957787870692, 7.072536722970293
-21.053291909038908, 1.4627268691769282, 2.3589366818060378, 7.072536722970293
-20.954768123474192, 1.5620327293362024, 2.311114079615282, 7.072536722970293
-20.858403565139565, 1.6591622224777667, 2.262623563986107, 7.072536722970293
-20.763539759781196, 1.7547790497758509, 2.23510553032327, 7.072536722970293
-20.6704643632756, 1.848593271962662, 2.16751269035533, 7.072536722970293
-20.58062770232639, 1.939143049747427, 2.098183275447502, 7.072536722970293
-20.493768346754553, 2.026691888522768, 2.0364680737376437, 7.072536722970293
-20.40999053628873, 2.111134721112714, 1.9683409030189687, 7.072536722970293
-20.32634011068621, 2.1954491576676443, 1.9659364146406626, 7.072536722970293
-20.244153969780545, 2.2782876861410313, 1.9394870424792947, 7.072536722970293
-20.161925464489016, 2.361168915285677, 1.9189153085760084, 7.072536722970293
-20.082437993335812, 2.4412873521637417, 1.8994122361741919, 7.072536722970293
-20.001061370164773, 2.523309937010011, 1.9692759818327545, 7.072536722970293
-19.914802213375296, 2.6102538126690145, 2.0764092973550627, 7.072536722970293
-19.82670875852858, 2.6990465469089036, 2.0885653219342775, 7.072536722970293
-19.73801101568482, 2.7884483659396997, 2.0996526850120225, 7.072536722970293
-19.643622736382042, 2.883585892491185, 2.2737109270638527, 7.072536722970293
-19.546954715726756, 2.9810212568150862, 2.279722148009618, 7.072536722970293
-19.452355162046096, 3.0763717348249973, 2.278787069195832, 7.072536722970293
-19.355279804013527, 3.17421766994045, 2.2865348650814856, 7.072536722970293
-19.258976508873538, 3.271285413584623, 2.276783328880577, 7.072536722970293
-19.163338475540744, 3.367682614622094, 2.260352658295485, 7.072536722970293
-19.06889441366088, 3.462876366548687, 2.2188084424258614, 7.072536722970293
-18.973174962933864, 3.556552772240463, 2.19222548757681, 7.005767360741987
-18.8765982175258, 3.641877057676411, 2.154688752337697, 7.006665213127704
-18.78048229994902, 3.7267708258408385, 2.1074004808976756, 7.006665213127704
-18.688403886311402, 3.808098494528555, 2.0538338231365216, 7.006665213127704
-18.5977630743332, 3.8881564107646076, 2.004808976756612, 7.006665213127704
-18.503305332282256, 3.971585606023581, 2.1215602457921454, 7.006665213127704
-18.407246869961966, 4.056428627200962, 2.1314453646807374, 7.006665213127704
-18.310781199495747, 4.141631312363318, 2.1457387122628906, 7.006665213127704
-18.215753727775965, 4.225563717700724, 2.1172855997862676, 7.006665213127704
-18.121268126029808, 4.309017519856933, 2.103526582954849, 7.006665213127704
-18.027068642188947, 4.3922186102071, 2.0806839433609405, 7.006665213127704
-17.933821630223843, 4.474578435877677, 2.0695965802831955, 7.006665213127704
-17.842007061486637, 4.555673065248164, 2.0249799625968476, 7.006665213127704
-17.746598074743506, 4.639942441284702, 2.1751269035532994, 7.006665213127704
-17.64947201647056, 4.72572840974473, 2.1569596580283195, 7.006665213127704
-17.555638336937747, 4.80860640578436, 2.0303232701041947, 7.006665213127704
-17.46203179397744, 4.891283784902109, 2.1049959925193695, 7.006665213127704
-17.363638795919965, 4.978188769806637, 2.1986374565856264, 7.006665213127704
-17.270525228431673, 5.060430731498355, 2.0603793748330217, 7.006665213127704
-17.176472084845248, 5.143502567756731, 2.0772107934811648, 7.006665213127704
-17.08298415573499, 5.226075181951659, 2.102324338765696, 7.006665213127704
-16.98534295947719, 5.312316142735137, 2.1701843441090034, 7.006665213127704
-16.887473601807265, 5.398758625623524, 2.1731231632380443, 7.006665213127704
-16.79081620432869, 5.484130652440712, 2.1422655623831153, 7.006665213127704
-16.69537027995309, 5.568432653404382, 2.1232968207320333, 7.006665213127704
-16.599596239839023, 5.653024460491061, 2.1098049692759817, 7.006665213127704
-16.506067546714398, 5.735633079240409, 2.088698904621961, 7.006665213127704
-16.406674811389284, 5.8234210756789615, 2.244589901148811, 7.006665213127704
-16.301020919997953, 5.916739198083407, 2.3722949505744055, 7.006665213127704
-16.194588197879803, 6.010745217735559, 2.3474485706652417, 7.006665213127704
-16.087072684587625, 6.1057076057522455, 2.4171787336361206, 7.006665213127704
-15.977994223562849, 6.202050457336352, 2.4329414907827944, 7.006665213127704
-15.86828448554949, 6.298950880274585, 2.440689286668448, 7.006665213127704
-15.758735613293062, 6.395709219564045, 2.4167779855730696, 7.006665213127704
-15.651516277498024, 6.49041001070467, 2.3807106598984773, 7.006665213127704
-15.545666562686618, 6.583901092889806, 2.3394336094042214, 7.006665213127704
-15.442020888636034, 6.675445470199292, 2.3029655356665777, 7.006665213127704
-15.339939898953036, 6.765607850069632, 2.258749666043281, 7.006665213127704
-15.239839988053445, 6.854020454801845, 2.20638525247128, 7.006665213127704
-15.137823686279381, 6.9441256994912255, 2.3116484103660166, 7.006665213127704
-15.03335990274014, 7.036392666763066, 2.2902751803366286, 7.006665213127704
-14.930682277336198, 7.127082021309915, 2.240983168581352, 7.006665213127704
-14.83109156291796, 7.215044881513564, 2.247261554902485, 7.006665213127704
-14.73140994386207, 7.3030880326557845, 2.196366550895004, 7.006665213127704
-14.632557139941731, 7.390399138141649, 2.188618755009351, 7.006665213127704
-14.534194658822402, 7.477277169156148, 2.157627571466738, 7.006665213127704
-14.438034012954564, 7.562210443296977, 2.1250333956719207, 7.006665213127704
-14.344199659899877, 7.645089034220488, 2.0854929201175527, 7.006665213127704
-14.251533015049606, 7.726936254356635, 2.037002404488378, 7.006665213127704
-14.1608356792039, 7.807044094936382, 1.9911835426128774, 7.006665213127704
-14.066963043664444, 7.889956498619201, 2.1409297355062784, 7.006665213127704
-13.968698124435218, 7.9767483587195676, 2.1338498530590435, 7.006665213127704
-13.876661461868286, 8.058039151041696, 2.0973817793214, 7.006665213127704
-13.78197715431959, 8.14166845882443, 2.0865615816190224, 7.006665213127704
-13.688978481039756, 8.22380894094292, 2.0711995725353995, 7.006665213127704
-13.596587028267969, 8.305413099439532, 2.044483034998664, 7.006665213127704
-13.505542452447584, 8.38582763750135, 2.0113545284531127, 7.006665213127704
-13.415600937592679, 8.465267904035253, 1.9784931872829281, 7.006665213127704
-13.328162484976547, 8.542497356889623, 1.9460325941757948, 7.006665213127704
-13.24147142103008, 8.619066683491742, 1.9231899545818862, 7.006665213127704
-13.157390315386085, 8.693330781151198, 1.8594710125567726, 7.006665213127704
-13.07178240696476, 8.768943417578003, 1.97274913171253, 7.006665213127704
-12.98184462014239, 8.848380391351059, 2.0220411434678067, 7.006665213127704
-12.890451238088016, 8.929103010283445, 2.0315255142933477, 7.006665213127704
-12.799914423239828, 9.009069071720958, 2.01816724552498, 7.006665213127704
-12.709165915427349, 9.08922210961238, 2.011888859203847, 7.005046296045126
-12.618149699857529, 9.16866397333412, 2.016430670585092, 6.983901927123764
-12.525025224324772, 9.24516632064664, 1.9967940154955919, 6.95782755131051
-12.430815871907425, 9.320518554599662, 1.9691423991450707, 6.95782755131051
-12.3415521369946, 9.391915095007612, 1.9254608602725087, 6.95782755131051
-12.251768914877342, 9.463727141099017, 1.8951375901683143, 6.95782755131051
-12.164146884517196, 9.533810583578141, 1.8720277851990381, 6.95782755131051
-12.073877778781409, 9.60601125792309, 1.9736842105263157, 6.95782755131051
-11.97864172534291, 9.682184686519326, 1.994255944429602, 6.95782755131051
-11.887440391538224, 9.75513099243633, 1.9564520438151216, 6.95782755131051
-11.79355290132114, 9.830225788723215, 1.988111140796153, 6.95782755131051
-11.700747871383049, 9.904454791985367, 1.9898477157360406, 6.95782755131051
-11.608920854763724, 9.977901542886007, 1.9552497996259686, 6.95782755131051
-11.518261348881921, 10.050414474160688, 1.9197168047021107, 6.95782755131051
-11.427019369655875, 10.123393289836232, 2.0113545284531127, 6.95782755131051
-11.331280340971578, 10.19996901722151, 2.061448036334491, 6.95782755131051
-11.233644673559082, 10.2780617486144, 2.0376703179267968, 6.95782755131051
-11.13942008782769, 10.353426166753117, 2.0504942559444297, 6.95782755131051
-11.043725802727579, 10.429966106512888, 2.0299225220411437, 6.95782755131051
-10.94412438036119, 10.509631123707338, 2.185279187817259, 6.95782755131051
-10.837357158804183, 10.595027620454688, 2.246326476088699, 6.95782755131051
-10.73362745879929, 10.677994591589568, 2.265695965802832, 6.95782755131051
-10.626608838171848, 10.763592166903802, 2.2770504942559446, 6.95782755131051
-10.51885998068338, 10.849773813516489, 2.290809511087363, 6.95782755131051
-10.412729041047202, 10.934661387710737, 2.269035532994924, 6.95782755131051
-10.30699582733989, 11.019230845534663, 2.241784664707454, 6.95782755131051
-10.203054740101992, 11.102366892242477, 2.19877103927331, 6.95782755131051
-10.101044916954875, 11.183958240256805, 2.1615014694095644, 6.95782755131051
-10.00062945808294, 11.26427435490218, 2.1103393000267165, 6.95782755131051
-9.904194884764374, 11.34140640541952, 2.0607801228960727, 6.95782755131051
-9.808854585545687, 11.417663213767506, 2.0232433876569598, 6.95782755131051
-9.717671232317272, 11.489855209146823, 1.978092439219877, 6.933470148226909
-9.620113839425592, 11.560689678375796, 1.9445631846112743, 6.862695057477281
-9.544254426939553, 11.61033723531609, 1.9292011755276517, 6.862695057477281
-9.474818866392503, 11.65578058681285, 1.912503339567192, 6.862695057477281
-9.33187267253636, 11.74933429447144, 1.8974084958589368, 6.862695057477281
-9.237526819839418, 11.811080634712527, 1.8839166444028854, 6.862695057477281
-9.143232766000962, 11.872793074259002, 1.8788405022709056, 6.862695057477281
-9.049068716299432, 11.934420430259758, 1.8793748330216404, 6.862695057477281
-8.955004821551528, 11.995982238049685, 1.8728292813251404, 6.862695057477281
-8.860637368447064, 12.05774271506599, 1.868421052631579, 6.862695057477281
-8.766020136387093, 12.119666664412351, 1.8724285332620891, 6.862695057477281
-8.672927502090152, 12.180592813330653, 1.8474485706652417, 6.862695057477281
-8.579540219978966, 12.241711799810645, 1.861741918247395, 6.862695057477281
-8.48434368071611, 12.304014887175596, 1.9337429869088967, 6.862695057477281
-8.386602718098572, 12.367983218170071, 1.9064921186214268, 6.862695057477281
-8.291628917513949, 12.430140530200783, 1.91170184344109, 6.862695057477281
-8.196009279759496, 12.492720521983584, 1.8974084958589368, 6.862695057477281
-8.10078398680128, 12.555042427721638, 1.9115682607534064, 6.862695057477281
-8.002448172373834, 12.619400070182358, 1.9445631846112743, 6.862695057477281
-7.906657811653183, 12.68209179468108, 1.881111407961528, 6.862695057477281
-7.811553388858421, 12.744334594766642, 1.9087630243120493, 6.862695057477281
-7.714675335347225, 12.80773817937583, 1.9556505476890196, 6.862695057477281
-7.617681456027549, 12.87121756826867, 1.9338765695965803, 6.862695057477281
-7.5247056295230905, 12.932067270226227, 1.8352925460860272, 6.862695057477281
-7.42954807976928, 12.994344840205702, 1.9278653486508148, 6.862695057477281
-7.32996978148041, 13.059515648577358, 2.010285866951643, 6.862695057477281
-7.231627102113927, 13.123877783920907, 1.9376168848517232, 6.862695057477281
-7.136320096997466, 13.186253167650634, 1.890195030724018, 6.862695057477281
-7.040604614119984, 13.24889588699811, 1.9038204648677532, 6.862695057477281
-6.945610123019272, 13.311066740309224, 1.8809778252738445, 6.862695057477281
-6.852845493300719, 13.371778220731576, 1.836227624899813, 6.862695057477281
-6.757158607539123, 13.434131161669194, 1.9436281057974887, 6.852597195350664
-6.65908640145444, 13.495619215817749, 1.9169115682607534, 6.820214844817766
-6.558404810102509, 13.553115254090319, 1.9322735773443762, 6.762349489356638
-6.454553949852049, 13.604224871427656, 1.9194496393267433, 6.69688673691927
-6.34931739198191, 13.64787867351474, 1.900614480363345, 6.644555221038773
-6.243013044818091, 13.687340799713214, 1.8909965268501203, 6.629675436113738
-6.13608269923175, 13.725465749288498, 1.8839166444028854, 6.618086503918944
-6.0299169000364925, 13.762183460881845, 1.8800427464600589, 6.614634000824414
-5.923418980989879, 13.798834116028164, 1.8748330216403954, 6.614634000824414
-5.816935946216395, 13.835159505286974, 1.871627037135987, 6.587554351863576
-5.709913128907074, 13.865008956542903, 1.8303499866417312, 6.477131926458539
-5.598994208034775, 13.882031581986775, 1.9198503873897943, 6.35205478282516
-5.478186252287926, 13.884928274808376, 2.051162169382848, 6.217350336210983
-5.354004449589208, 13.87092739479944, 2.1024579214533796, 6.078039348532442
-5.233115531200648, 13.839862728005285, 2.0702644937216137, 5.938897343135104
-5.118583524692533, 13.792742603406223, 2.0575741383916646, 5.800838246410136
-5.01037089815144, 13.729496281249514, 2.0666577611541546, 5.661112428316134
-4.910585675933717, 13.65054719209515, 2.1207587496660434, 5.51926713007112
-4.82446396295533, 13.560017750328594, 2.1009885118888594, 5.37997711822074
-4.751317111862737, 13.457746849926949, 2.0931071333155225, 5.239808479175617
-4.692610859403573, 13.347517492683327, 2.0892332353726957, 5.121790462532954
-4.646838189208555, 13.231361595080333, 2.0897675661234305, 5.063570313960579
-4.604104161422205, 13.114719176950038, 2.0840235105530325, 5.063570313960579
-4.561019922444098, 12.997120858279148, 2.0821533529254608, 5.063570313960579
-4.518101566116944, 12.879975315874276, 2.0737376436013895, 5.063570313960579
-4.475347609080614, 12.763278500907793, 2.0728025647876036, 5.063570313960579
-4.432071383476945, 12.645156155239821, 2.070932407160032, 5.063570313960579
-4.389929257842913, 12.530129332500817, 2.0653219342773177, 5.063570313960579
-4.346991831069706, 12.41293173736285, 2.0661234304034197, 5.063570313960579
-4.304349086820124, 12.296538477409673, 2.0633181939620626, 5.063570313960579
-4.26168792526298, 12.18009494746322, 2.0625166978359606, 5.063570313960579
-4.21873025497724, 12.062842097710242, 2.0662570130911035, 5.063570313960579
-4.175972479776624, 11.946134861074231, 2.065989847715736, 5.063570313960579
-4.1334058504951985, 11.829949356729447, 2.0694629975955117, 5.063570313960579
-4.090815613389078, 11.713699414888318, 2.069329414907828, 5.063570313960579
-4.048062503855812, 11.597004913179251, 2.074672722415175, 5.063570313960579
-4.005195542889116, 11.4799996542776, 2.0702644937216137, 5.063570313960579
-3.9625442769069905, 11.363583134277523, 2.074271974352124, 5.063570313960579
-3.91975518688925, 11.2467904239293, 2.0752070531659097, 5.063570313960579
-3.877100187847096, 11.130363714551548, 2.0707988244723485, 5.063570313960579
-3.834451197044385, 11.01395340464779, 2.0372695698637457, 5.063570313960579
-3.793814252844773, 10.90303497073451, 1.979428266096714, 5.063570313960579
-3.7526836493845686, 10.791995686790955, 1.9692759818327545, 5.084879541582723
-3.705890635578652, 10.684513547257922, 1.9456318461127438, 5.1610259767876
-3.655628312879622, 10.580099503976458, 1.9245257814587229, 5.1610259767876
-3.6056632146513103, 10.476302909453494, 1.9080951108736308, 5.1610259767876
-3.5560644897345544, 10.373267412244699, 1.8936681806037938, 5.1610259767876
-3.5074253960348547, 10.272225435630482, 1.879508415709324, 5.1610259767876
-3.4584481468069033, 10.170480980816558, 1.8726956986374566, 5.1610259767876
-3.4097159726090287, 10.069245640453053, 1.8636120758749666, 5.1610259767876
-3.3614586440318255, 9.96899673582364, 1.8572001068661501, 5.1610259767876
-3.313291597287234, 9.868700905569511, 1.8641464066257014, 5.14011542324889
-3.2692745591294234, 9.766364056983818, 1.8652150681271706, 5.096992224679894
-3.227171360753558, 9.662343950582272, 1.8606732567459257, 5.096992224679894
-3.185152738773656, 9.558532798513095, 1.867619556505477, 5.096992224679894
-3.1427655433270583, 9.453811049323, 1.8681538872562116, 5.096992224679894
-3.1007192249722078, 9.349931470626391, 1.874165108201977, 5.096992224679894
-3.058689992880381, 9.246094105228677, 1.8752337697034465, 5.096992224679894
-3.016387013451947, 9.141580420022034, 1.87536735239113, 5.096992224679894
-2.9743579473593074, 9.037743464741695, 1.8780390061448036, 5.096992224679894
-2.932114784572028, 8.933377562449829, 1.875901683141865, 5.096992224679894
-2.8899579936528674, 8.82922505038147, 1.874165108201977, 5.096992224679894
-2.847909472733878, 8.725340030032799, 1.871760619823671, 5.096992224679894
-2.8058604637144398, 8.621453803783805, 1.8720277851990381, 5.096992224679894
-2.7638346871090946, 8.51762497550644, 1.8740315255142934, 5.096992224679894
-2.7216084621249217, 8.413300919728599, 1.8752337697034465, 5.096992224679894
-2.679703873115485, 8.30977149736592, 1.875768100454181, 5.096992224679894
-2.6374776670883513, 8.205447488423316, 1.870825541009885, 5.096992224679894
-2.595356863453211, 8.101383886491416, 1.868020304568528, 5.096992224679894
-2.553025338751382, 7.996799677369954, 1.8777718407694364, 5.096992224679894
-2.5109281251575992, 7.892794356963133, 1.872161367886722, 5.096992224679894
-2.4688313962577717, 7.788790234040559, 1.8701576275714666, 5.096992224679894
-2.4267928886327637, 7.684929952522799, 1.8669516430670585, 5.096992224679894
-2.3845422056041965, 7.580545470732721, 1.873363612075875, 5.096992224679894
-2.3422075391500674, 7.475953499602169, 1.879107667646273, 5.096992224679894
-2.300181773214873, 7.372124697686464, 1.876302431204916, 5.096992224679894
-2.2579359860468853, 7.267752311603081, 1.8734971947635586, 5.096992224679894
-2.214496306644661, 7.160430296939734, 1.8706919583222015, 5.096992224679894
-2.1737439690238856, 7.059747625338835, 1.8678867218808441, 5.096992224679894
-2.1316553361733743, 6.955763504505026, 1.8670852257547421, 5.096992224679894
-2.0896194508649706, 6.851909701679211, 1.8669516430670585, 5.096992224679894
-2.047607810828247, 6.748115799189645, 1.8701576275714666, 5.096992224679894
-2.0056642451909883, 6.644490081221654, 1.8726956986374566, 5.096992224679894
-1.9634772906944011, 6.540263047058671, 1.8710927063852525, 5.096992224679894
-1.9216074179845295, 6.43681939473993, 1.8702912102591505, 5.096992224679894
-1.8794841336540544, 6.332749664005406, 1.870424792946834, 5.096992224679894
-1.8373358301027196, 6.228618120816809, 1.8730964467005076, 5.096992224679894
-1.7954692407375488, 6.125182580325157, 1.874165108201977, 5.096992224679894
-1.7532426077343881, 6.020857516496143, 1.8746994389527116, 5.096992224679894
-1.7112607103181652, 5.917137096085575, 1.8738979428266096, 5.096992224679894
-1.6690565348593311, 5.812867515835969, 1.8720277851990381, 5.096992224679894
-1.6269232351739775, 5.708773041178886, 1.8740315255142934, 5.096992224679894
-1.584628050520681, 5.60427861373342, 1.874165108201977, 5.096992224679894
-1.542571679714818, 5.500374199464588, 1.871760619823671, 5.096992224679894
-1.500582802543014, 5.396636534879084, 1.868421052631579, 5.096992224679894
-1.4587926689076056, 5.293389885812589, 1.8678867218808441, 5.096992224679894
-1.4158870866682554, 5.187387410895724, 1.871627037135987, 5.096992224679894
-1.3741935454633838, 5.0843794029607725, 1.8738979428266096, 5.096992224679894
-1.3258404016538679, 4.964918189610334, 1.8705583756345177, 5.096992224679894
-1.2768505930756815, 4.843884033121751, 1.87135987176062, 5.096992224679894
-1.2337427720982967, 4.7373819074453145, 1.8730964467005076, 5.096992224679894
-1.2054528142163918, 4.667488774797753, 1.8673523911301095, 5.096992224679894
-1.1351318665915622, 4.493753934301994, 1.8690889660699974, 5.096992224679894
-1.093471149145081, 4.390827020701249, 1.866684477691691, 5.096992224679894
-1.0513725672043255, 4.286818319658201, 1.8644135720010686, 5.096992224679894
-1.0096280873758468, 4.18368446282692, 1.865882981565589, 5.096992224679894
-0.9674401383179411, 4.079454971502056, 1.8678867218808441, 5.096992224679894
-0.925439366406141, 3.975687919787599, 1.8732300293881914, 5.096992224679894
-0.88337158948678, 3.8717553255897967, 1.8780390061448036, 5.096992224679894
-0.8406955585621699, 3.7663199798485048, 1.8780390061448036, 5.096992224679894
-0.7987384265189046, 3.662660744735718, 1.8773710927063854, 5.096992224679894
-0.7566230352675204, 3.55861051463199, 1.874565856265028, 5.096992224679894
-0.7143989921936165, 3.454291849478784, 1.8740315255142934, 5.096992224679894
-0.6725108389048186, 3.3508030331858474, 1.8738979428266096, 5.096992224679894
-0.6303377174942268, 3.246610175026889, 1.861341170184344, 5.096992224679894
-0.5889037593338733, 3.144243492619508, 1.846112743788405, 5.096992224679894
-0.5472393570704575, 3.0413074753149036, 1.8549292011755276, 5.096992224679894
-0.5056860258187673, 2.9386458699054403, 1.849853059043548, 5.096992224679894
-0.4643070473132636, 2.8364150201608505, 1.8390328613411702, 5.096992224679894
-0.42215924656450704, 2.7322847191956408, 1.8371627037135987, 5.096992224679894
-0.3826505180476849, 2.6346745066074826, 1.731498797755811, 5.096992224679894
-0.3420076656390294, 2.5342623290273094, 1.8153887256211596, 5.096992224679894
-0.3016169444970617, 2.4344730666222234, 1.781725888324873, 5.096992224679894
-0.2618935819449651, 2.3363325794694747, 1.757413839166444, 5.096992224679894
-0.22231593310529982, 2.23855209242256, 1.7506011220945765, 5.096992224679894
-0.1830969980320628, 2.1416578431340803, 1.736040609137056, 5.096992224679894
-0.14400484082672482, 2.0450768110788973, 1.740448837830617, 5.096992224679894
-0.10154124900257597, 1.9401663170991401, 1.8986107400480898, 5.096992224679894
-0.057941020245611013, 1.8324476494116286, 1.9442960192359071, 5.096992224679894
-0.012932160926551447, 1.721248820914445, 1.983034998664173, 5.096992224679894
0.03336185617746971, 1.606874883287996, 2.050360673256746, 5.096992224679894
0.0792689438776294, 1.493456892936627, 2.0641196900881646, 5.096992224679894
0.12546603803626338, 1.3793224130112751, 2.0422121293080417, 5.096992224679894
0.17197740264793462, 1.2644114969189613, 2.1162169382847984, 5.096992224679894
0.22106255840534025, 1.1431417758150995, 2.249131712530056, 5.096992224679894
0.27135967073575773, 1.0188777963997122, 2.166310446166177, 5.096992224679894
0.32198036078057407, 0.893814386309713, 2.275981832754475, 5.096992224679894
0.37301553789063946, 0.7677269450227397, 2.269837029121026, 5.096992224679894
0.42399854035089746, 0.6417684063567973, 2.262489981298424, 5.096992224679894
0.47457641153536295, 0.5168107844867316, 2.226823403686882, 5.096992224679894
0.5243598987780761, 0.39381576653589995, 2.1966337162703713, 5.096992224679894
0.5733161232313633, 0.2728645829420195, 2.1609671386588296, 5.096992224679894
0.6211958675756081, 0.1545729496863842, 2.1152818594710125, 5.096992224679894
0.6679902512143362, 0.038962807158935714, 2.0682607534063586, 5.096992224679894
0.7139546394850697, -0.07459674990655193, 2.015228426395939, 5.096992224679894
0.7611321370194232, -0.1911534131194621, 2.1367886721880844, 5.096992224679894
0.8107784797856362, -0.3138096021074545, 2.263291477424526, 5.096992224679894
0.8592083008688678, -0.4334602542292484, 2.154288004274646, 5.096992224679894
0.909107242449387, -0.5567405135148569, 2.222281592305637, 5.096992224679894
0.9590728411196703, -0.6801854557185604, 2.223216671119423, 5.096992224679894
1.0087105978997561, -0.8028204321805461, 2.2035800160299224, 5.096992224679894
1.0579145748821523, -0.9243837128462238, 2.1673791076676463, 5.096992224679894
1.1061255788670217, -1.043493755733277, 2.1271707186748596, 5.096992224679894
1.1531411482267797, -1.1596503594115068, 2.0814854394870426, 5.096992224679894
1.1999845356073462, -1.2753815705189377, 2.042479294683409, 5.096992224679894
1.244995715712221, -1.386586132746497, 2.014560512957521, 5.096992224679894
1.2899122862174472, -1.4975569526218915, 1.9937216136788671, 5.096992224679894
1.3365705701707316, -1.6128308474459065, 2.1144803633449105, 5.096992224679894
1.386090082767185, -1.7351736899836938, 2.2733101790008017, 5.096992224679894
1.4367527509789995, -1.8603408112777378, 2.206251669783596, 5.096992224679894
1.488531653470997, -1.9882656995128372, 2.318461127437884, 5.096992224679894
1.5407397069345348, -2.1172508475724623, 2.328746994389527, 5.096992224679894
1.5931261126047365, -2.246676632358744, 2.3292813251402618, 5.096992224679894
1.6453134225578177, -2.3756105315287814, 2.311114079615282, 5.096992224679894
1.6971067155914359, -2.503570973017038, 2.2766497461928936, 5.096992224679894
1.7476651854173826, -2.628480661916324, 2.242185412770505, 5.096992224679894
1.7975825394886293, -2.75180641107725, 2.1912904087630243, 5.096992224679894
1.8462382122312126, -2.872015052010892, 2.145204381512156, 5.096992224679894
1.8935156850283703, -2.9888187139762854, 2.0988511888859205, 5.096992224679894
1.9410495863514152, -3.106255907919679, 2.1560245792145336, 5.096992224679894
1.9910887453203807, -3.22988258810033, 2.227892065188352, 5.096992224679894
2.0410532420654666, -3.353324807889093, 2.216270371359872, 5.096992224679894
2.090014985741943, -3.47428962726851, 2.1383916644402885, 5.096992224679894
2.138336259048251, -3.593672101395737, 2.1619022174726155, 5.096992224679894
2.1871957789742775, -3.7143843669120553, 2.1586962329682073, 5.096992224679894
2.2355984562385447, -3.8339679575505006, 2.14026182206786, 5.096992224679894
2.282857881328442, -3.9507270308741296, 2.0971146139460326, 5.096992224679894
2.329367630996065, -4.065633957087806, 2.052364413572001, 5.096992224679894
2.3767693014092566, -4.182744461519641, 2.150547689019503, 5.096992224679894
2.424082237474256, -4.299635738987813, 2.0880309911835426, 5.096992224679894
2.470796786602179, -4.415048642478116, 2.074271974352124, 5.096992224679894
2.519914890958576, -4.536399766347208, 2.238177932139995, 5.096992224679894
2.572131460713056, -4.665405954744009, 2.3773710927063854, 5.096992224679894
2.623614859054544, -4.792600770814431, 2.327544750200374, 5.096992224679894
2.6780601049768724, -4.92711312361339, 2.417045150948437, 5.096992224679894
2.7316821625612193, -5.059591708389764, 2.3893935345979163, 5.096992224679894
2.7855464572477047, -5.192668763831332, 2.3744322735773444, 5.096992224679894
2.839099268104924, -5.324976267734955, 2.3569329414907827, 5.096992224679894
2.891194283112805, -5.4536821431350555, 2.3272775848250067, 5.096992224679894
2.9430584523769894, -5.581817691345111, 2.287202778519904, 5.096992224679894
2.993687121843633, -5.706900815384158, 2.235506278386321, 5.096992224679894
3.043391147071732, -5.8296995145864425, 2.194362810579749, 5.096992224679894
3.094063250601149, -5.954889946763717, 2.3001602992252206, 5.096992224679894
3.1471758253455087, -6.086109803907283, 2.3905957787870693, 5.096992224679894
3.1993972818364917, -6.215128065468845, 2.27397809243922, 5.096992224679894
3.252324796607208, -6.345890713685499, 2.3840502270905692, 5.096992224679894
3.305537899321114, -6.477358935098099, 2.339567192091905, 5.096992224679894
3.3587922785012907, -6.608929134093849, 2.3387656959658027, 5.096992224679894
3.4103315617411423, -6.736262019320493, 2.3149879775581086, 5.096992224679894
3.4619384292592086, -6.863761878175796, 2.2691691156826077, 5.096992224679894
3.5122983684818543, -6.988181077628297, 2.2217472615549023, 5.096992224679894
3.5618148063059407, -7.11051632363753, 2.1814052898744323, 5.096992224679894
3.6110589056093425, -7.232178730456589, 2.155089500400748, 5.096992224679894
3.6579263257390697, -7.3479693168424145, 2.1082019770237777, 5.096992224679894
3.7075484571269275, -7.470565689230962, 2.233368955383382, 5.096992224679894
3.758826347645158, -7.597252777944171, 2.316457387122629, 5.096992224679894
3.8087609376598444, -7.720621110204237, 2.223751001870158, 5.096992224679894
3.860033168631098, -7.847294216448146, 2.277718407694363, 5.096992224679894
3.9111080052137153, -7.9734796403757215, 2.2857333689553836, 5.096992224679894
3.9622355264931297, -8.099795227045748, 2.2658295484905158, 5.096992224679894
4.0127075587845455, -8.224491363486173, 2.239780924392199, 5.096992224679894
4.062302182088003, -8.347019774437664, 2.188885920384718, 5.096992224679894
4.110861753714534, -8.466990988080678, 2.140662570130911, 5.096992224679894
4.1583345436322725, -8.584277200266687, 2.0896339834357467, 5.096992224679894
4.205219383200594, -8.700110823094539, 2.058909965268501, 5.096992224679894
4.2508375214255025, -8.812814935253282, 2.023376970344643, 5.096992224679894
4.296302337966659, -8.925140251062276, 2.000667913438418, 5.096992224679894
4.340872822365955, -9.035256031060614, 1.9841036601656425, 5.096992224679894
4.38512386927456, -9.144582609215576, 1.9680737376436015, 5.096992224679894
4.4297427810046335, -9.254818033713489, 1.9556505476890196, 5.096992224679894
4.4733893057951555, -9.362651080320473, 1.9428266096713867, 5.096992224679894
4.516626018096873, -9.469471644732884, 1.8871226289072935, 5.096992224679894
4.55841070778714, -9.572704843995691, 1.8913972749131713, 5.096992224679894
4.601172223279786, -9.678351387798076, 1.9491049959925193, 5.096992224679894
4.646542789648033, -9.790443849254135, 2.014293347582153, 5.096992224679894
4.691692427860786, -9.901990485900484, 2.018968741651082, 5.096992224679894
4.737081762098485, -10.014129315230067, 2.0065455516965, 5.096992224679894
4.782725853218513, -10.126897546577279, 2.061848784397542, 5.096992224679894
4.829258040626612, -10.241859907442997, 2.0716003205984506, 5.096992224679894
4.876408410463503, -10.35834954900232, 2.08829815655891, 5.096992224679894
4.923279680499992, -10.474149646962713, 2.0862944162436547, 5.096992224679894
4.97012299548135, -10.589880679200755, 2.0809511087363077, 5.096992224679894
5.016817612033467, -10.70524433729555, 2.0707988244723485, 5.096992224679894
5.0634955801066655, -10.820566863680277, 2.0698637456585627, 5.096992224679894
5.110126261485456, -10.935772563620136, 2.065989847715736, 5.096992224679894
5.156479012182282, -11.050291608383539, 2.060245792145338, 5.096992224679894
5.202986600726622, -11.165193195328882, 2.058242051830083, 5.096992224679894
5.248694309696467, -11.278118600851982, 1.987576810045418, 5.096992224679894
5.293135370846862, -11.387914627942209, 2.0208388992786537, 5.096992224679894
5.341339322142874, -11.507007246465465, 2.164173123163238, 5.096992224679894
5.388419618252619, -11.62332376396688, 2.0666577611541546, 5.096992224679894
5.435130852987676, -11.738728478922537, 2.1040609137055837, 5.096992224679894
5.48197901650598, -11.854471489949567, 2.0806839433609405, 5.096992224679894
5.529436998338079, -11.971721117298719, 2.0629174458990116, 5.096992224679894
5.5748530843609325, -12.083926039553436, 2.03887256211595, 5.096992224679894
5.620066550272469, -12.195630368828256, 2.001202244189153, 5.096992224679894
5.664396181560166, -12.305151097446602, 1.9585893668180603, 5.096992224679894
5.708204677873071, -12.413384310683254, 1.9289340101522843, 5.096992224679894
5.75125365385698, -12.51974105399639, 1.9088966069997328, 5.096992224679894
5.794478995486202, -12.626533526040323, 1.9406892866684478, 5.096992224679894
5.840047636637194, -12.739115350793503, 2.0768100454181138, 5.096992224679894
5.886947372720448, -12.854985776931509, 2.1040609137055837, 5.096992224679894
5.934384013245823, -12.9721826784764, 2.1044616617686347, 5.096992224679894
5.981873154855761, -13.089509289131602, 2.1207587496660434, 5.096992224679894
6.030089806063928, -13.208633284041088, 2.1727224151749933, 5.096992224679894
6.080271898243297, -13.332613094822932, 2.225353994122362, 5.096992224679894
6.129315837151273, -13.45378098563293, 2.1297087897408495, 5.096992224679894
6.177331646320538, -13.572408780465883, 2.1615014694095644, 5.096992224679894
6.225572320485, -13.691592126459524, 2.135720010686615, 5.096992224679894
6.273229438745344, -13.809333740005767, 2.112610205717339, 5.096992224679894
6.3200361911270235, -13.924974440733246, 2.0650547689019505, 5.096992224679894
6.3662220095202455, -14.039081062767437, 2.053566657761154, 5.096992224679894
6.4152730714297315, -14.160266551655575, 2.202912102591504, 5.096992224679894
6.463765529448284, -14.280071954507198, 2.1110072134651348, 5.096992224679894
6.512575032976965, -14.400660649578173, 2.179000801496126, 5.096992224679894
6.561141128974757, -14.520647982324224, 2.1680470211060645, 5.096992224679894
6.609874983714839, -14.641049779597816, 2.144803633449105, 5.096992224679894
6.65819474420614, -14.760428516166282, 2.1096713865882983, 5.096992224679894
6.70464836751533, -14.875196776672805, 2.0774779588565324, 5.096992224679894
6.751123283083515, -14.990017641806334, 2.039273310179001, 5.096992224679894
6.796303437683111, -15.101639672197791, 2.006278386321133, 5.096992224679894
6.841464468992836, -15.213214456614502, 1.9878439754207855, 5.096992224679894
6.885785420346401, -15.322713740599024, 1.97274913171253, 5.096992224679894
6.929827345147188, -15.4315236619501, 1.9656692492652952, 5.096992224679894
6.974287685779342, -15.541367320902546, 1.9555169650013358, 5.096992224679894
7.0178492323343935, -15.648990420393005, 1.9473684210526316, 5.096992224679894
7.061782493962495, -15.757531878652898, 1.9467005076142132, 5.096992224679894
7.105392817616918, -15.865275486780764, 1.95711995725354, 5.096992224679894
7.148642147624282, -15.972127224480113, 1.9420251135452846, 5.096992224679894
7.192321648414897, -16.080041741549454, 1.9288004274646007, 5.096992224679894
7.234189692646196, -16.183480876431446, 1.8199305370024046, 5.096992224679894
7.275633104258437, -16.285870914524597, 1.8335559711461396, 5.096992224679894
7.316416491377444, -16.386630296974896, 1.804034197168047, 5.096992224679894
7.356546163635494, -16.485774612351523, 1.7711728559978628, 5.096992224679894
7.395572931144592, -16.58219409270938, 1.7126636387924126, 5.096992224679894
7.4334833120901065, -16.67585542989501, 1.6597648944696768, 5.096992224679894
7.470199243692181, -16.766565762107415, 1.6146139460325941, 5.096992224679894
7.5056067125227806, -16.8540434079216, 1.5514293347582153, 5.096992224679894
7.539622712268204, -16.938083292048365, 1.4969275981832755, 5.096992224679894
7.57145780871446, -17.016735039359357, 1.361875500935079, 5.096992224679894
7.599654813314262, -17.086398521750695, 1.2007747795885653, 5.096992224679894
7.623507114854997, -17.145327986492056, 0.9925193694897141, 5.096992224679894
7.635622420332237, -17.175260044232168, 0.0, 5.096992224679894
7.636041916751709, -17.17629645153308, 0.0, 5.096992224679894
7.636041916751709, -17.17629645153308, 0.0, 5.096992224679894
7.636041916751709, -17.17629645153308, 0.0, 5.096992224679894
7.636041916751709, -17.17629645153308, 0.0, 5.096992224679894
7.636041916751709, -17.17629645153308, 0.0, 5.096992224679894
7.636041916751709, -17.17629645153308, 0.0, 5.096992224679894
7.636041916751709, -17.17629645153308, 0.0, 5.096992224679894
7.636041916751709, -17.17629645153308, 0.0, 5.096992224679894
7.636041916751709, -17.17629645153308, 0.0, 5.096992224679894
7.636041916751709, -17.17629645153308, 0.0, 5.096992224679894
7.636041916751709, -17.17629645153308, 0.0, 5.096992224679894
7.636041916751709, -17.17629645153308, 0.0, 5.096992224679894
7.636041916751709, -17.17629645153308, 0.0, 5.096992224679894
7.636041916751709, -17.17629645153308, 0.0, 5.096992224679894
7.636041916751709, -17.17629645153308, 0.0, 5.096992224679894
7.636041916751709, -17.17629645153308, 0.0, 5.096992224679894
7.636041916751709, -17.17629645153308, 0.0, 5.096992224679894
7.636041916751709, -17.17629645153308, 0.0, 5.096992224679894
7.636041916751709, -17.17629645153308, 0.0, 5.096992224679894
7.636041916751709, -17.17629645153308, 0.0, 5.096992224679894
7.636041916751709, -17.17629645153308, 0.0, 5.096992224679894
7.636041916751709, -17.17629645153308, 0.0, 5.096992224679894
7.636041916751709, -17.17629645153308, 0.0, 5.096992224679894
7.636041916751709, -17.17629645153308, 0.0, 5.096992224679894
7.636041916751709, -17.17629645153308, 0.0, 5.096992224679894
7.636041916751709, -17.17629645153308, 0.0, 5.096992224679894
7.636041916751709, -17.17629645153308, 0.0, 5.096992224679894
7.636041916751709, -17.17629645153308, 0.0, 5.096992224679894
7.636041916751709, -17.17629645153308, 0.0, 5.096992224679894
7.636041916751709, -17.17629645153308, 0.0, 5.096992224679894
7.636041916751709, -17.17629645153308, 0.0, 5.096992224679894
7.636041916751709, -17.17629645153308, 0.0, 5.096992224679894
7.636041916751709, -17.17629645153308, 0.0, 5.096992224679894
7.636041916751709, -17.17629645153308, 0.0, 5.096992224679894
7.636041916751709, -17.17629645153308, 0.0, 5.096992224679894
7.636041916751709, -17.17629645153308, 0.0, 5.096992224679894
7.636041916751709, -17.17629645153308, 0.0, 5.096992224679894
7.636041916751709, -17.17629645153308, 0.0, 5.096992224679894
7.636041916751709, -17.17629645153308, 0.0, 5.096992224679894
7.636041916751709, -17.17629645153308, 0.0, 5.096992224679894
7.636041916751709, -17.17629645153308, 0.0, 5.096992224679894
7.636041916751709, -17.17629645153308, 0.0, 5.096992224679894
7.636041916751709, -17.17629645153308, 0.0, 5.096992224679894
7.636041916751709, -17.17629645153308, 0.0, 5.096992224679894
7.636041916751709, -17.17629645153308, 0.0, 5.096992224679894
7.636041916751709, -17.17629645153308, 0.0, 5.096992224679894
7.636041916751709, -17.17629645153308, 0.0, 5.096992224679894
7.636041916751709, -17.17629645153308, 0.0, 5.096992224679894
7.636041916751709, -17.17629645153308, 0.0, 5.096992224679894
7.636041916751709, -17.17629645153308, 0.0, 5.096992224679894
7.636041916751709, -17.17629645153308, 0.0, 5.096992224679894
7.636041916751709, -17.17629645153308, 0.0, 5.096992224679894
7.636041916751709, -17.17629645153308, 0.0, 5.096992224679894
7.636041916751709, -17.17629645153308, 0.0, 5.096992224679894
7.636041916751709, -17.17629645153308, 0.0, 5.096992224679894
7.636041916751709, -17.17629645153308, 0.0, 5.096992224679894
7.636041916751709, -17.17629645153308, 0.0, 5.096992224679894
7.636041916751709, -17.17629645153308, 0.0, 5.096992224679894
7.636041916751709, -17.17629645153308, 0.0, 5.096992224679894
7.636041916751709, -17.17629645153308, 0.0, 5.096992224679894
7.636041916751709, -17.17629645153308, 0.0, 5.096992224679894
7.636041916751709, -17.17629645153308, 0.0, 5.096992224679894
7.636041916751709, -17.17629645153308, 0.0, 5.096992224679894
7.636041916751709, -17.17629645153308, 0.0, 5.096992224679894
7.636041916751709, -17.17629645153308, 0.0, 5.096992224679894
7.636041916751709, -17.17629645153308, 0.0, 5.096992224679894
7.636041916751709, -17.17629645153308, 0.0, 5.096992224679894
7.636041916751709, -17.17629645153308, 0.0, 5.096992224679894
7.636041916751709, -17.17629645153308, 0.0, 5.096992224679894
7.636041916751709, -17.17629645153308, 0.0, 5.096992224679894
7.636041916751709, -17.17629645153308, 0.0, 5.096992224679894
7.636041916751709, -17.17629645153308, 0.0, 5.096992224679894
7.636041916751709, -17.17629645153308, 0.0, 5.096992224679894
7.636041916751709, -17.17629645153308, 0.0, 5.096992224679894
7.636041916751709, -17.17629645153308, 0.0, 5.096992224679894
7.636041916751709, -17.17629645153308, 0.0, 5.096992224679894
7.636041916751709, -17.17629645153308, 0.0, 5.096992224679894
7.636041916751709, -17.17629645153308, 0.0, 5.096992224679894
7.636041916751709, -17.17629645153308, 0.0, 5.096992224679894
7.636041916751709, -17.17629645153308, 0.0, 5.096992224679894
7.636041916751709, -17.17629645153308, 0.0, 5.096992224679894
7.636041916751709, -17.17629645153308, 0.0, 5.096992224679894
7.636041916751709, -17.17629645153308, 0.0, 5.096992224679894
7.636041916751709, -17.17629645153308, 0.0, 5.096992224679894
7.636041916751709, -17.17629645153308, 0.0, 5.096992224679894
7.636041916751709, -17.17629645153308, 0.0, 5.096992224679894
7.636041916751709, -17.17629645153308, 0.0, 5.096992224679894
7.636041916751709, -17.17629645153308, 0.0, 5.096992224679894
7.636041916751709, -17.17629645153308, 0.0, 5.096992224679894
7.636041916751709, -17.17629645153308, 0.0, 5.096992224679894
7.636041916751709, -17.17629645153308, 0.0, 5.096992224679894
7.636041916751709, -17.17629645153308, 0.0, 5.096992224679894
7.636041916751709, -17.17629645153308, 0.0, 5.096992224679894
7.636041916751709, -17.17629645153308, 0.0, 5.096992224679894
7.636041916751709, -17.17629645153308, 0.0, 5.096992224679894
7.636041916751709, -17.17629645153308, 0.0, 5.096992224679894
7.636041916751709, -17.17629645153308, 0.0, 5.096992224679894
7.636041916751709, -17.17629645153308, 0.0, 5.096992224679894
7.636041916751709, -17.17629645153308, 0.0, 5.096992224679894
7.636041916751709, -17.17629645153308, 0.0, 5.096992224679894
7.636041916751709, -17.17629645153308, 0.0, 5.096992224679894
7.636041916751709, -17.17629645153308, 0.0, 5.096992224679894
7.636041916751709, -17.17629645153308, 0.0, 5.096992224679894
7.636041916751709, -17.17629645153308, 0.0, 5.096992224679894
7.636041916751709, -17.17629645153308, 0.0, 5.096992224679894
7.636041916751709, -17.17629645153308, 0.0, 5.096992224679894
7.636041916751709, -17.17629645153308, 0.0, 5.096992224679894
7.636041916751709, -17.17629645153308, 0.0, 5.096992224679894
7.636041916751709, -17.17629645153308, 0.0, 5.096992224679894
7.636041916751709, -17.17629645153308, 0.0, 5.096992224679894
7.636041916751709, -17.17629645153308, 0.0, 5.096992224679894
7.636041916751709, -17.17629645153308, 0.0, 5.096992224679894
7.636041916751709, -17.17629645153308, 0.0, 5.096992224679894
7.636041916751709, -17.17629645153308, 0.0, 5.096992224679894
7.636041916751709, -17.17629645153308, 0.0, 5.096992224679894
7.636041916751709, -17.17629645153308, 0.0, 5.096992224679894
7.636041916751709, -17.17629645153308, 0.0, 5.096992224679894
7.636041916751709, -17.17629645153308, 0.0, 5.096992224679894
7.636041916751709, -17.17629645153308, 0.0, 5.096992224679894
7.636041916751709, -17.17629645153308, 0.0, 5.096992224679894
7.636041916751709, -17.17629645153308, 0.0, 5.096992224679894
7.636041916751709, -17.17629645153308, 0.0, 5.096992224679894
7.636041916751709, -17.17629645153308, 0.0, 5.096992224679894
7.636041916751709, -17.17629645153308, 0.0, 5.096992224679894
7.636041916751709, -17.17629645153308, 0.0, 5.096992224679894
7.636041916751709, -17.17629645153308, 0.0, 5.096992224679894
7.636041916751709, -17.17629645153308, 0.0, 5.096992224679894
7.636041916751709, -17.17629645153308, 0.0, 5.096992224679894
7.636041916751709, -17.17629645153308, 0.0, 5.096992224679894
7.636041916751709, -17.17629645153308, 0.0, 5.096992224679894
7.636041916751709, -17.17629645153308, 0.0, 5.096992224679894
7.636041916751709, -17.17629645153308, 0.0, 5.096992224679894
7.636041916751709, -17.17629645153308, 0.0, 5.096992224679894
7.636041916751709, -17.17629645153308, 0.0, 5.096992224679894
7.636041916751709, -17.17629645153308, 0.0, 5.096992224679894
7.636041916751709, -17.17629645153308, 0.0, 5.096992224679894
7.636041916751709, -17.17629645153308, 0.0, 5.096992224679894
7.636041916751709, -17.17629645153308, 0.0, 5.096992224679894
7.636041916751709, -17.17629645153308, 0.0, 5.096992224679894
7.636041916751709, -17.17629645153308, 0.0, 5.096992224679894
7.636041916751709, -17.17629645153308, 0.0, 5.096992224679894
7.636041916751709, -17.17629645153308, 0.0, 5.096992224679894
7.636041916751709, -17.17629645153308, 0.0, 5.096992224679894
7.636041916751709, -17.17629645153308, 0.0, 5.096992224679894
7.636041916751709, -17.17629645153308, 0.0, 5.096992224679894
7.636041916751709, -17.17629645153308, 0.0, 5.096992224679894
7.636041916751709, -17.17629645153308, 0.0, 5.096992224679894
7.636041916751709, -17.17629645153308, 0.0, 5.096992224679894
7.636041916751709, -17.17629645153308, 0.0, 5.096992224679894
7.636041916751709, -17.17629645153308, 0.0, 5.096992224679894
7.636041916751709, -17.17629645153308, 0.0, 5.096992224679894
7.636041916751709, -17.17629645153308, 0.0, 5.096992224679894
7.636041916751709, -17.17629645153308, 0.0, 5.096992224679894
7.636041916751709, -17.17629645153308, 0.0, 5.096992224679894
7.636041916751709, -17.17629645153308, 0.0, 5.096992224679894
7.636041916751709, -17.17629645153308, 0.0, 5.096992224679894
7.636041916751709, -17.17629645153308, 0.0, 5.096992224679894
7.636041916751709, -17.17629645153308, 0.0, 5.096992224679894
7.636041916751709, -17.17629645153308, 0.0, 5.096992224679894
7.636041916751709, -17.17629645153308, 0.0, 5.096992224679894
7.636041916751709, -17.17629645153308, 0.0, 5.096992224679894
7.636041916751709, -17.17629645153308, 0.0, 5.096992224679894
7.636041916751709, -17.17629645153308, 0.0, 5.096992224679894
7.636041916751709, -17.17629645153308, 0.0, 5.096992224679894
7.636041916751709, -17.17629645153308, 0.0, 5.096992224679894
7.636041916751709, -17.17629645153308, 0.0, 5.096992224679894
7.636041916751709, -17.17629645153308, 0.0, 5.096992224679894
7.636041916751709, -17.17629645153308, 0.0, 5.096992224679894
7.636041916751709, -17.17629645153308, 0.0, 5.096992224679894
7.636041916751709, -17.17629645153308, 0.0, 5.096992224679894
7.636041916751709, -17.17629645153308, 0.0, 5.096992224679894
7.636041916751709, -17.17629645153308, 0.0, 5.096992224679894
7.636041916751709, -17.17629645153308, 0.0, 5.096992224679894
7.636041916751709, -17.17629645153308, 0.0, 5.096992224679894
7.636041916751709, -17.17629645153308, 0.0, 5.096992224679894
7.636041916751709, -17.17629645153308, 0.0, 5.096992224679894
7.636041916751709, -17.17629645153308, 0.0, 5.096992224679894
7.636041916751709, -17.17629645153308, 0.0, 5.096992224679894
7.636041916751709, -17.17629645153308, 0.0, 5.096992224679894
7.636041916751709, -17.17629645153308, 0.0, 5.096992224679894
7.636041916751709, -17.17629645153308, 0.0, 5.096992224679894
7.636041916751709, -17.17629645153308, 0.0, 5.096992224679894
7.636041916751709, -17.17629645153308, 0.0, 5.096992224679894
7.636041916751709, -17.17629645153308, 0.0, 5.096992224679894
7.636041916751709, -17.17629645153308, 0.0, 5.096992224679894
7.636041916751709, -17.17629645153308, 0.0, 5.096992224679894
7.636041916751709, -17.17629645153308, 0.0, 5.096992224679894
7.636041916751709, -17.17629645153308, 0.0, 5.096992224679894
7.636041916751709, -17.17629645153308, 0.0, 5.096992224679894
7.636041916751709, -17.17629645153308, 0.0, 5.096992224679894
7.636041916751709, -17.17629645153308, 0.0, 5.096992224679894
7.636041916751709, -17.17629645153308, 0.0, 5.096992224679894
7.636041916751709, -17.17629645153308, 0.0, 5.096992224679894
7.636041916751709, -17.17629645153308, 0.0, 5.096992224679894
7.636041916751709, -17.17629645153308, 0.0, 5.096992224679894
7.636041916751709, -17.17629645153308, 0.0, 5.096992224679894
7.636041916751709, -17.17629645153308, 0.0, 5.096992224679894
7.636041916751709, -17.17629645153308, 0.0, 5.096992224679894
7.636041916751709, -17.17629645153308, 0.0, 5.096992224679894
7.636041916751709, -17.17629645153308, 0.0, 5.096992224679894
7.636041916751709, -17.17629645153308, 0.0, 5.096992224679894
7.636041916751709, -17.17629645153308, 0.0, 5.096992224679894
7.636041916751709, -17.17629645153308, 0.0, 5.096992224679894
7.636041916751709, -17.17629645153308, 0.0, 5.096992224679894
7.636041916751709, -17.17629645153308, 0.0, 5.096992224679894
7.636041916751709, -17.17629645153308, 0.0, 5.096992224679894
7.636041916751709, -17.17629645153308, 0.0, 5.096992224679894
7.636041916751709, -17.17629645153308, 0.0, 5.096992224679894
7.636041916751709, -17.17629645153308, 0.0, 5.096992224679894
7.636041916751709, -17.17629645153308, 0.0, 5.096992224679894
7.636041916751709, -17.17629645153308, 0.0, 5.096992224679894
7.636041916751709, -17.17629645153308, 0.0, 5.096992224679894
7.636041916751709, -17.17629645153308, 0.0, 5.096992224679894
7.636041916751709, -17.17629645153308, 0.0, 5.096992224679894
7.636041916751709, -17.17629645153308, 0.0, 5.096992224679894
7.636041916751709, -17.17629645153308, 0.0, 5.096992224679894
7.636041916751709, -17.17629645153308, 0.0, 5.096992224679894
7.636041916751709, -17.17629645153308, 0.0, 5.096992224679894
7.636041916751709, -17.17629645153308, 0.0, 5.096992224679894
7.636041916751709, -17.17629645153308, 0.0, 5.096992224679894
7.636041916751709, -17.17629645153308, 0.0, 5.096992224679894
7.636041916751709, -17.17629645153308, 0.0, 5.096992224679894
7.636041916751709, -17.17629645153308, 0.0, 5.096992224679894
7.636041916751709, -17.17629645153308, 0.0, 5.096992224679894
7.636041916751709, -17.17629645153308, 0.0, 5.096992224679894
7.636041916751709, -17.17629645153308, 0.0, 5.096992224679894
7.636041916751709, -17.17629645153308, 0.0, 5.096992224679894
7.636041916751709, -17.17629645153308, 0.0, 5.096992224679894
7.636041916751709, -17.17629645153308, 0.0, 5.096992224679894
7.636041916751709, -17.17629645153308, 0.0, 5.096992224679894
7.636041916751709, -17.17629645153308, 0.0, 5.096992224679894
7.636041916751709, -17.17629645153308, 0.0, 5.096992224679894
7.636041916751709, -17.17629645153308, 0.0, 5.096992224679894
7.636041916751709, -17.17629645153308, 0.0, 5.096992224679894
7.636041916751709, -17.17629645153308, 0.0, 5.096992224679894
7.636041916751709, -17.17629645153308, 0.0, 5.096992224679894
7.636041916751709, -17.17629645153308, 0.0, 5.096992224679894
7.636041916751709, -17.17629645153308, 0.0, 5.096992224679894
7.636041916751709, -17.17629645153308, 0.0, 5.096992224679894
7.636041916751709, -17.17629645153308, 0.0, 5.096992224679894
7.636041916751709, -17.17629645153308, 0.0, 5.096992224679894
7.636041916751709, -17.17629645153308, 0.0, 5.096992224679894
7.636041916751709, -17.17629645153308, 0.0, 5.096992224679894
7.636041916751709, -17.17629645153308, 0.0, 5.096992224679894
7.636041916751709, -17.17629645153308, 0.0, 5.096992224679894
7.636041916751709, -17.17629645153308, 0.0, 5.096992224679894
7.636041916751709, -17.17629645153308, 0.0, 5.096992224679894
7.636041916751709, -17.17629645153308, 0.0, 5.096992224679894
7.636041916751709, -17.17629645153308, 0.0, 5.096992224679894
7.636041916751709, -17.17629645153308, 0.0, 5.096992224679894
7.636041916751709, -17.17629645153308, 0.0, 5.096992224679894
7.636041916751709, -17.17629645153308, 0.0, 5.096992224679894
7.636041916751709, -17.17629645153308, 0.0, 5.096992224679894
7.636041916751709, -17.17629645153308, 0.0, 5.096992224679894
7.636041916751709, -17.17629645153308, 0.0, 5.096992224679894
7.636041916751709, -17.17629645153308, 0.0, 5.096992224679894
7.636041916751709, -17.17629645153308, 0.0, 5.096992224679894
7.636041916751709, -17.17629645153308, 0.0, 5.096992224679894
7.636041916751709, -17.17629645153308, 0.0, 5.096992224679894
7.636041916751709, -17.17629645153308, 0.0, 5.096992224679894
7.636041916751709, -17.17629645153308, 0.0, 5.096992224679894
7.636041916751709, -17.17629645153308, 0.0, 5.096992224679894
7.636041916751709, -17.17629645153308, 0.0, 5.096992224679894
7.636041916751709, -17.17629645153308, 0.0, 5.096992224679894
7.636041916751709, -17.17629645153308, 0.0, 5.096992224679894
7.636041916751709, -17.17629645153308, 0.0, 5.096992224679894
7.636041916751709, -17.17629645153308, 0.0, 5.096992224679894
7.636041916751709, -17.17629645153308, 0.0, 5.096992224679894
7.636041916751709, -17.17629645153308, 0.0, 5.096992224679894
7.636041916751709, -17.17629645153308, 0.0, 5.096992224679894
7.636041916751709, -17.17629645153308, 0.0, 5.096992224679894
7.636041916751709, -17.17629645153308, 0.0, 5.096992224679894
7.636041916751709, -17.17629645153308, 0.0, 5.096992224679894
7.636041916751709, -17.17629645153308, 0.0, 5.096992224679894
7.636041916751709, -17.17629645153308, 0.0, 5.096992224679894
7.636041916751709, -17.17629645153308, 0.0, 5.096992224679894
7.636041916751709, -17.17629645153308, 0.0, 5.096992224679894
7.636041916751709, -17.17629645153308, 0.0, 5.096992224679894
7.636041916751709, -17.17629645153308, 0.0, 5.096992224679894
7.636041916751709, -17.17629645153308, 0.0, 5.096992224679894
7.636041916751709, -17.17629645153308, 0.0, 5.096992224679894
7.636041916751709, -17.17629645153308, 0.0, 5.096992224679894
7.636041916751709, -17.17629645153308, 0.0, 5.096992224679894
7.636041916751709, -17.17629645153308, 0.0, 5.096992224679894
7.636041916751709, -17.17629645153308, 0.0, 5.096992224679894
7.636041916751709, -17.17629645153308, 0.0, 5.096992224679894
7.636041916751709, -17.17629645153308, 0.0, 5.096992224679894
7.636041916751709, -17.17629645153308, 0.0, 5.096992224679894
7.636041916751709, -17.17629645153308, 0.0, 5.096992224679894
7.636041916751709, -17.17629645153308, 0.0, 5.096992224679894
7.636041916751709, -17.17629645153308, 0.0, 5.096992224679894
7.636041916751709, -17.17629645153308, 0.0, 5.096992224679894
7.636041916751709, -17.17629645153308, 0.0, 5.096992224679894
7.636041916751709, -17.17629645153308, 0.0, 5.096992224679894
7.636041916751709, -17.17629645153308, 0.0, 5.096992224679894
7.636041916751709, -17.17629645153308, 0.0, 5.096992224679894
7.636041916751709, -17.17629645153308, 0.0, 5.096992224679894
7.636041916751709, -17.17629645153308, 0.0, 5.096992224679894
7.636041916751709, -17.17629645153308, 0.0, 5.096992224679894
7.636041916751709, -17.17629645153308, 0.0, 5.096992224679894
7.636041916751709, -17.17629645153308, 0.0, 5.096992224679894
7.636041916751709, -17.17629645153308, 0.0, 5.096992224679894
7.636041916751709, -17.17629645153308, 0.0, 5.096992224679894
7.636041916751709, -17.17629645153308, 0.0, 5.096992224679894
7.636041916751709, -17.17629645153308, 0.0, 5.096992224679894
7.636041916751709, -17.17629645153308, 0.0, 5.096992224679894
7.636041916751709, -17.17629645153308, 0.0, 5.096992224679894
7.636041916751709, -17.17629645153308, 0.0, 5.096992224679894
7.636041916751709, -17.17629645153308, 0.0, 5.096992224679894
7.636041916751709, -17.17629645153308, 0.0, 5.096992224679894
7.636041916751709, -17.17629645153308, 0.0, 5.096992224679894
7.636041916751709, -17.17629645153308, 0.0, 5.096992224679894
7.636041916751709, -17.17629645153308, 0.0, 5.096992224679894
7.636041916751709, -17.17629645153308, 0.0, 5.096992224679894
7.636041916751709, -17.17629645153308, 0.0, 5.096992224679894
7.636041916751709, -17.17629645153308, 0.0, 5.096992224679894
7.636041916751709, -17.17629645153308, 0.0, 5.096992224679894
7.636041916751709, -17.17629645153308, 0.0, 5.096992224679894
7.636041916751709, -17.17629645153308, 0.0, 5.096992224679894
7.636041916751709, -17.17629645153308, 0.0, 5.096992224679894
7.636041916751709, -17.17629645153308, 0.0, 5.096992224679894
7.636041916751709, -17.17629645153308, 0.0, 5.096992224679894
7.636041916751709, -17.17629645153308, 0.0, 5.096992224679894
7.636041916751709, -17.17629645153308, 0.0, 5.096992224679894
7.636041916751709, -17.17629645153308, 0.0, 5.096992224679894
7.636041916751709, -17.17629645153308, 0.0, 5.096992224679894
7.636041916751709, -17.17629645153308, 0.0, 5.096992224679894
7.636041916751709, -17.17629645153308, 0.0, 5.096992224679894
7.636041916751709, -17.17629645153308, 0.0, 5.096992224679894
7.636041916751709, -17.17629645153308, 0.0, 5.096992224679894
7.636041916751709, -17.17629645153308, 0.0, 5.096992224679894
7.636041916751709, -17.17629645153308, 0.0, 5.096992224679894
7.636041916751709, -17.17629645153308, 0.0, 5.096992224679894
7.636041916751709, -17.17629645153308, 0.0, 5.096992224679894
7.636041916751709, -17.17629645153308, 0.0, 5.096992224679894
7.636041916751709, -17.17629645153308, 0.0, 5.096992224679894
7.636041916751709, -17.17629645153308, 0.0, 5.096992224679894
7.636041916751709, -17.17629645153308, 0.0, 5.096992224679894
7.636041916751709, -17.17629645153308, 0.0, 5.096992224679894
7.636041916751709, -17.17629645153308, 0.0, 5.096992224679894
7.636041916751709, -17.17629645153308, 0.0, 5.096992224679894
7.636041916751709, -17.17629645153308, 0.0, 5.096992224679894
7.636041916751709, -17.17629645153308, 0.0, 5.096992224679894
7.636041916751709, -17.17629645153308, 0.0, 5.096992224679894
7.636041916751709, -17.17629645153308, 0.0, 5.096992224679894
7.636041916751709, -17.17629645153308, 0.0, 5.096992224679894
7.636041916751709, -17.17629645153308, 0.0, 5.096992224679894
7.636041916751709, -17.17629645153308, 0.0, 5.096992224679894
7.636041916751709, -17.17629645153308, 0.0, 5.096992224679894
7.636041916751709, -17.17629645153308, 0.0, 5.096992224679894
7.636041916751709, -17.17629645153308, 0.0, 5.096992224679894
7.636041916751709, -17.17629645153308, 0.0, 5.096992224679894
7.636041916751709, -17.17629645153308, 0.0, 5.096992224679894
7.636041916751709, -17.17629645153308, 0.0, 5.096992224679894
7.636041916751709, -17.17629645153308, 0.0, 5.096992224679894
7.636041916751709, -17.17629645153308, 0.0, 5.096992224679894
7.636041916751709, -17.17629645153308, 0.0, 5.096992224679894
7.636041916751709, -17.17629645153308, 0.0, 5.096992224679894
7.636041916751709, -17.17629645153308, 0.0, 5.096992224679894
7.636041916751709, -17.17629645153308, 0.0, 5.096992224679894
7.636041916751709, -17.17629645153308, 0.0, 5.096992224679894
7.636041916751709, -17.17629645153308, 0.0, 5.096992224679894
7.636041916751709, -17.17629645153308, 0.0, 5.096992224679894
7.636041916751709, -17.17629645153308, 0.0, 5.096992224679894
7.636041916751709, -17.17629645153308, 0.0, 5.096992224679894
7.636041916751709, -17.17629645153308, 0.0, 5.096992224679894
7.636041916751709, -17.17629645153308, 0.0, 5.096992224679894
7.636041916751709, -17.17629645153308, 0.0, 5.096992224679894
7.636041916751709, -17.17629645153308, 0.0, 5.096992224679894
7.636041916751709, -17.17629645153308, 0.0, 5.096992224679894
7.636041916751709, -17.17629645153308, 0.0, 5.096992224679894
7.636041916751709, -17.17629645153308, 0.0, 5.096992224679894
7.636041916751709, -17.17629645153308, 0.0, 5.096992224679894
7.636041916751709, -17.17629645153308, 0.0, 5.096992224679894
7.636041916751709, -17.17629645153308, 0.0, 5.096992224679894
7.636041916751709, -17.17629645153308, 0.0, 5.096992224679894
7.636041916751709, -17.17629645153308, 0.0, 5.096992224679894
7.636041916751709, -17.17629645153308, 0.0, 5.096992224679894
7.636041916751709, -17.17629645153308, 0.0, 5.096992224679894
7.636041916751709, -17.17629645153308, 0.0, 5.096992224679894
7.636041916751709, -17.17629645153308, 0.0, 5.096992224679894
7.636041916751709, -17.17629645153308, 0.0, 5.096992224679894
7.636041916751709, -17.17629645153308, 0.0, 5.096992224679894
7.636041916751709, -17.17629645153308, 0.0, 5.096992224679894
7.636041916751709, -17.17629645153308, 0.0, 5.096992224679894
7.636041916751709, -17.17629645153308, 0.0, 5.096992224679894
7.636041916751709, -17.17629645153308, 0.0, 5.096992224679894
7.636041916751709, -17.17629645153308, 0.0, 5.096992224679894
7.636041916751709, -17.17629645153308, 0.0, 5.096992224679894
7.636041916751709, -17.17629645153308, 0.0, 5.096992224679894
7.636041916751709, -17.17629645153308, 0.0, 5.096992224679894
7.636041916751709, -17.17629645153308, 0.0, 5.096992224679894
7.636041916751709, -17.17629645153308, 0.0, 5.096992224679894
7.636041916751709, -17.17629645153308, 0.0, 5.096992224679894
7.636041916751709, -17.17629645153308, 0.0, 5.096992224679894
7.636041916751709, -17.17629645153308, 0.0, 5.096992224679894
7.636041916751709, -17.17629645153308, 0.0, 5.096992224679894
7.636041916751709, -17.17629645153308, 0.0, 5.096992224679894
7.636041916751709, -17.17629645153308, 0.0, 5.096992224679894
7.636041916751709, -17.17629645153308, 0.0, 5.096992224679894
7.636041916751709, -17.17629645153308, 0.0, 5.096992224679894
7.636041916751709, -17.17629645153308, 0.0, 5.096992224679894
7.636041916751709, -17.17629645153308, 0.0, 5.096992224679894
7.636041916751709, -17.17629645153308, 0.0, 5.096992224679894
7.636041916751709, -17.17629645153308, 0.0, 5.096992224679894
7.636041916751709, -17.17629645153308, 0.0, 5.096992224679894
7.636041916751709, -17.17629645153308, 0.0, 5.096992224679894
7.636041916751709, -17.17629645153308, 0.0, 5.096992224679894
7.636041916751709, -17.17629645153308, 0.0, 5.096992224679894
7.636041916751709, -17.17629645153308, 0.0, 5.096992224679894
7.636041916751709, -17.17629645153308, 0.0, 5.096992224679894
7.636041916751709, -17.17629645153308, 0.0, 5.096992224679894
7.636041916751709, -17.17629645153308, 0.0, 5.096992224679894
7.636041916751709, -17.17629645153308, 0.0, 5.096992224679894
7.636041916751709, -17.17629645153308, 0.0, 5.096992224679894
7.636041916751709, -17.17629645153308, 0.0, 5.096992224679894
7.636041916751709, -17.17629645153308, 0.0, 5.096992224679894
7.636041916751709, -17.17629645153308, 0.0, 5.096992224679894
7.636041916751709, -17.17629645153308, 0.0, 5.096992224679894
7.636041916751709, -17.17629645153308, 0.0, 5.096992224679894
7.636041916751709, -17.17629645153308, 0.0, 5.096992224679894
7.636041916751709, -17.17629645153308, 0.0, 5.096992224679894
7.636041916751709, -17.17629645153308, 0.0, 5.096992224679894
7.636041916751709, -17.17629645153308, 0.0, 5.096992224679894
7.636041916751709, -17.17629645153308, 0.0, 5.096992224679894
7.636041916751709, -17.17629645153308, 0.0, 5.096992224679894
7.636041916751709, -17.17629645153308, 0.0, 5.096992224679894
7.636041916751709, -17.17629645153308, 0.0, 5.096992224679894
7.636041916751709, -17.17629645153308, 0.0, 5.096992224679894
7.636041916751709, -17.17629645153308, 0.0, 5.096992224679894
7.636041916751709, -17.17629645153308, 0.0, 5.096992224679894
7.636041916751709, -17.17629645153308, 0.0, 5.096992224679894
7.636041916751709, -17.17629645153308, 0.0, 5.096992224679894
7.636041916751709, -17.17629645153308, 0.0, 5.096992224679894
7.636041916751709, -17.17629645153308, 0.0, 5.096992224679894
7.636041916751709, -17.17629645153308, 0.0, 5.096992224679894
7.636041916751709, -17.17629645153308, 0.0, 5.096992224679894
7.636041916751709, -17.17629645153308, 0.0, 5.096992224679894
7.636041916751709, -17.17629645153308, 0.0, 5.096992224679894
7.636041916751709, -17.17629645153308, 0.0, 5.096992224679894
7.636041916751709, -17.17629645153308, 0.0, 5.096992224679894
7.636041916751709, -17.17629645153308, 0.0, 5.096992224679894
7.636041916751709, -17.17629645153308, 0.0, 5.096992224679894
7.636041916751709, -17.17629645153308, 0.0, 5.096992224679894
7.636041916751709, -17.17629645153308, 0.0, 5.096992224679894
7.636041916751709, -17.17629645153308, 0.0, 5.096992224679894
7.636041916751709, -17.17629645153308, 0.0, 5.096992224679894
7.636041916751709, -17.17629645153308, 0.0, 5.096992224679894
7.636041916751709, -17.17629645153308, 0.0, 5.096992224679894
7.636041916751709, -17.17629645153308, 0.0, 5.096992224679894
7.636041916751709, -17.17629645153308, 0.0, 5.096992224679894
7.636041916751709, -17.17629645153308, 0.0, 5.096992224679894
7.636041916751709, -17.17629645153308, 0.0, 5.096992224679894
7.636041916751709, -17.17629645153308, 0.0, 5.096992224679894
7.636041916751709, -17.17629645153308, 0.0, 5.096992224679894
7.636041916751709, -17.17629645153308, 0.0, 5.096992224679894
7.636041916751709, -17.17629645153308, 0.0, 5.096992224679894
7.636041916751709, -17.17629645153308, 0.0, 5.096992224679894
7.636041916751709, -17.17629645153308, 0.0, 5.096992224679894
7.636041916751709, -17.17629645153308, 0.0, 5.096992224679894
7.636041916751709, -17.17629645153308, 0.0, 5.096992224679894
7.636041916751709, -17.17629645153308, 0.0, 5.096992224679894
7.636041916751709, -17.17629645153308, 0.0, 5.096992224679894
7.636041916751709, -17.17629645153308, 0.0, 5.096992224679894
7.636041916751709, -17.17629645153308, 0.0, 5.096992224679894
7.636041916751709, -17.17629645153308, 0.0, 5.096992224679894
7.636041916751709, -17.17629645153308, 0.0, 5.096992224679894
7.636041916751709, -17.17629645153308, 0.0, 5.096992224679894
7.636041916751709, -17.17629645153308, 0.0, 5.096992224679894
7.636041916751709, -17.17629645153308, 0.0, 5.096992224679894
7.636041916751709, -17.17629645153308, 0.0, 5.096992224679894
7.636041916751709, -17.17629645153308, 0.0, 5.096992224679894
7.636041916751709, -17.17629645153308, 0.0, 5.096992224679894
7.636041916751709, -17.17629645153308, 0.0, 5.096992224679894
7.636041916751709, -17.17629645153308, 0.0, 5.096992224679894
7.637320384496607, -17.179455032258186, 0.0, 5.096992224679894
7.637320384496607, -17.179455032258186, 0.0, 5.096992224679894
7.6388380490740495, -17.18320457236244, 0.14440288538605398, 5.096992224679894
7.6388380490740495, -17.18320457236244, 0.0, 5.096992224679894
7.6388380490740495, -17.18320457236244, 0.0, 5.096992224679894
7.6465113621563505, -17.20216224954762, 0.5179000801496126, 5.096992224679894
7.665874159333321, -17.249999950726504, 1.0002671653753674, 5.096992224679894
7.693945227730485, -17.319352295301634, 1.391931605663906, 5.096992224679894
7.7304804872847255, -17.409616259390848, 1.730563718942025, 5.096992224679894
7.773938568623001, -17.516983737853142, 2.032594175794817, 5.096992224679894
7.821329077535857, -17.634066666696963, 2.07013091103393, 5.096992224679894
7.871092529812301, -17.75701218628654, 2.254207854662036, 5.096992224679894
7.921766188186179, -17.88220645986049, 2.283729628640128, 5.096992224679894
7.973590876031239, -18.010244465328505, 2.299492385786802, 5.096992224679894
8.024987180169255, -18.137224106574653, 2.290943093775047, 5.096992224679894
8.076045897076506, -18.26336970525352, 2.2555436815388727, 5.096992224679894
8.126253829999742, -18.387413358143093, 2.213999465669249, 5.096992224679894
8.175879387819453, -18.51001819586966, 2.1688485172321665, 5.096992224679894
8.224080860910847, -18.62910469174386, 2.1293080416777985, 5.096992224679894
8.271452694757137, -18.74614148199284, 2.0873630777451244, 5.096992224679894
8.317288352623457, -18.859382997890894, 2.025247127972215, 5.096992224679894
8.362174107132414, -18.970277683806533, 1.9755543681538872, 5.096992224679894
8.406013476606203, -19.078587172233757, 1.8896606999732835, 5.096992224679894
8.447409981647947, -19.18086132301568, 1.8427731765963131, 5.096992224679894
8.487684812562104, -19.28036426717672, 1.7757146673791078, 5.096992224679894
8.526443061764333, -19.376120346559617, 1.7170718674859737, 5.096992224679894
8.5641692011398, -19.46932649676518, 1.6533529254608603, 5.096992224679894
8.600464365139073, -19.558997281092825, 1.5905690622495325, 5.096992224679894
8.635626739536573, -19.64586939692371, 1.5362009083622763, 5.096992224679894
8.669345122254029, -19.729173988813535, 1.47528720277852, 5.096992224679894
8.701795479844574, -19.809345799496487, 1.4281325140261822, 5.096992224679894
8.732807363624648, -19.88596371867967, 1.3574672722415175, 5.096992224679894
8.762618541062857, -19.959615174357566, 1.3012289607266898, 5.096992224679894
8.790982711801819, -20.029691657191936, 1.2395137590168315, 5.096992224679894
8.818049485211022, -20.0965627918938, 1.1788672188084424, 5.096992224679894
8.843755623732964, -20.160072343836955, 1.1198236708522575, 5.096992224679894
8.868305082434599, -20.22072420414095, 1.0711995725353993, 5.096992224679894
8.891329376879957, -20.277607995644054, 1.014426930269837, 5.096992224679894
8.913070839296376, -20.331322424027658, 0.943494523109805, 5.096992224679894
8.933434737511396, -20.381633444111365, 0.8820464867753139, 5.096992224679894
8.952356799660565, -20.428382265911598, 0.8268768367619557, 5.096992224679894
8.969905069699818, -20.471736998736183, 0.742986908896607, 5.096992224679894
8.986087530704465, -20.511717365560454, 0.6891530857600855, 5.096992224679894
8.986087530704465, -20.511717365560454, 0.0, 5.096992224679894
8.986087530704465, -20.511717365560454, 0.0, 5.096992224679894
8.98464468929167, -20.508152683468147, 0.13331552230830884, 5.096992224679894
8.98464468929167, -20.508152683468147, 0.0, 5.096992224679894
8.984214023949427, -20.50708868224136, 0.05717339032861341, 5.096992224679894
8.984214023949427, -20.50708868224136, 0.0, 5.096992224679894
8.984214023949427, -20.50708868224136, 0.0, 5.096992224679894
8.982739872298927, -20.503446645117048, 0.0, 5.096992224679894
8.982739872298927, -20.503446645117048, 0.0, 5.096992224679894
8.98155877213981, -20.50052862062101, 0.10633181939620626, 5.096992224679894
8.967817369721606, -20.466579129922287, 0.7693026983702912, 5.096992224679894
8.94115880970922, -20.400716526700442, 1.379508415709324, 5.096992224679894
8.90294762770058, -20.30631203080481, 1.8205984504408228, 5.096992224679894
8.860283979189802, -20.20090727703881, 1.9186481432006413, 5.096992224679894
8.81618276937893, -20.091950886219976, 1.9640662570130911, 5.096992224679894
8.770849790438788, -19.97995128821424, 2.043815121560246, 5.096992224679894
8.72484233252308, -19.86628532334066, 2.041277050494256, 5.096992224679894
8.678827465016171, -19.752601052340825, 2.048624098316858, 5.096992224679894
8.633246516156838, -19.63998882017964, 2.019903820464868, 5.096992224679894
8.588156205155231, -19.528588757262938, 1.9861074004808976, 5.096992224679894
8.543993192273366, -19.419479675858383, 1.9505744055570398, 5.096992224679894
8.500752956780309, -19.312650407054097, 1.9080951108736308, 5.096992224679894
8.45859053722922, -19.20848398889512, 1.8608068394336095, 5.096992224679894
8.417324506427763, -19.106532187599246, 1.8124499064921187, 5.096992224679894
8.37745013531793, -19.008018618902835, 1.7630243120491584, 5.096992224679894
8.338621469525968, -18.91208856838617, 1.7075874966604327, 5.096992224679894
8.300896643676028, -18.81888566337504, 1.6111407961528186, 5.096992224679894
8.266958897130868, -18.735039111501685, 1.4787603526582955, 5.096992224679894
8.235921023369164, -18.658356981504145, 1.349452310980497, 5.096992224679894
8.206947101904184, -18.586774049329925, 1.2185412770504942, 5.096992224679894
8.181577269401055, -18.52409537459348, 1.116350520972482, 5.096992224679894
8.158051507762803, -18.465972658904708, 1.012022441891531, 5.096992224679894
8.136487497234837, -18.41269664292277, 0.9342773176596313, 5.096992224679894
8.11635062522811, -18.362946513489973, 0.8689553833823137, 5.096992224679894
8.097680511763043, -18.31682015577653, 0.8109804969275982, 5.096992224679894
8.080651473119984, -18.274748235354863, 0.7427197435212396, 5.096992224679894
8.065040408442249, -18.23617955954257, 0.6707186748597381, 5.096992224679894
8.05080982411662, -18.201021496668265, 0.606866150146941, 5.096992224679894
8.038199390582456, -18.16986617620346, 0.5419449639326743, 5.096992224679894
8.026653653505264, -18.141341293401634, 0.5013358268768368, 5.096992224679894
8.022959328255654, -18.132214098310286, 0.0, 5.096992224679894
8.022959328255654, -18.132214098310286, 0.0, 5.096992224679894
8.022959328255654, -18.132214098310286, 0.0, 5.096992224679894
8.022959328255654, -18.132214098310286, 0.0, 5.096992224679894
8.022959328255654, -18.132214098310286, 0.0, 5.096992224679894
8.022959328255654, -18.132214098310286, 0.0, 5.096992224679894
8.022959328255654, -18.132214098310286, 0.0, 5.096992224679894
8.022959328255654, -18.132214098310286, 0.0, 5.096992224679894
8.022959328255654, -18.132214098310286, 0.0, 5.096992224679894
8.022959328255654, -18.132214098310286, 0.0, 5.096992224679894
8.022959328255654, -18.132214098310286, 0.0, 5.096992224679894
8.022959328255654, -18.132214098310286, 0.0, 5.096992224679894
8.022499029675988, -18.131076885246188, 0.06211594977290943, 5.096992224679894
8.021576047567198, -18.128796566865002, 0.0, 5.096992224679894
8.021576047567198, -18.128796566865002, 0.0, 5.096992224679894
8.01700885119888, -18.117512857538504, 0.35546353192626234, 5.096992224679894
8.004082560252519, -18.085577180167526, 0.6786000534330751, 5.096992224679894
7.9882076213046, -18.046356576931192, 0.7397809243921988, 5.096992224679894
7.97065186823727, -18.002983356547304, 0.8637456585626503, 5.096992224679894
7.94923003831564, -17.95005861178395, 0.9639326743254074, 5.096992224679894
7.926528700242873, -17.893972715869204, 1.0207053165909699, 5.096992224679894
7.903865963225629, -17.837982187671344, 1.0085492920117554, 5.096992224679894
7.881691061983214, -17.78319690589565, 0.976890195030724, 5.096992224679894
7.860623737148865, -17.731148000933572, 0.9012823938017633, 5.096992224679894
7.841587895121738, -17.684118074716856, 0.8079080951108736, 5.096992224679894
7.825332850894987, -17.643958383879742, 0.6752604862409831, 5.096992224679894
7.821832929987743, -17.635311483900352, 0.0, 5.096992224679894
7.821832929987743, -17.635311483900352, 0.0, 5.096992224679894
7.821832929987743, -17.635311483900352, 0.0, 5.096992224679894
7.821832929987743, -17.635311483900352, 0.0, 5.096992224679894
7.821832929987743, -17.635311483900352, 0.0, 5.096992224679894
7.821832929987743, -17.635311483900352, 0.0, 5.096992224679894
7.821832929987743, -17.635311483900352, 0.0, 5.096992224679894
7.821832929987743, -17.635311483900352, 0.0, 5.096992224679894
7.821832929987743, -17.635311483900352, 0.0, 5.096992224679894
7.821832929987743, -17.635311483900352, 0.0, 5.096992224679894
7.821832929987743, -17.635311483900352, 0.0, 5.096992224679894
7.821832929987743, -17.635311483900352, 0.0, 5.096992224679894
7.821832929987743, -17.635311483900352, 0.0, 5.096992224679894
7.821832929987743, -17.635311483900352, 0.0, 5.096992224679894
7.821832929987743, -17.635311483900352, 0.0, 5.096992224679894
7.821832929987743, -17.635311483900352, 0.0, 5.096992224679894
7.821832929987743, -17.635311483900352, 0.0, 5.096992224679894
7.821832929987743, -17.635311483900352, 0.0, 5.096992224679894
7.821832929987743, -17.635311483900352, 0.0, 5.096992224679894
7.821832929987743, -17.635311483900352, 0.0, 5.096992224679894
7.821832929987743, -17.635311483900352, 0.0, 5.096992224679894
7.821832929987743, -17.635311483900352, 0.0, 5.096992224679894
7.821832929987743, -17.635311483900352, 0.0, 5.096992224679894
7.821832929987743, -17.635311483900352, 0.0, 5.096992224679894
7.821832929987743, -17.635311483900352, 0.0, 5.096992224679894
7.821832929987743, -17.635311483900352, 0.0, 5.096992224679894
7.821832929987743, -17.635311483900352, 0.0, 5.096992224679894
7.821832929987743, -17.635311483900352, 0.0, 5.096992224679894
7.821832929987743, -17.635311483900352, 0.0, 5.096992224679894
7.821832929987743, -17.635311483900352, 0.0, 5.096992224679894
7.821832929987743, -17.635311483900352, 0.0, 5.096992224679894
7.821832929987743, -17.635311483900352, 0.0, 5.096992224679894
7.821832929987743, -17.635311483900352, 0.0, 5.096992224679894
7.821832929987743, -17.635311483900352, 0.0, 5.096992224679894
7.821832929987743, -17.635311483900352, 0.0, 5.096992224679894
7.821832929987743, -17.635311483900352, 0.0, 5.096992224679894
7.821832929987743, -17.635311483900352, 0.0, 5.096992224679894
7.821832929987743, -17.635311483900352, 0.0, 5.096992224679894
7.821832929987743, -17.635311483900352, 0.0, 5.096992224679894
7.821832929987743, -17.635311483900352, 0.0, 5.096992224679894
7.821832929987743, -17.635311483900352, 0.0, 5.096992224679894
7.821832929987743, -17.635311483900352, 0.0, 5.096992224679894
7.821832929987743, -17.635311483900352, 0.0, 5.096992224679894
7.821832929987743, -17.635311483900352, 0.0, 5.096992224679894
7.821832929987743, -17.635311483900352, 0.0, 5.096992224679894
7.821832929987743, -17.635311483900352, 0.0, 5.096992224679894
7.821832929987743, -17.635311483900352, 0.0, 5.096992224679894
7.821832929987743, -17.635311483900352, 0.0, 5.096992224679894
7.821832929987743, -17.635311483900352, 0.0, 5.096992224679894
7.821832929987743, -17.635311483900352, 0.0, 5.096992224679894
7.821832929987743, -17.635311483900352, 0.0, 5.096992224679894
7.821832929987743, -17.635311483900352, 0.0, 5.096992224679894
7.821832929987743, -17.635311483900352, 0.0, 5.096992224679894
7.821832929987743, -17.635311483900352, 0.0, 5.096992224679894
7.821832929987743, -17.635311483900352, 0.0, 5.096992224679894
7.821832929987743, -17.635311483900352, 0.0, 5.096992224679894
7.821832929987743, -17.635311483900352, 0.0, 5.096992224679894
7.821832929987743, -17.635311483900352, 0.0, 5.096992224679894
7.821832929987743, -17.635311483900352, 0.0, 5.096992224679894
7.821832929987743, -17.635311483900352, 0.0, 5.096992224679894
7.821832929987743, -17.635311483900352, 0.0, 5.096992224679894
7.821832929987743, -17.635311483900352, 0.0, 5.096992224679894
7.821832929987743, -17.635311483900352, 0.0, 5.096992224679894
7.821832929987743, -17.635311483900352, 0.0, 5.096992224679894
7.821832929987743, -17.635311483900352, 0.0, 5.096992224679894
7.821832929987743, -17.635311483900352, 0.0, 5.096992224679894
7.821832929987743, -17.635311483900352, 0.0, 5.096992224679894
7.821832929987743, -17.635311483900352, 0.0, 5.096992224679894
7.821832929987743, -17.635311483900352, 0.0, 5.096992224679894
7.821832929987743, -17.635311483900352, 0.0, 5.096992224679894
7.821832929987743, -17.635311483900352, 0.0, 5.096992224679894
7.821832929987743, -17.635311483900352, 0.0, 5.096992224679894
7.821832929987743, -17.635311483900352, 0.0, 5.096992224679894
7.821832929987743, -17.635311483900352, 0.0, 5.096992224679894
7.821832929987743, -17.635311483900352, 0.0, 5.096992224679894
7.821832929987743, -17.635311483900352, 0.0, 5.096992224679894
7.821832929987743, -17.635311483900352, 0.0, 5.096992224679894
7.821832929987743, -17.635311483900352, 0.0, 5.096992224679894
7.821832929987743, -17.635311483900352, 0.0, 5.096992224679894
7.821832929987743, -17.635311483900352, 0.0, 5.096992224679894
7.821832929987743, -17.635311483900352, 0.0, 5.096992224679894
7.821832929987743, -17.635311483900352, 0.0, 5.096992224679894
7.821832929987743, -17.635311483900352, 0.0, 5.096992224679894
7.821832929987743, -17.635311483900352, 0.0, 5.096992224679894
7.821832929987743, -17.635311483900352, 0.0, 5.096992224679894
7.821832929987743, -17.635311483900352, 0.0, 5.096992224679894
7.821832929987743, -17.635311483900352, 0.0, 5.096992224679894
7.821832929987743, -17.635311483900352, 0.0, 5.096992224679894
7.821832929987743, -17.635311483900352, 0.0, 5.096992224679894
7.821832929987743, -17.635311483900352, 0.0, 5.096992224679894
7.821832929987743, -17.635311483900352, 0.0, 5.096992224679894
7.821832929987743, -17.635311483900352, 0.0, 5.096992224679894
7.821832929987743, -17.635311483900352, 0.0, 5.096992224679894
7.821832929987743, -17.635311483900352, 0.0, 5.096992224679894
7.821832929987743, -17.635311483900352, 0.0, 5.096992224679894
7.821832929987743, -17.635311483900352, 0.0, 5.096992224679894
7.821832929987743, -17.635311483900352, 0.0, 5.096992224679894
7.821832929987743, -17.635311483900352, 0.0, 5.096992224679894
7.821832929987743, -17.635311483900352, 0.0, 5.096992224679894
7.821832929987743, -17.635311483900352, 0.0, 5.096992224679894
7.821832929987743, -17.635311483900352, 0.0, 5.096992224679894
7.821832929987743, -17.635311483900352, 0.0, 5.096992224679894
7.821832929987743, -17.635311483900352, 0.0, 5.096992224679894
7.821832929987743, -17.635311483900352, 0.0, 5.096992224679894
7.821832929987743, -17.635311483900352, 0.0, 5.096992224679894
7.821832929987743, -17.635311483900352, 0.0, 5.096992224679894
7.821832929987743, -17.635311483900352, 0.0, 5.096992224679894
7.821832929987743, -17.635311483900352, 0.0, 5.096992224679894
7.821832929987743, -17.635311483900352, 0.0, 5.096992224679894
7.821832929987743, -17.635311483900352, 0.0, 5.096992224679894
7.821832929987743, -17.635311483900352, 0.0, 5.096992224679894
7.821832929987743, -17.635311483900352, 0.0, 5.096992224679894
7.821832929987743, -17.635311483900352, 0.0, 5.096992224679894
7.821832929987743, -17.635311483900352, 0.0, 5.096992224679894
7.821832929987743, -17.635311483900352, 0.0, 5.096992224679894
7.821832929987743, -17.635311483900352, 0.0, 5.096992224679894
7.821832929987743, -17.635311483900352, 0.0, 5.096992224679894
7.821832929987743, -17.635311483900352, 0.0, 5.096992224679894
7.821832929987743, -17.635311483900352, 0.0, 5.096992224679894
7.821832929987743, -17.635311483900352, 0.0, 5.096992224679894
7.821832929987743, -17.635311483900352, 0.0, 5.096992224679894
7.821832929987743, -17.635311483900352, 0.0, 5.096992224679894
7.821832929987743, -17.635311483900352, 0.0, 5.096992224679894
7.821832929987743, -17.635311483900352, 0.0, 5.096992224679894
7.821832929987743, -17.635311483900352, 0.0, 5.096992224679894
7.821832929987743, -17.635311483900352, 0.0, 5.096992224679894
7.821832929987743, -17.635311483900352, 0.0, 5.096992224679894
7.821832929987743, -17.635311483900352, 0.0, 5.096992224679894
7.821832929987743, -17.635311483900352, 0.0, 5.096992224679894
7.821832929987743, -17.635311483900352, 0.0, 5.096992224679894
7.821832929987743, -17.635311483900352, 0.0, 5.096992224679894
7.821832929987743, -17.635311483900352, 0.0, 5.096992224679894
7.821832929987743, -17.635311483900352, 0.0, 5.096992224679894
7.821832929987743, -17.635311483900352, 0.0, 5.096992224679894
7.821832929987743, -17.635311483900352, 0.0, 5.096992224679894
7.821832929987743, -17.635311483900352, 0.0, 5.096992224679894
7.821832929987743, -17.635311483900352, 0.0, 5.096992224679894
7.821832929987743, -17.635311483900352, 0.0, 5.096992224679894
7.821832929987743, -17.635311483900352, 0.0, 5.096992224679894
7.821832929987743, -17.635311483900352, 0.0, 5.096992224679894
7.821832929987743, -17.635311483900352, 0.0, 5.096992224679894
7.821832929987743, -17.635311483900352, 0.0, 5.096992224679894
7.821832929987743, -17.635311483900352, 0.0, 5.096992224679894
7.821832929987743, -17.635311483900352, 0.0, 5.096992224679894
7.821832929987743, -17.635311483900352, 0.0, 5.096992224679894
7.821832929987743, -17.635311483900352, 0.0, 5.096992224679894
7.821832929987743, -17.635311483900352, 0.0, 5.096992224679894
7.821832929987743, -17.635311483900352, 0.0, 5.096992224679894
7.821832929987743, -17.635311483900352, 0.0, 5.096992224679894
7.821832929987743, -17.635311483900352, 0.0, 5.096992224679894
7.821832929987743, -17.635311483900352, 0.0, 5.096992224679894
7.821832929987743, -17.635311483900352, 0.0, 5.096992224679894
7.821832929987743, -17.635311483900352, 0.0, 5.096992224679894
7.821832929987743, -17.635311483900352, 0.0, 5.096992224679894
7.821832929987743, -17.635311483900352, 0.0, 5.096992224679894
7.821832929987743, -17.635311483900352, 0.0, 5.096992224679894
7.821832929987743, -17.635311483900352, 0.0, 5.096992224679894
7.821832929987743, -17.635311483900352, 0.0, 5.096992224679894
7.821832929987743, -17.635311483900352, 0.0, 5.096992224679894
7.821832929987743, -17.635311483900352, 0.0, 5.096992224679894
7.821832929987743, -17.635311483900352, 0.0, 5.096992224679894
7.821832929987743, -17.635311483900352, 0.0, 5.096992224679894
7.821832929987743, -17.635311483900352, 0.0, 5.096992224679894
7.821832929987743, -17.635311483900352, 0.0, 5.096992224679894
7.821832929987743, -17.635311483900352, 0.0, 5.096992224679894
7.821832929987743, -17.635311483900352, 0.0, 5.096992224679894
7.821832929987743, -17.635311483900352, 0.0, 5.096992224679894
7.821832929987743, -17.635311483900352, 0.0, 5.096992224679894
7.821832929987743, -17.635311483900352, 0.0, 5.096992224679894
7.821832929987743, -17.635311483900352, 0.0, 5.096992224679894
7.821832929987743, -17.635311483900352, 0.0, 5.096992224679894
7.821832929987743, -17.635311483900352, 0.0, 5.096992224679894
7.821832929987743, -17.635311483900352, 0.0, 5.096992224679894
7.821832929987743, -17.635311483900352, 0.0, 5.096992224679894
7.821832929987743, -17.635311483900352, 0.0, 5.096992224679894
7.821832929987743, -17.635311483900352, 0.0, 5.096992224679894
7.821832929987743, -17.635311483900352, 0.0, 5.096992224679894
7.821832929987743, -17.635311483900352, 0.0, 5.096992224679894
7.821832929987743, -17.635311483900352, 0.0, 5.096992224679894
7.821832929987743, -17.635311483900352, 0.0, 5.096992224679894
7.821832929987743, -17.635311483900352, 0.0, 5.096992224679894
7.821832929987743, -17.635311483900352, 0.0, 5.096992224679894
7.821832929987743, -17.635311483900352, 0.0, 5.096992224679894
7.821832929987743, -17.635311483900352, 0.0, 5.096992224679894
7.821832929987743, -17.635311483900352, 0.0, 5.096992224679894
7.821832929987743, -17.635311483900352, 0.0, 5.096992224679894
7.821832929987743, -17.635311483900352, 0.0, 5.096992224679894
7.821832929987743, -17.635311483900352, 0.0, 5.096992224679894
7.821832929987743, -17.635311483900352, 0.0, 5.096992224679894
7.821832929987743, -17.635311483900352, 0.0, 5.096992224679894
7.821832929987743, -17.635311483900352, 0.0, 5.096992224679894
7.821832929987743, -17.635311483900352, 0.0, 5.096992224679894
7.821832929987743, -17.635311483900352, 0.0, 5.096992224679894
7.821832929987743, -17.635311483900352, 0.0, 5.096992224679894
7.821832929987743, -17.635311483900352, 0.0, 5.096992224679894
7.821832929987743, -17.635311483900352, 0.0, 5.096992224679894
7.821832929987743, -17.635311483900352, 0.0, 5.096992224679894
7.821832929987743, -17.635311483900352, 0.0, 5.096992224679894
7.821832929987743, -17.635311483900352, 0.0, 5.096992224679894
7.821832929987743, -17.635311483900352, 0.0, 5.096992224679894
7.821832929987743, -17.635311483900352, 0.0, 5.096992224679894
7.821832929987743, -17.635311483900352, 0.0, 5.096992224679894
7.821832929987743, -17.635311483900352, 0.0, 5.096992224679894
7.821832929987743, -17.635311483900352, 0.0, 5.096992224679894
7.821832929987743, -17.635311483900352, 0.0, 5.096992224679894
7.821832929987743, -17.635311483900352, 0.0, 5.096992224679894
7.821832929987743, -17.635311483900352, 0.0, 5.096992224679894
7.821832929987743, -17.635311483900352, 0.0, 5.096992224679894
7.821832929987743, -17.635311483900352, 0.0, 5.096992224679894
7.821832929987743, -17.635311483900352, 0.0, 5.096992224679894
7.821832929987743, -17.635311483900352, 0.0, 5.096992224679894
7.821832929987743, -17.635311483900352, 0.0, 5.096992224679894
7.821832929987743, -17.635311483900352, 0.0, 5.096992224679894
7.821832929987743, -17.635311483900352, 0.0, 5.096992224679894
7.821832929987743, -17.635311483900352, 0.0, 5.096992224679894
7.821832929987743, -17.635311483900352, 0.0, 5.096992224679894
7.821832929987743, -17.635311483900352, 0.0, 5.096992224679894
7.821832929987743, -17.635311483900352, 0.0, 5.096992224679894
7.821832929987743, -17.635311483900352, 0.0, 5.096992224679894
7.821832929987743, -17.635311483900352, 0.0, 5.096992224679894
7.821832929987743, -17.635311483900352, 0.0, 5.096992224679894
7.821832929987743, -17.635311483900352, 0.0, 5.096992224679894
7.821832929987743, -17.635311483900352, 0.0, 5.096992224679894
7.821832929987743, -17.635311483900352, 0.0, 5.096992224679894
7.821832929987743, -17.635311483900352, 0.0, 5.096992224679894
7.821832929987743, -17.635311483900352, 0.0, 5.096992224679894
7.821832929987743, -17.635311483900352, 0.0, 5.096992224679894
7.821832929987743, -17.635311483900352, 0.0, 5.096992224679894
7.821832929987743, -17.635311483900352, 0.0, 5.096992224679894
7.821832929987743, -17.635311483900352, 0.0, 5.096992224679894
7.821832929987743, -17.635311483900352, 0.0, 5.096992224679894
7.821832929987743, -17.635311483900352, 0.0, 5.096992224679894
7.821832929987743, -17.635311483900352, 0.0, 5.096992224679894
7.821832929987743, -17.635311483900352, 0.0, 5.096992224679894
7.821832929987743, -17.635311483900352, 0.0, 5.096992224679894
7.821832929987743, -17.635311483900352, 0.0, 5.096992224679894
7.821832929987743, -17.635311483900352, 0.0, 5.096992224679894
7.821832929987743, -17.635311483900352, 0.0, 5.096992224679894
7.821832929987743, -17.635311483900352, 0.0, 5.096992224679894
7.821832929987743, -17.635311483900352, 0.0, 5.096992224679894
7.821832929987743, -17.635311483900352, 0.0, 5.096992224679894
7.821832929987743, -17.635311483900352, 0.0, 5.096992224679894
7.821832929987743, -17.635311483900352, 0.0, 5.096992224679894
7.821832929987743, -17.635311483900352, 0.0, 5.096992224679894
7.821832929987743, -17.635311483900352, 0.0, 5.096992224679894
7.821832929987743, -17.635311483900352, 0.0, 5.096992224679894
7.821832929987743, -17.635311483900352, 0.0, 5.096992224679894
7.821832929987743, -17.635311483900352, 0.0, 5.096992224679894
7.821832929987743, -17.635311483900352, 0.0, 5.096992224679894
7.821832929987743, -17.635311483900352, 0.0, 5.096992224679894
7.821832929987743, -17.635311483900352, 0.0, 5.096992224679894
7.821832929987743, -17.635311483900352, 0.0, 5.096992224679894
7.821832929987743, -17.635311483900352, 0.0, 5.096992224679894
7.821832929987743, -17.635311483900352, 0.0, 5.096992224679894
7.821832929987743, -17.635311483900352, 0.0, 5.096992224679894
7.821832929987743, -17.635311483900352, 0.0, 5.096992224679894
7.821832929987743, -17.635311483900352, 0.0, 5.096992224679894
7.821832929987743, -17.635311483900352, 0.0, 5.096992224679894
7.821832929987743, -17.635311483900352, 0.0, 5.096992224679894
7.821832929987743, -17.635311483900352, 0.0, 5.096992224679894
7.821832929987743, -17.635311483900352, 0.0, 5.096992224679894
7.821832929987743, -17.635311483900352, 0.0, 5.096992224679894
7.821832929987743, -17.635311483900352, 0.0, 5.096992224679894
7.821832929987743, -17.635311483900352, 0.0, 5.096992224679894
7.821832929987743, -17.635311483900352, 0.0, 5.096992224679894
7.821832929987743, -17.635311483900352, 0.0, 5.096992224679894
7.821832929987743, -17.635311483900352, 0.0, 5.096992224679894
7.821832929987743, -17.635311483900352, 0.0, 5.096992224679894
7.821832929987743, -17.635311483900352, 0.0, 5.096992224679894
7.821832929987743, -17.635311483900352, 0.0, 5.096992224679894
7.821832929987743, -17.635311483900352, 0.0, 5.096992224679894
7.821832929987743, -17.635311483900352, 0.0, 5.096992224679894
7.821832929987743, -17.635311483900352, 0.0, 5.096992224679894
7.821832929987743, -17.635311483900352, 0.0, 5.096992224679894
7.821832929987743, -17.635311483900352, 0.0, 5.096992224679894
7.821832929987743, -17.635311483900352, 0.0, 5.096992224679894
7.821832929987743, -17.635311483900352, 0.0, 5.096992224679894
7.821832929987743, -17.635311483900352, 0.0, 5.096992224679894
7.821832929987743, -17.635311483900352, 0.0, 5.096992224679894
7.821832929987743, -17.635311483900352, 0.0, 5.096992224679894
7.821832929987743, -17.635311483900352, 0.0, 5.096992224679894
7.821832929987743, -17.635311483900352, 0.0, 5.096992224679894
7.821832929987743, -17.635311483900352, 0.0, 5.096992224679894
7.821832929987743, -17.635311483900352, 0.0, 5.096992224679894
7.821832929987743, -17.635311483900352, 0.0, 5.096992224679894
7.821832929987743, -17.635311483900352, 0.0, 5.096992224679894
7.821832929987743, -17.635311483900352, 0.0, 5.096992224679894
7.821832929987743, -17.635311483900352, 0.0, 5.096992224679894
7.821832929987743, -17.635311483900352, 0.0, 5.096992224679894
7.821832929987743, -17.635311483900352, 0.0, 5.096992224679894
7.821832929987743, -17.635311483900352, 0.0, 5.096992224679894
7.821832929987743, -17.635311483900352, 0.0, 5.096992224679894
7.821832929987743, -17.635311483900352, 0.0, 5.096992224679894
7.821832929987743, -17.635311483900352, 0.0, 5.096992224679894
7.821832929987743, -17.635311483900352, 0.0, 5.096992224679894
7.821832929987743, -17.635311483900352, 0.0, 5.096992224679894
7.821832929987743, -17.635311483900352, 0.0, 5.096992224679894
7.821832929987743, -17.635311483900352, 0.0, 5.096992224679894
7.821832929987743, -17.635311483900352, 0.0, 5.096992224679894
7.821832929987743, -17.635311483900352, 0.0, 5.096992224679894
7.821832929987743, -17.635311483900352, 0.0, 5.096992224679894
7.821832929987743, -17.635311483900352, 0.0, 5.096992224679894
7.821832929987743, -17.635311483900352, 0.0, 5.096992224679894
7.821832929987743, -17.635311483900352, 0.0, 5.096992224679894
7.821832929987743, -17.635311483900352, 0.0, 5.096992224679894
7.821832929987743, -17.635311483900352, 0.0, 5.096992224679894
7.821832929987743, -17.635311483900352, 0.0, 5.096992224679894
7.821832929987743, -17.635311483900352, 0.0, 5.096992224679894
7.821832929987743, -17.635311483900352, 0.0, 5.096992224679894
7.821832929987743, -17.635311483900352, 0.0, 5.096992224679894
7.821832929987743, -17.635311483900352, 0.0, 5.096992224679894
7.821832929987743, -17.635311483900352, 0.0, 5.096992224679894
7.821832929987743, -17.635311483900352, 0.0, 5.096992224679894
7.821832929987743, -17.635311483900352, 0.0, 5.096992224679894
7.821832929987743, -17.635311483900352, 0.0, 5.096992224679894
7.821832929987743, -17.635311483900352, 0.0, 5.096992224679894
7.821832929987743, -17.635311483900352, 0.0, 5.096992224679894
7.821832929987743, -17.635311483900352, 0.0, 5.096992224679894
7.821832929987743, -17.635311483900352, 0.0, 5.096992224679894
7.821832929987743, -17.635311483900352, 0.0, 5.096992224679894
7.821832929987743, -17.635311483900352, 0.0, 5.096992224679894
7.821832929987743, -17.635311483900352, 0.0, 5.096992224679894
7.821832929987743, -17.635311483900352, 0.0, 5.096992224679894
7.821832929987743, -17.635311483900352, 0.0, 5.096992224679894
7.821832929987743, -17.635311483900352, 0.0, 5.096992224679894
7.821832929987743, -17.635311483900352, 0.0, 5.096992224679894
7.821832929987743, -17.635311483900352, 0.0, 5.096992224679894
7.821832929987743, -17.635311483900352, 0.0, 5.096992224679894
7.821832929987743, -17.635311483900352, 0.0, 5.096992224679894
7.821832929987743, -17.635311483900352, 0.0, 5.096992224679894
7.821832929987743, -17.635311483900352, 0.0, 5.096992224679894
7.821832929987743, -17.635311483900352, 0.0, 5.096992224679894
7.821832929987743, -17.635311483900352, 0.0, 5.096992224679894
7.821832929987743, -17.635311483900352, 0.0, 5.096992224679894
7.821832929987743, -17.635311483900352, 0.0, 5.096992224679894
7.821832929987743, -17.635311483900352, 0.0, 5.096992224679894
7.821832929987743, -17.635311483900352, 0.0, 5.096992224679894
7.821832929987743, -17.635311483900352, 0.0, 5.096992224679894
7.821832929987743, -17.635311483900352, 0.0, 5.096992224679894
7.821832929987743, -17.635311483900352, 0.0, 5.096992224679894
7.821832929987743, -17.635311483900352, 0.0, 5.096992224679894
7.821832929987743, -17.635311483900352, 0.0, 5.096992224679894
7.821832929987743, -17.635311483900352, 0.0, 5.096992224679894
7.821832929987743, -17.635311483900352, 0.0, 5.096992224679894
7.821832929987743, -17.635311483900352, 0.0, 5.096992224679894
7.821832929987743, -17.635311483900352, 0.0, 5.096992224679894
7.821832929987743, -17.635311483900352, 0.0, 5.096992224679894
7.821832929987743, -17.635311483900352, 0.0, 5.096992224679894
7.821832929987743, -17.635311483900352, 0.0, 5.096992224679894
7.821832929987743, -17.635311483900352, 0.0, 5.096992224679894
7.821832929987743, -17.635311483900352, 0.0, 5.096992224679894
7.821832929987743, -17.635311483900352, 0.0, 5.096992224679894
7.821832929987743, -17.635311483900352, 0.0, 5.096992224679894
7.821832929987743, -17.635311483900352, 0.0, 5.096992224679894
7.821832929987743, -17.635311483900352, 0.0, 5.096992224679894
7.821832929987743, -17.635311483900352, 0.0, 5.096992224679894
7.821832929987743, -17.635311483900352, 0.0, 5.096992224679894
7.821832929987743, -17.635311483900352, 0.0, 5.096992224679894
7.821832929987743, -17.635311483900352, 0.0, 5.096992224679894
7.821832929987743, -17.635311483900352, 0.0, 5.096992224679894
7.821832929987743, -17.635311483900352, 0.0, 5.096992224679894
7.821832929987743, -17.635311483900352, 0.0, 5.096992224679894
7.821832929987743, -17.635311483900352, 0.0, 5.096992224679894
7.821832929987743, -17.635311483900352, 0.0, 5.096992224679894
7.821832929987743, -17.635311483900352, 0.0, 5.096992224679894
7.821832929987743, -17.635311483900352, 0.0, 5.096992224679894
7.821832929987743, -17.635311483900352, 0.0, 5.096992224679894
7.821832929987743, -17.635311483900352, 0.0, 5.096992224679894
7.821832929987743, -17.635311483900352, 0.0, 5.096992224679894
7.821832929987743, -17.635311483900352, 0.0, 5.096992224679894
7.821832929987743, -17.635311483900352, 0.0, 5.096992224679894
7.821832929987743, -17.635311483900352, 0.0, 5.096992224679894
7.821832929987743, -17.635311483900352, 0.0, 5.096992224679894
7.821832929987743, -17.635311483900352, 0.0, 5.096992224679894
7.821832929987743, -17.635311483900352, 0.0, 5.096992224679894
7.821832929987743, -17.635311483900352, 0.0, 5.096992224679894
7.821832929987743, -17.635311483900352, 0.0, 5.096992224679894
7.821832929987743, -17.635311483900352, 0.0, 5.096992224679894
7.821832929987743, -17.635311483900352, 0.0, 5.096992224679894
7.821832929987743, -17.635311483900352, 0.0, 5.096992224679894
7.821832929987743, -17.635311483900352, 0.0, 5.096992224679894
7.821832929987743, -17.635311483900352, 0.0, 5.096992224679894
