0.0, 0.0, 0.0, 6.283185307179586
0.0, 0.0, 0.0, 6.283185307179586
0.0, 0.0, 0.0, 6.283185307179586
0.0, 0.0, 0.0, 6.283185307179586
0.0, 0.0, 0.0, 6.283185307179586
0.0, 0.0, 0.0, 6.283185307179586
0.0, 0.0, 0.0, 6.283185307179586
0.0, 0.0, 0.0, 6.283185307179586
0.0, 0.0, 0.0, 6.283185307179586
0.0, 0.0, 0.0, 6.283185307179586
0.0, 0.0, 0.0, 6.283185307179586
0.0, 0.0, 0.0, 6.283185307179586
0.0, 0.0, 0.0, 6.283185307179586
0.0, 0.0, 0.0, 6.283185307179586
0.0, 0.0, 0.0, 6.283185307179586
0.0, 0.0, 0.0, 6.283185307179586
0.0, 0.0, 0.0, 6.283185307179586
0.0, 0.0, 0.0, 6.283185307179586
0.0, 0.0, 0.0, 6.283185307179586
0.0, 0.0, 0.0, 6.283185307179586
0.0, 0.0, 0.0, 6.283185307179586
0.0, 0.0, 0.0, 6.283185307179586
0.0, 0.0, 0.0, 6.283185307179586
0.0, 0.0, 0.0, 6.283185307179586
0.0, 0.0, 0.0, 6.283185307179586
0.0, 0.0, 0.0, 6.283185307179586
0.0, 0.0, 0.0, 6.283185307179586
0.0, 0.0, 0.0, 6.283185307179586
0.0, 0.0, 0.0, 6.283185307179586
0.0, 0.0, 0.0, 6.283185307179586
0.0, 0.0, 0.0, 6.283185307179586
0.0, 0.0, 0.0, 6.283185307179586
0.0, 0.0, 0.0, 6.283185307179586
0.0, 0.0, 0.0, 6.283185307179586
0.0, 0.0, 0.0, 6.283185307179586
0.0, 0.0, 0.0, 6.283185307179586
0.0010771590275180337, 0.0, 0.0, 6.283185307179586
0.0010771590275180337, 0.0, 0.0, 6.283185307179586
0.005376773505744056, 0.0, 0.0, 6.283185307179586
0.005376773505744056, 0.0, 0.0, 6.283185307179586
0.006469023576810045, 0.0, 0.05463531926262356, 6.283185307179586
0.006469023576810045, 0.0, 0.0, 6.283185307179586
0.006469023576810045, 0.0, 0.0, 6.283185307179586
0.006469023576810045, 0.0, 0.0, 6.283185307179586
0.006469023576810045, 0.0, 0.0, 6.283185307179586
0.007717844770504943, 0.0, 0.06331819396206252, 6.283185307179586
0.010193964246860806, 0.0, 0.0, 6.283185307179586
0.010193964246860806, 0.0, 0.0, 6.283185307179586
0.02628335098049693, 0.0, 0.4887790542345712, 6.283185307179586
0.0713896815516965, 0.0, 0.9040876302431204, 6.283185307179586
0.138841541035533, 0.0, 1.2148009617953512, 6.283185307179586
0.22274892558909964, 0.0, 1.4831685813518567, 6.283185307179586
0.3188595678803099, 0.0, 1.6659096981031258, 6.283185307179586
0.4220506074271974, 0.0, 1.6974352123964733, 6.283185307179586
0.5276658289158429, 0.0, 1.8064386855463532, 6.283185307179586
0.6368396573700241, 0.0, 1.8350253807106598, 6.283185307179586
0.7472074018958056, 0.0, 1.8328880577077211, 6.283185307179586
0.8562767376286402, 0.0, 1.8116484103660166, 6.283185307179586
0.9634792832444563, 0.0, 1.776783328880577, 6.283185307179586
1.0689560223350254, 0.0, 1.7411167512690355, 6.283185307179586
1.1736822912872027, 0.0, 1.767298958055036, 6.283185307179586
1.279656640927598, 0.0, 1.7666310446166178, 6.283185307179586
1.3858253895164305, 0.0, 1.744990649211862, 6.283185307179586
1.4898066865808173, 0.0, 1.7492652952177399, 6.283185307179586
1.60118174218755, 0.0, 1.885653219342773, 6.283185307179586
1.7145630211787335, 0.0, 1.8876569596580284, 6.283185307179586
1.827581718625701, 0.0, 1.8776382580817526, 6.283185307179586
1.9407462748298157, 0.0, 1.882447234838365, 6.283185307179586
2.053080777451242, 0.0, 1.8801763291477425, 6.283185307179586
2.1655960744600584, 0.0, 1.863879241250334, 6.283185307179586
2.275498228650815, 0.0, 1.8259417579481698, 6.283185307179586
2.3827590993235375, 0.0, 1.7782527384450975, 6.283185307179586
2.488124472621961, 0.0, 1.7341704515094845, 6.283185307179586
2.590749186214267, 0.0, 1.6830082821266363, 6.283185307179586
2.6894409354806306, 0.0, 1.6351856799358804, 6.283185307179586
2.785767249620091, 0.0, 1.5923056371894202, 6.283185307179586
2.8803407730141597, 0.0, 1.5662570130911033, 6.283185307179586
2.9777226547475286, 0.0, 1.6671119422922789, 6.283185307179586
3.0833381491680467, 0.0, 1.8191290408763023, 6.283185307179586
3.1975750711835422, 0.0, 1.9425594442960192, 6.283185307179586
3.3182633234090297, 0.0, 2.0360673256745927, 6.283185307179586
3.4399481377376433, 0.0, 2.0303232701041947, 6.283185307179586
3.562284768906225, 0.0, 2.0422121293080417, 6.283185307179586
3.6857042674218543, 0.0, 2.061848784397542, 6.283185307179586
3.8096823867357736, 0.0, 2.0609137055837565, 6.283185307179586
3.9328533457953516, 0.0, 2.048624098316858, 6.283185307179586
4.055178913068661, 0.0, 2.040742719743521, 6.283185307179586
4.178201530216405, 0.0, 2.0327277584825008, 6.283185307179586
4.299512395062784, 0.0, 2.028987443227358, 6.283185307179586
4.41820658821694, 0.0, 1.9388191290408763, 6.283185307179586
4.535943359106601, 0.0, 1.9754207854662036, 6.285226893332593
4.6531938356153235, 0.0002393772818545015, 1.9354795618487843, 6.285226893332593
4.768347723758181, 0.0004744741919857298, 1.9186481432006413, 6.285226893332593
4.8824754792001075, 0.0007074761608929649, 1.903018968741651, 6.285226893332593
4.995864829230326, 0.0009389706094418665, 1.8917980229762223, 6.285226893332593
5.109195984658876, 0.0011703462485327506, 1.8841838097782528, 6.285226893332593
5.2216812454036035, 0.0013999949183508631, 1.8728292813251404, 6.285226893332593
5.333778690565424, 0.0016288518281449547, 1.864279989313385, 6.285226893332593
5.446097747593476, 0.0018581611782850873, 1.857333689553834, 6.285226893332593
5.558601109844695, 0.0020878468039395464, 1.8561314453646807, 6.285226893332593
5.668903358316039, 0.002313038659936364, 1.8485172321667112, 6.285226893332593
5.779955148646093, 0.002539760772339098, 1.857734437616885, 6.285226893332593
5.890825659345392, 0.00276611278624366, 1.8471814052898745, 6.285226893332593
6.001721192658854, 0.0029925158860417845, 1.8383649479027517, 6.285226893332593
6.111673829483703, 0.0032169939787505147, 1.8328880577077211, 6.285226893332593
6.225316273804523, 0.003449005141816415, 1.9338765695965803, 6.285226893332593
6.3434606367452995, 0.0036902073723684686, 1.9646005877638257, 6.285226893332593
6.464232131664406, 0.003936773126641459, 2.003606732567459, 6.285226893332593
6.585694497004784, 0.004184749354359692, 2.03633449104996, 6.285226893332593
6.707346982570906, 0.004433113729437484, 2.0269837029121027, 6.285226893332593
6.829509395140574, 0.004682519165871173, 2.030857600854929, 6.285226893332593
6.951067456247322, 0.004930690765012368, 2.028987443227358, 6.285226893332593
7.07849789550639, 0.005190851346731556, 2.1295752070531657, 6.285226893332593
7.206221686861555, 0.005451610832860182, 2.1409297355062784, 6.285226893332593
7.337923214645096, 0.005720491221884137, 2.2584825006679132, 6.285226893332593
7.472532358986199, 0.005995307768857713, 2.225621159497729, 6.285226893332593
7.604262306574792, 0.006264246179442746, 2.227758482500668, 6.285226893332593
7.738278182317397, 0.006537851515777813, 2.222815923056372, 6.285226893332593
7.872014883900697, 0.006810886893223084, 2.22855997862677, 6.285226893332593
8.004590571862986, 0.007081551958043037, 2.197168047021106, 6.285226893332593
8.13479616525089, 0.007347378263875837, 2.1632380443494523, 6.285226893332593
8.264486513460916, 0.007612152650826586, 2.1318461127437884, 6.285226893332593
8.389907406716134, 0.00786821056555041, 2.09484370825541, 6.285226893332593
8.514037485067021, 0.00812163316677806, 2.059310713331552, 6.285226893332593
8.636566901747074, 0.008371787874762608, 2.03379641998397, 6.285226893332593
8.758576609162477, 0.008499545486238555, 2.017766497461929, 6.275329828782666
8.879003242741728, 0.0061823540459904035, 2.007480630510286, 6.244279412513369
8.998416043178894, 0.0014048522290161195, 1.9906492118621426, 6.242651716868572
9.116872020379866, -0.0033992250970470463, 1.9758215335292546, 6.242651716868572
9.238815351420579, -0.008344734859913635, 1.9754207854662036, 6.242651716868572
9.355059935811825, -0.013059127373886674, 1.988912636922255, 6.242651716868572
9.474280866495285, -0.017894228003016103, 1.9910499599251936, 6.242651716868572
9.591511420058723, -0.02264860728892122, 1.9436281057974887, 6.242651716868572
9.708924853121195, -0.027410403399839946, 1.9548490515629176, 6.242651716868572
9.826444618458105, -0.03217651190157857, 1.9454982634250602, 6.242651716868572
9.94184778213208, -0.03685677992234285, 1.9368153887256212, 6.242651716868572
10.057671420246416, -0.041554100621856396, 1.9227892065188352, 6.242651716868572
10.177459242732855, -0.04641219200351154, 2.0508950040074807, 6.242651716868572
10.304830874243907, -0.05157785085319337, 2.1516163505209724, 6.242651716868572
10.433554147665378, -0.056798326626497336, 2.166310446166177, 6.242651716868572
10.563765470139401, -0.06207915142466571, 2.16751269035533, 6.242651716868572
10.69329725722088, -0.06733241711903265, 2.160032059845044, 6.242651716868572
10.82441595555104, -0.07265004127405648, 2.1669783596045953, 6.242651716868572
10.95329030667722, -0.07787664412505481, 2.1628372962864013, 6.242651716868572
11.082248614964458, -0.08310665192617316, 2.1552230830884316, 6.242651716868572
11.211389036957593, -0.0883440454949492, 2.1481432006411967, 6.242651716868572
11.34030798711663, -0.09357245709555695, 2.1410633181939622, 6.242651716868572
11.468247822788118, -0.09876115992147565, 2.1338498530590435, 6.242651716868572
11.59580372589348, -0.1039342920537135, 2.1391931605663905, 6.242651716868572
11.730220643628197, -0.1093856781465662, 2.2819930537002406, 6.242651716868572
11.873303363202286, -0.11518851279534996, 2.4263959390862944, 6.242651716868572
12.020818655355546, -0.12117111398632847, 2.455784130376703, 6.242651716868572
12.167314448201912, -0.12711236856382319, 2.4585893668180603, 6.242651716868572
12.315520341886717, -0.13312297765476117, 2.469943895271173, 6.242651716868572
12.463219659159904, -0.13911304213232906, 2.466069997328346, 6.242651716868572
12.611211748970598, -0.14511498023537672, 2.452578145872295, 6.242651716868572
12.756142026447103, -0.15099274407927002, 2.4126369222548756, 6.242651716868572
12.899740073565429, -0.15681647825063813, 2.3780390061448036, 6.242651716868572
13.040962212025638, -0.16254385553750822, 2.3384985305904356, 6.242651716868572
13.178879518762198, -0.16813720271863608, 2.2968207320331286, 6.242651716868572
13.31465596274729, -0.17364372549085227, 2.257146673791077, 6.242651716868572
13.44834402451342, -0.17906555224431672, 2.2073203312850653, 6.242651716868572
13.579352235058114, -0.1843786954784321, 2.1779321399946565, 6.242651716868572
13.70846278701437, -0.18961487764386414, 2.153887256211595, 6.242651716868572
13.836644797351608, -0.19481340205792197, 2.1319796954314723, 6.242651716868572
13.964115462600379, -0.19998307730040338, 2.1206251669783596, 6.242651716868572
14.089872428541096, -0.20508325209061518, 2.062650280523644, 6.242651716868572
14.214197579503475, -0.21012535847402228, 2.0765428800427466, 6.242651716868572
14.338398180160848, -0.21516241361974284, 2.0579748864547156, 6.242651716868572
14.461036451091426, -0.22013610722817606, 2.0439487042479296, 6.242651716868572
14.583940199777807, -0.22512056750028775, 2.0331285065455518, 6.242651716868572
14.705271987204274, -0.23004127562054816, 2.0249799625968476, 6.242651716868572
14.826680243877231, -0.23496508501253738, 2.020571733903286, 6.242651716868572
14.948667546072608, -0.23991237806090895, 2.020170985840235, 6.242651716868572
15.069208493517761, -0.24480101303034543, 2.025647876035266, 6.242651716868572
15.190977760805787, -0.24973946349787438, 2.0269837029121027, 6.242651716868572
15.311810812056851, -0.2546399449718435, 2.023911301095378, 6.242651716868572
15.433403543766818, -0.2595712358971708, 2.0253807106598987, 6.242651716868572
15.554362187984012, -0.264120322230347, 2.023777718407694, 6.251905155731095
15.675892118542778, -0.26792303719745125, 2.02471279722148, 6.251905155731095
15.798718990029757, -0.2717663339097807, 2.021773978092439, 6.251905155731095
15.918138140528516, -0.27550300181432563, 2.017365749398878, 6.251905155731095
16.03896119069794, -0.2792835982413786, 2.016965001335827, 6.251905155731095
16.160621077017453, -0.2830903795706884, 2.016564253272776, 6.251905155731095
16.28126276403255, -0.2868653010798155, 2.014961261020572, 6.251905155731095
16.4027381888819, -0.2906663105437896, 2.015094843708255, 6.251905155731095
16.523041616015178, -0.29443064778030625, 2.016564253272776, 6.251905155731095
16.644520281644432, -0.2982317586494419, 2.016029922522041, 6.251905155731095
16.765749577832832, -0.3020250666596381, 2.016029922522041, 6.251905155731095
16.886180248282546, -0.30579338538500833, 2.01816724552498, 6.251905155731095
17.007003495446657, -0.30957398797609553, 2.0174993320865617, 6.251905155731095
17.128301961569008, -0.31336946033824914, 2.0154955917713067, 6.251905155731095
17.24920402450668, -0.3171525291030631, 2.0154955917713067, 6.251905155731095
17.370691711054576, -0.32095392223996744, 2.0208388992786537, 6.251905155731095
17.491740113048547, -0.3247415700061607, 2.019235907026449, 6.251905155731095
17.614757151237992, -0.3285908171025839, 2.1053967405824205, 6.251905155731095
17.746419756632722, -0.3327105870871506, 2.201442693026984, 6.251905155731095
17.87594280739958, -0.3367634096426442, 2.1254341437349717, 6.251905155731095
18.00519584754707, -0.3408077834693446, 2.1982367085225754, 6.251905155731095
18.135665614471897, -0.34489022911181727, 2.1648410366016564, 6.251905155731095
18.2655787643541, -0.34895525800806787, 2.1522842639593907, 6.251905155731095
18.39399497019724, -0.3529734469902654, 2.1302431204915844, 6.251905155731095
18.520005779952232, -0.35691637026907463, 2.0893668180603795, 6.248851043433451
18.643536807314074, -0.3618821087941574, 2.050227090569062, 6.2228176806017315
18.76449078419605, -0.3709434780538354, 2.013091103393, 6.179587347983057
18.883406993989333, -0.3833072178159906, 1.9755543681538872, 6.179587347983057
19.000009021145488, -0.39543035159232326, 1.9527117285599787, 6.179587347983057
19.11613540137248, -0.4075040322717144, 1.9357467272241518, 6.179587347983057
19.231170173620928, -0.4194642182728573, 1.9218541277050494, 6.179587347983057
19.345274272426554, -0.43132764198843276, 1.9115682607534064, 6.179587347983057
19.459332429470038, -0.44318628913071917, 1.9020838899278654, 6.179587347983057
19.573313966755155, -0.4550369701029207, 1.8995458188618755, 6.179587347983057
19.686276009919954, -0.4667816540877089, 1.901816724552498, 6.179587347983057
19.799954727833402, -0.47860085087526666, 1.9000801496126103, 6.179587347983057
19.913185550358296, -0.49037347989856117, 1.8994122361741919, 6.179587347983057
20.026949140637665, -0.5022015008812986, 1.8999465669249265, 6.179587347983057
20.139740960299278, -0.5137320609265675, 1.8578680203045685, 6.20115743871893
20.247443434478164, -0.5210057367205404, 1.8291477424525782, 6.222996851237467
20.356541181837095, -0.5275801024746852, 1.8330216403954047, 6.222996851237467
20.47194607893937, -0.53453454490578, 1.9386855463531927, 6.222996851237467
20.587785723382478, -0.5415151857515852, 1.9378840502270906, 6.222996851237467
20.7021559122563, -0.548407275379736, 1.8970077477958855, 6.222996851237467
20.815335365729478, -0.5552276098137632, 1.8849853059043549, 6.222996851237467
20.927202471079365, -0.5619688605199575, 1.867218808442426, 6.222996851237467
21.038642726012696, -0.5686843886899065, 1.8574672722415175, 6.222996851237467
21.154999536785652, -0.5756961946210637, 1.9617953513224686, 6.222996851237467
21.275736634755123, -0.582971962098955, 1.998397007747796, 6.222996851237467
21.39638581173579, -0.5902424313488641, 2.045284531124766, 6.222996851237467
21.51895790456338, -0.5976287778959509, 2.041277050494256, 6.222996851237467
21.6414410178085, -0.6050097624228862, 2.0380710659898478, 6.222996851237467
21.762970481033985, -0.6123332788152146, 2.033930002671654, 6.222996851237467
21.88533214564457, -0.6197069446965946, 2.036200908362276, 6.222996851237467
22.007535883746762, -0.6270710937304359, 2.033395671920919, 6.222996851237467
22.128699281192873, -0.6344764334511942, 2.030056104728827, 6.215739813912619
22.249724700183393, -0.6434924301484459, 2.024312049158429, 6.194991664202781
22.370451606892676, -0.6541674674545138, 2.020304568527919, 6.194991664202781
22.49150897915795, -0.664871725522007, 2.0158963398343577, 6.194991664202781
22.61133381580878, -0.675466999072098, 2.0166978359604597, 6.194991664202781
22.731577459576165, -0.6860993048109121, 2.018567993588031, 6.194991664202781
22.852165694479282, -0.696762080337527, 2.013491851456051, 6.194991664202781
22.973147395308636, -0.7074596473083671, 2.017632914774245, 6.194991664202781
23.098465933716568, -0.7185406905414886, 2.1322468608068395, 6.194991664202781
23.227858500956824, -0.7299819716946935, 2.1442693026983703, 6.194991664202781
23.35576694511866, -0.7412920222079294, 2.184076943628106, 6.194991664202781
23.486155933845794, -0.7528214099550572, 2.173657493988779, 6.194991664202781
23.617568523476784, -0.7644413075821531, 2.1830082821266363, 6.194991664202781
23.74668241593732, -0.7758579474706159, 2.1735239113010953, 6.194991664202781
23.875243644492276, -0.7872257191492433, 2.1378573336895537, 6.194991664202781
24.001331934894804, -0.7983748261759523, 2.0997862676997063, 6.194991664202781
24.12635704206894, -0.8094299233341437, 2.0753406358535935, 6.194991664202781
24.24953316621122, -0.8203215278345563, 2.05850921720545, 6.194991664202781
24.371362867853854, -0.831094077595597, 2.011888859203847, 6.194991664202781
24.49061477873477, -0.8416386913206813, 1.9827678332888057, 6.194991664202781
24.61581830313928, -0.8527095646686403, 2.1405289874432274, 6.194991664202781
24.743176430584814, -0.8639709545175983, 2.1457387122628906, 6.194991664202781
24.871234939825534, -0.8752942742378329, 2.1432006411969007, 6.194991664202781
24.999286399850988, -0.8866169706451875, 2.1365215068127172, 6.194991664202781
25.12607763681918, -0.8978282343279164, 2.1220945765428803, 6.194991664202781
25.25380416383108, -0.9091221991779385, 2.1120758749666044, 6.194991664202781
25.378486546876186, -0.9201469916346944, 2.1092706385252473, 6.194991664202781
25.504805525817098, -0.9313164968379197, 2.1052631578947367, 6.194991664202781
25.63041130624689, -0.9424229388771801, 2.1055303232701044, 6.194991664202781
25.756318944675883, -0.9535560721113895, 2.1057974886454716, 6.194991664202781
25.878717533698094, -0.9643789246107798, 2.011087363077745, 6.194991664202781
25.998338660061034, -0.9749561854826521, 1.996259684744857, 6.194991664202781
26.12107907364757, -0.9858092631412528, 2.1032594175794816, 6.194991664202781
26.248486920042797, -0.9970750492897372, 2.1176863478493186, 6.194991664202781
26.37609361165987, -1.008358417932623, 2.1319796954314723, 6.194991664202781
26.503645159585417, -1.0196369106039445, 2.1247662302965535, 6.194991664202781
26.63003678559252, -1.0308128394799279, 2.1152818594710125, 6.194991664202781
26.756764791111305, -1.0420185120471401, 2.1156826075340636, 6.194991664202781
26.882601050609836, -1.0531453337409786, 2.1088698904621963, 6.194991664202781
27.008750498097406, -1.0642998484616488, 2.107667646273043, 6.194991664202781
27.134914129286855, -1.0754556173480294, 2.1048624098316857, 6.194991664202781
27.25999726947448, -1.0865158459603503, 2.1013892599519104, 6.194991664202781
27.38550021516803, -1.0976131950419954, 2.1036601656425327, 6.194991664202781
27.514567384098235, -1.1090257034949482, 2.210793481164841, 6.194991664202781
27.646950496611023, -1.1207314176831737, 2.228426395939086, 6.194991664202781
27.780136524582545, -1.1325081280785347, 2.23764360138926, 6.194991664202781
27.913759227520092, -1.144323450591774, 2.2361741918247393, 6.194991664202781
28.05130185921439, -1.156485385031518, 2.303232701041945, 6.194991664202781
28.19052718719307, -1.1687961085531675, 2.2952177397809246, 6.194991664202781
28.3240867517916, -1.1806058481839923, 2.262222815923056, 6.194991664202781
28.46067416680849, -1.1926833194833757, 2.248730964467005, 6.194991664202781
28.593622081863902, -1.2044389752163436, 2.233769703446433, 6.194991664202781
28.726579398258913, -1.2161954622441213, 2.2061180870959123, 6.194991664202781
28.857347058238105, -1.2277583332457498, 2.1947635586428, 6.194991664202781
28.996109867966034, -1.2400281595083202, 2.3471814052898745, 6.194991664202781
29.141538980538215, -1.2528874403796075, 2.3797755810846914, 6.194991664202781
29.282585666639385, -1.26535921388121, 2.3868554635319263, 6.194991664202781
29.4246336316716, -1.2779195234866025, 2.3757681004541813, 6.194991664202781
29.566168253862674, -1.2904344417693034, 2.3681538872562116, 6.194991664202781
29.70895544253426, -1.3030601157590154, 2.3629441624365484, 6.194991664202781
29.84786948617949, -1.3153433145808033, 2.3359604595244456, 6.194991664202781
29.989381187504566, -1.3253445490471158, 2.3169917178733637, 6.269896988509268
30.124954315174882, -1.3214661367754443, 2.278787069195832, 6.405000485932142
30.257252168173817, -1.2985052918236824, 2.226155490248464, 6.555087782361946
30.382645248558415, -1.256793350351868, 2.186481432006412, 6.702001889898068
30.501089562412737, -1.2040674053427698, 2.158829815655891, 6.702001889898068
30.61924951553362, -1.1514680446154002, 2.1391931605663905, 6.702001889898068
30.734683035918504, -1.1000823659790602, 2.1180870959123697, 6.702001889898068
30.85088946426776, -1.0483526243691554, 2.1009885118888594, 6.702001889898068
30.96525326725326, -0.9974431345758238, 2.093641464066257, 6.702001889898068
31.080789710398488, -0.9460116394741318, 2.099385519636655, 6.702001889898068
31.19581857526952, -0.8948060948068849, 2.1064654020838898, 6.702001889898068
31.311410058112575, -0.8433500985705532, 2.1013892599519104, 6.702001889898068
31.426183666854108, -0.7903854175546944, 2.099385519636655, 6.783309760073541
31.532693350359395, -0.7255869002814336, 2.0959123697568796, 6.922645810581024
31.630371127220492, -0.6455418230712205, 2.0925728025647876, 7.063787776274108
31.715157933287283, -0.553340607940506, 2.0987176061982367, 7.203780643665278
31.787738308668597, -0.45151496678124214, 2.0901683141864815, 7.25004325569621
31.858928030057267, -0.3483316129335704, 2.0866951643067058, 7.25004325569621
31.930213085312808, -0.2450100808780476, 2.0885653219342775, 7.25004325569621
32.00161204338828, -0.14152345652066223, 2.0917713064386856, 7.25004325569621
32.07289176913689, -0.038209649125232725, 2.0979161100721346, 7.25004325569621
32.14444394049345, 0.06549904465298438, 2.0896339834357467, 7.25004325569621
32.21606851066779, 0.1693126742658513, 2.0931071333155225, 7.25004325569621
32.28696234559836, 0.2720671662426063, 2.090702644937216, 7.25004325569621
32.35842092268232, 0.3756402032046333, 2.0945765428800427, 7.25004325569621
32.428701676304485, 0.4795977316303046, 2.094442960192359, 7.316922838775907
32.48900665097584, 0.5928608038457244, 2.0941757948169917, 7.460337404648533
32.53309046729249, 0.7085323350015256, 2.0999198503873897, 7.50288206570772
32.57670638437755, 0.8276120099443521, 2.097782527384451, 7.50288206570772
32.61971414169713, 0.9450312940934915, 2.0983168581351856, 7.50288206570772
32.663065525518505, 1.0633887433637605, 2.1004541811381245, 7.50288206570772
32.706473265386926, 1.1819000552651917, 2.092439219877104, 7.50288206570772
32.7487266423814, 1.2991768920691795, 2.0963131178199306, 7.549313944326841
32.78080258027724, 1.4207222037330587, 2.092038471814053, 7.689535938536594
32.79747861205894, 1.5451918606633068, 2.0947101255677265, 7.736557795780101
32.81216214042126, 1.6696638522291594, 2.092839967940155, 7.736557795780101
32.826888763222314, 1.7945011545352803, 2.089901148811114, 7.736557795780101
32.841728366514616, 1.9202961903237987, 2.0931071333155225, 7.736557795780101
32.85645951185979, 2.0451718301506157, 2.144002137323003, 7.736557795780101
32.87218026456546, 2.1784363528120023, 2.279187817258883, 7.736557795780101
32.88897996923488, 2.3208471308159644, 2.4031525514293346, 7.736557795780101
32.90634492371226, 2.468049520726328, 2.4457654288004274, 7.736557795780101
32.9234755464237, 2.613265484699206, 2.478893935345979, 7.736557795780101
32.941458888405876, 2.7657099337646565, 2.5987176061982367, 7.740933871561978
32.95697803345493, 2.919152180277993, 2.5468875233769706, 7.759361710131684
32.97101479725219, 3.067058119645228, 2.4453646807373763, 7.759361710131684
32.98505706128277, 3.215022015190082, 2.463799091637724, 7.759361710131684
32.99887432872609, 3.360615112730982, 2.429067592839968, 7.759361710131684
33.01241422937429, 3.503285585301258, 2.3903286134117017, 7.759361710131684
33.025796032620846, 3.6442901792515983, 2.3470478226021907, 7.759361710131684
33.039023701003224, 3.7836706479972237, 2.3764360138925995, 7.759361710131684
33.05300319963426, 3.9309731820265146, 2.474084958589367, 7.759361710131684
33.06459561893362, 4.08112605457149, 2.524044883783062, 7.834225359638369
33.06784260657715, 4.234766004339631, 2.6230296553566657, 7.832179383228939
33.071324554922924, 4.394446611079439, 2.6788672188084424, 7.832179383228939
33.07479935367183, 4.553799340478057, 2.6544215869623295, 7.832179383228939
33.078267370822296, 4.712841068780209, 2.635319262623564, 7.832179383228939
33.08173231957527, 4.871742081734381, 2.6334491049959925, 7.832179383228939
33.08513524072009, 5.0277985360904545, 2.6140796152818595, 7.832179383228939
33.088531478477606, 5.183548493268988, 2.581218274111675, 7.832179383228939
33.0918984897649, 5.337958137486886, 2.542479294683409, 7.832179383228939
33.09516753132711, 5.487874933565977, 2.496393267432541, 7.832179383228939
33.09840045385245, 5.636135326634723, 2.4499064921186213, 7.832179383228939
33.102775846161656, 5.781325238599934, 2.401816724552498, 7.782996364248185
33.11671759302724, 5.922308998367563, 2.3501202244189154, 7.727245448603063
33.13418175183532, 6.059369736154232, 2.2914774245257816, 7.727245448603063
33.151234138100044, 6.193198835405503, 2.232834624632648, 7.727245448603063
33.167838906718536, 6.323514979609075, 2.1693828479829014, 7.727245448603063
33.18411499767596, 6.451251623522012, 2.1231632380443495, 7.727245448603063
33.19994914257433, 6.575519823659242, 2.0781458722949506, 7.727245448603063
33.21552121311176, 6.697731233906947, 2.043815121560246, 7.727245448603063
33.22987223509923, 6.81867906570827, 2.018567993588031, 7.798381283104799
33.231193536289226, 6.938295573115202, 1.9857066524178466, 7.88662374392304
33.22712663595397, 7.062841927552955, 2.140662570130911, 7.88662374392304
33.22285648526927, 7.193612700583479, 2.181138124499065, 7.88662374392304
33.21859679305142, 7.324063189414545, 2.182340368688218, 7.88662374392304
33.21434275240554, 7.454340602283962, 2.1745925728025646, 7.88662374392304
33.21008759373328, 7.5846522540328944, 2.1639059577878705, 7.88662374392304
33.205748956730524, 7.7175203789873414, 2.2695698637456587, 7.88662374392304
33.20127984652936, 7.8543841664548815, 2.288271440021373, 7.88662374392304
33.19682236432329, 7.99089185363012, 2.281325140261822, 7.88662374392304
33.1922921063462, 8.129628254622762, 2.3247395137590168, 7.88662374392304
33.18771459235069, 8.269811842498449, 2.3302164039540476, 7.88662374392304
33.18317730455066, 8.408763527552011, 2.3034998664173125, 7.88662374392304
33.17851730502275, 8.551473184794352, 2.438151215602458, 7.88662374392304
33.17355168764809, 8.703542203104499, 2.6111407961528186, 7.88662374392304
33.16842678447795, 8.860489252225504, 2.550360673256746, 7.88662374392304
33.16333557612565, 9.016404418000903, 2.6397274913171254, 7.88662374392304
33.158141698054315, 9.175463781607933, 2.6548223350253806, 7.88662374392304
33.15292917921612, 9.335094007386445, 2.6632380443494523, 7.88662374392304
33.14774008973668, 9.494006723273372, 2.6421319796954315, 7.88662374392304
33.14260905384501, 9.651141583269226, 2.6103393000267165, 7.88662374392304
33.137551629782195, 9.8060221256836, 2.5728025647876036, 7.88662374392304
33.13255344651158, 9.959088454792102, 2.5344643334223886, 7.88662374392304
33.12760794658844, 10.1105413883591, 2.4961261020571732, 7.88662374392304
33.122759855552054, 10.259011233890018, 2.492652952177398, 7.88662374392304
33.11776473863439, 10.411983657800349, 2.5698637456585627, 7.88662374392304
33.11275183041729, 10.565500929457988, 2.519903820464868, 7.88662374392304
33.107873741508826, 10.714889441614607, 2.489714133048357, 7.88662374392304
33.1030541268099, 10.862487216594001, 2.451643067058509, 7.88662374392304
33.098261886001815, 11.009246682780319, 2.4342773176596313, 7.88662374392304
33.09350874643622, 11.154808697147145, 2.4283996794015494, 7.88662374392304
33.08877313369048, 11.299833963293665, 2.419983970077478, 7.88662374392304
33.0840552017865, 11.444317764392201, 2.4040876302431204, 7.88662374392304
33.07937108974059, 11.587765852863631, 2.3925995191023244, 7.88662374392304
33.07473794367335, 11.729653139171363, 2.322201442693027, 7.88662374392304
33.07029579163705, 11.865691349201736, 2.266230296553567, 7.88662374392304
33.06590447858591, 12.000172646167346, 2.237376436013893, 7.88662374392304
33.06137542165459, 12.138872265862114, 2.286802030456853, 7.88662374392304
33.056979205357045, 12.273503721772823, 2.238979428266097, 7.88662374392304
33.05256714878612, 12.40862027644185, 2.1932941490782794, 7.88662374392304
33.048402516226645, 12.536159620929483, 2.158829815655891, 7.88662374392304
33.0436721630643, 12.681023815526698, 2.1481432006411967, 7.88662374392304
33.04001979728681, 12.792875300726998, 2.1313117819930536, 7.88662374392304
33.035853123232684, 12.920477164749391, 2.1162169382847984, 7.88662374392304
33.03173049134317, 13.046730264211256, 2.1099385519636655, 7.88662374392304
33.027582081787585, 13.17377278905117, 2.1033930002671655, 7.88662374392304
33.02348526549696, 13.299235301465067, 2.0971146139460326, 7.88662374392304
33.01937808061769, 13.42501534561332, 2.0979161100721346, 7.88662374392304
33.01527979301112, 13.550522916185315, 2.094042212129308, 7.88662374392304
33.011155329231215, 13.676832116178414, 2.094042212129308, 7.88662374392304
33.00708920737718, 13.80135463010145, 2.089500400748063, 7.88662374392304
33.00296807191169, 13.92756190248563, 2.0927063852524714, 7.88662374392304
32.99988488152114, 14.021982736911237, 2.0997862676997063, 7.88662374392304
32.99445352951113, 14.188314595760048, 2.0992519369489715, 7.88662374392304
32.98928312781562, 14.346655009606012, 2.0913705583756346, 7.88662374392304
32.985177422771685, 14.472389734695419, 2.0923056371894204, 7.88662374392304
32.981074811185984, 14.598029724503835, 2.0897675661234305, 7.88662374392304
32.97556340281445, 14.766813260835386, 2.1064654020838898, 7.88662374392304
32.969690928848465, 14.946654211854955, 2.3311514827678335, 7.88662374392304
32.96501336916217, 15.089901638289863, 2.4445631846112743, 7.88662374392304
32.95991642461848, 15.24599247144507, 2.459524445631846, 7.88662374392304
32.95540394216017, 15.38418450796368, 2.462463264760887, 7.88662374392304
32.95070689835454, 15.528028623727767, 2.497061180870959, 7.88662374392304
32.94562893359386, 15.683538212547516, 2.502137323002939, 7.88662374392304
32.94066301338712, 15.83561650490587, 2.486908896607, 7.88662374392304
32.93590297205487, 15.981389881687774, 2.474752872027785, 7.88662374392304
32.92931235671242, 16.18322347649912, 2.4726155490248463, 7.88662374392304
32.92461659643332, 16.327028285042587, 2.460860272508683, 7.88662374392304
32.9198335276423, 16.473506863773284, 2.452978893935346, 7.88662374392304
32.91504243318909, 16.62023122353714, 2.448437082554101, 7.88662374392304
32.91022923722878, 16.767632428542097, 2.4527117285599784, 7.88662374392304
32.90543259240893, 16.914526764916047, 2.456184878439754, 7.88662374392304
32.900631492748985, 17.061557528063965, 2.454314720812183, 7.88662374392304
32.89582865378681, 17.208641556287247, 2.4548490515629173, 7.88662374392304
32.89102620336929, 17.355713685565885, 2.4564520438151214, 7.88662374392304
32.88622286770149, 17.50281292509713, 2.4560512957520704, 7.88662374392304
32.88140986167696, 17.650208313434216, 2.4564520438151214, 7.88662374392304
32.876613907011595, 17.79708151424554, 2.458856532193428, 7.88662374392304
32.871911004823104, 17.941105039429164, 2.351055303232701, 7.88662374392304
32.86729705864536, 18.08240434077398, 2.3697568795084156, 7.88662374392304
32.86257421416966, 18.22703858639984, 2.4576542880042744, 7.88662374392304
32.85759947910249, 18.379386828509443, 2.556505476890195, 7.88662374392304
32.852651237472045, 18.530923725198807, 2.535132246860807, 7.88662374392304
32.847678180281015, 18.683220583369874, 2.527918781725888, 7.88662374392304
32.842755008503126, 18.833989731040273, 2.510820197702378, 7.88662374392304
32.837859072583825, 18.98392479707199, 2.489714133048357, 7.88662374392304
32.83297449653298, 19.133511974026675, 2.486775313919316, 7.88662374392304
32.82812008083425, 19.2821755085028, 2.475955116216938, 7.88662374392304
32.8233023985254, 19.42971410520905, 2.466069997328346, 7.88662374392304
32.81850019373999, 19.576778712153445, 2.4487042479294683, 7.88662374392304
32.81370597768686, 19.723598669020536, 2.4432273577344374, 7.88662374392304
32.80884090898704, 19.872588445189816, 2.5212396473417047, 7.88662374392304
32.80377299904155, 20.027790111396765, 2.5880309911835426, 7.88662374392304
32.79865928865437, 20.184394388333047, 2.6194229227892065, 7.88662374392304
32.79351324450797, 20.341988867021037, 2.6184878439754207, 7.88662374392304
32.788375084122066, 20.499341910328692, 2.6182206786000535, 7.88662374392304
32.78308004172573, 20.661499369989166, 2.771974352123965, 7.88662374392304
32.77764576511949, 20.827920792822322, 2.7922789206518837, 7.88662374392304
32.77223754589033, 20.993544224297455, 2.730964467005076, 7.88662374392304
32.7669172378209, 21.15647542986184, 2.741918247395138, 7.88662374392304
32.76156087658755, 21.320510741689418, 2.728159230563719, 7.88662374392304
32.756220804773434, 21.484047199939717, 2.716136788672188, 7.88662374392304
32.75093125966838, 21.64603630839147, 2.69222548757681, 7.88662374392304
32.74565827939501, 21.807518128926205, 2.6611007213465134, 7.88662374392304
32.74053015463907, 21.964563837157225, 2.6216938284798292, 7.88662374392304
32.735439560391164, 22.120460196357897, 2.5793481164841037, 7.88662374392304
32.73043693903196, 22.273662439235668, 2.5315255142933477, 7.88662374392304
32.72553548270466, 22.423766564411903, 2.486107400480898, 7.88662374392304
32.72075226593467, 22.570249674908354, 2.4326743254074272, 7.88662374392304
32.71605679112438, 22.714045741142648, 2.3816457387122627, 7.88662374392304
32.7114623223948, 22.85474855745869, 2.319262623563986, 7.88662374392304
32.70703246663439, 22.990410201503124, 2.2539406892866682, 7.88662374392304
32.702694801289276, 23.123248570032125, 2.1882180069463, 7.88662374392304
32.698455215856114, 23.253083300785363, 2.1248998129842374, 7.88662374392304
32.6943785968411, 23.377927283892088, 2.070531659096981, 7.88662374392304
32.689708105530194, 23.500712916706632, 2.0212396473417047, 7.916287726761918
32.67947119738956, 23.619029306989034, 1.979829014159765, 7.963985301615683
32.66652092703937, 23.736279869609795, 1.9553833823136522, 7.963985301615683
32.65365881792429, 23.85273222847591, 1.974886454715469, 7.963985301615683
32.639960601570586, 23.97675462576496, 2.1136788672188085, 7.963985301615683
32.62612955306387, 24.101979673211506, 2.1088698904621963, 7.963985301615683
32.612184842452855, 24.22823380694866, 2.1220945765428803, 7.963985301615683
32.59825956459903, 24.35431199828055, 2.1172855997862676, 7.963985301615683
32.58439747727433, 24.479818068344567, 2.1047288271440023, 7.963985301615683
32.57046873152737, 24.605927657663514, 2.1120758749666044, 7.963985301615683
32.55558382967712, 24.74069419684006, 2.297355062783863, 7.963985301615683
32.53957306007992, 24.885654239564975, 2.507480630510286, 7.963985301615683
32.52365418161596, 25.02978230837878, 2.3845845578413036, 7.963985301615683
32.50751887644788, 25.175869884765685, 2.4621960993855194, 7.963985301615683
32.491049760082646, 25.32497975718332, 2.5530323270104196, 7.963985301615683
32.47399288114857, 25.479411178110777, 2.583756345177665, 7.963985301615683
32.45719688519069, 25.631480588446152, 2.5426128773710928, 7.963985301615683
32.440374023401475, 25.783793239559802, 2.5307240181672457, 7.963985301615683
32.4239350063047, 25.932630595955185, 2.5034731498797758, 7.963985301615683
32.40745577470098, 26.08183205081645, 2.4965268501202242, 7.963985301615683
32.39097397556507, 26.231056751879073, 2.483168581351857, 7.963985301615683
32.37473908932555, 26.378045926173805, 2.47528720277852, 7.963985301615683
32.35770009534982, 26.532315418325183, 2.5955116216938285, 7.963985301615683
32.3406316181708, 26.686851848700933, 2.572134651349185, 7.963985301615683
32.32420422251731, 26.83558398561241, 2.484905156291745, 7.963985301615683
32.30756616448302, 26.986223440441123, 2.516831418648143, 7.963985301615683
32.29104550302147, 27.135799997443623, 2.5109537803900612, 7.963985301615683
32.27483346120556, 27.284242261516244, 2.481432006411969, 7.947493726888307
32.263492861131276, 27.431469350905303, 2.4548490515629173, 7.895429645646066
32.25744698494113, 27.57725230655794, 2.427063852524713, 7.895429645646066
32.25145356867087, 27.721770307068777, 2.3963398343574673, 7.895429645646066
32.245511437469936, 27.865051681364832, 2.3769703446433343, 7.895429645646066
32.23962047799827, 28.007099162391594, 2.4012823938017633, 7.895429645646066
32.233340927308845, 28.15851666266525, 2.5790809511087365, 7.895429645646066
32.22691907027258, 28.31336556629521, 2.5269837029121027, 7.895429645646066
32.220737632691424, 28.4624172855865, 2.531792679668715, 7.895429645646066
32.21444204895349, 28.614221387425502, 2.5084157093240718, 7.895429645646066
32.20820903091791, 28.76451685549094, 2.499064921186214, 7.895429645646066
32.20203458769713, 28.91339992122463, 2.475153620090836, 7.895429645646066
32.195925004366025, 29.06071903392253, 2.44803633449105, 7.895429645646066
32.1898463139786, 29.207293231492283, 2.4262623563986105, 7.895429645646066
32.18386836545543, 29.35143826143305, 2.4095645204381513, 7.895429645646066
32.1778926201759, 29.495530165017943, 2.3722949505744055, 7.895429645646066
32.17214891271473, 29.634026988928806, 2.3043013625434146, 7.895429645646066
32.16634381368316, 29.77400413501355, 2.3994122361741916, 7.895429645646066
32.160542020762065, 29.913901561543806, 2.31432006411969, 7.895429645646066
32.155069202200536, 30.045866497734707, 2.1516163505209724, 7.895429645646066
32.149654378292155, 30.1764330209111, 2.1719209190488913, 7.895429645646066
32.14395662929672, 30.31382165789237, 2.3132514026182207, 7.895429645646066
32.13803256199975, 30.45666746102755, 2.4161100721346513, 7.895429645646066
32.13174709373603, 30.608227650539867, 2.5965802831952978, 7.895429645646066
32.12494595073683, 30.772222197741467, 2.736975687950842, 7.895429645646066
32.11829577055063, 30.93257661001792, 2.708656158161902, 7.895429645646066
32.111552276951755, 31.095181069214618, 2.747127972214801, 7.895429645646066
32.10462327899181, 31.26225855650399, 2.816457387122629, 7.895429645646066
32.097556637090975, 31.432655023524344, 2.8338231365215067, 7.895429645646066
32.090802359196395, 31.59551952220138, 2.6994389527117284, 7.895429645646066
32.08400002222637, 31.75954285937319, 2.715736040609137, 7.895429645646066
32.077356911466765, 31.919726808035865, 2.6767298958055035, 7.895429645646066
32.070659876641194, 32.08121101649061, 2.733368955383382, 7.895429645646066
32.063902569656044, 32.24414855499878, 2.6932941490782794, 7.895429645646066
32.05732656091877, 32.402714486547396, 2.6255677264226556, 7.895429645646066
32.050848941079536, 32.558907987052216, 2.587095912369757, 7.895429645646066
32.04446468106572, 32.71285032149619, 2.566390595778787, 7.895429645646066
32.038098108744094, 32.86636615629549, 2.544082286935613, 7.895429645646066
32.031747419023425, 33.019499017239866, 2.6098049692759817, 7.895429645646066
32.02519714981305, 33.177444296927355, 2.6301095378039006, 7.895429645646066
32.01890530558123, 33.329158228832846, 2.461661768634785, 7.895429645646066
32.01270758547794, 33.47860256519511, 2.506946299759551, 7.895429645646066
32.00655117097705, 33.62705090815434, 2.4668714934544482, 7.895429645646066
32.0002135767218, 33.77986800086363, 2.5512957520705317, 7.895429645646066
31.9940007242513, 33.92967722085051, 2.497996259684745, 7.895429645646066
31.987856669253734, 34.07782754167546, 2.4552497996259683, 7.895429645646066
31.9817907759433, 34.224093165988144, 2.431472081218274, 7.895429645646066
31.975778233309022, 34.36907235653809, 2.4141063318193963, 7.895429645646066
31.969803179326895, 34.51314759101254, 2.4027518033662836, 7.895429645646066
31.963770887957576, 34.658602978704934, 2.4544483034998663, 7.895429645646066
31.95765030830365, 34.806187243449216, 2.451375901683142, 7.895429645646066
31.95151696604547, 34.95407925021638, 2.4627304301362543, 7.895429645646066
31.94484531803541, 35.10150634152398, 2.462997595511622, 7.903135991163593
31.937583418417578, 35.249123978607365, 2.45965802831953, 7.903135991163593
31.930369294505077, 35.39577044601027, 2.4532460593107133, 7.903135991163593
31.923134910758307, 35.54282874902371, 2.4495057440555703, 7.903135991163593
31.91583726179339, 35.69117308771708, 2.487576810045418, 7.903135991163593
31.90841768605381, 35.84199591596828, 2.5216403954047557, 7.903135991163593
31.900955895897358, 35.99367686575762, 2.495591771306439, 7.912493381074949
31.888374902077274, 36.13752218969233, 2.410098851188886, 7.974047794118913
31.87063931251809, 36.28452683107058, 2.443895271172856, 7.974047794118913
31.85280440115348, 36.432354719194535, 2.5510285866951645, 7.974047794118913
31.83398723612815, 36.588324194416856, 2.6476088698904623, 7.974047794118913
31.81526417894252, 36.743513639791274, 2.6086027250868287, 7.974047794118913
31.79658669053739, 36.89832538008786, 2.6024579214533796, 7.974047794118913
31.777770188906597, 37.05428935664458, 2.6003205984504407, 7.974047794118913
31.759085024943207, 37.20916471719385, 2.587496660432808, 7.974047794118913
31.74080530504073, 37.360679481323444, 2.5611808709591237, 7.974047794118913
31.7224958744186, 37.512440508125785, 2.529655356665776, 7.974047794118913
31.704496262196844, 37.661633549088805, 2.508682874699439, 7.974047794118913
31.68668011820033, 37.809305880488395, 2.4353459791611005, 7.974047794118913
31.669550974568903, 37.95128388512428, 2.3669516430670585, 7.974047794118913
31.65202494593396, 38.09655154288482, 2.491851456051296, 7.974047794118913
31.634069007383864, 38.245382586722314, 2.471012556772642, 7.974047794118913
31.616644857373224, 38.389805805081544, 2.3995458188618755, 7.974047794118913
31.599591614705584, 38.53115469085312, 2.3519903820464867, 7.974047794118913
31.582782223376043, 38.670482370710616, 2.3189954581886187, 7.974047794118913
31.566407606207424, 38.80620634631043, 2.272107934811648, 7.974047794118913
31.550246229062164, 38.940162843414136, 2.226956986374566, 7.974047794118913
31.534498321922158, 39.07069221960712, 2.184744857066524, 7.974047794118913
31.518935825143657, 39.199684788489, 2.1533529254608603, 7.974047794118913
31.503610868434055, 39.326708463552876, 2.1110072134651348, 7.974047794118913
31.48862534785972, 39.450918660825714, 2.0749398877905425, 7.974047794118913
31.473000908154166, 39.58042465486031, 2.227892065188352, 7.974047794118913
31.45700532609901, 39.7130069293772, 2.1644402885386054, 7.974047794118913
31.441729061380318, 39.83962701206899, 2.1465402083889926, 7.974047794118913
31.426444674970746, 39.96631441286431, 2.1207587496660434, 7.974047794118913
31.411284065009912, 40.091975870180434, 2.1079348116484105, 7.974047794118913
31.39620568945918, 40.216955712717116, 2.081619022174726, 7.974047794118913
31.38098839229691, 40.34308703215373, 2.211594977290943, 7.974047794118913
31.364833958638194, 40.476985976913596, 2.2774512423189957, 7.974047794118913
31.348596233510765, 40.61157529807436, 2.258749666043281, 7.974047794118913
31.332406903642, 40.745763486381854, 2.247395137590168, 7.974047794118913
31.316759698678656, 40.87545817437249, 2.1601656425327276, 7.974047794118913
31.30056728730459, 41.009671904293924, 2.298557306973016, 7.974047794118913
31.283985408848434, 41.14711380255682, 2.290943093775047, 7.974047794118913
31.268225925235832, 41.27773913243639, 2.1763291477424525, 7.974047794118913
31.25243254554315, 41.408645416105486, 2.1812717071867485, 7.974047794118913
31.236849515614818, 41.537808177713, 2.1623029655356665, 7.974047794118913
31.22152613949773, 41.66481875175002, 2.1305102858669516, 7.974047794118913
31.20637506733359, 41.79040115331347, 2.0951108736307775, 7.974047794118913
31.19147005747724, 41.91394402294067, 2.0657226823403687, 7.974047794118913
31.175753004344312, 42.044217660116296, 2.2399145070798823, 7.974047794118913
31.15964927164313, 42.17769636082082, 2.244322735773444, 7.974047794118913
31.143540430972138, 42.311217399856844, 2.270638525247128, 7.974047794118913
31.127023664213457, 42.448119608040344, 2.300694629975955, 7.974047794118913
31.11046415165953, 42.585376122477925, 2.2889393534597917, 7.974047794118913
31.09414259871444, 42.720660265664854, 2.2753139193160568, 7.974047794118913
31.077696411919554, 42.85697745905471, 2.266096713865883, 7.974047794118913
31.061521563629096, 42.991045614181544, 2.2687683676195567, 7.974047794118913
31.043884026310955, 43.12595811113394, 2.263024312049158, 8.042996423585905
31.01243760228945, 43.257829896846296, 2.2588832487309647, 8.186368805332597
30.961942739608073, 43.38324638061572, 2.2543414373497193, 8.337490005850363
30.89322353039914, 43.49950886302162, 2.2514026182206788, 8.48844709907712
30.808194199963634, 43.60368180478353, 2.245524979962597, 8.638752697484122
30.70659816999414, 43.695522956916925, 2.320197702377772, 8.79183861857513
30.58418488601364, 43.77545731559157, 2.46620358001603, 8.955274818118848
30.453068490237722, 43.83339825846985, 2.3351589633983436, 9.115524897089681
30.31967165072381, 43.868577954083484, 2.2819930537002406, 9.269733126508125
30.18497743894761, 43.882716668809145, 2.272107934811648, 9.42111575194552
30.049188861684822, 43.8763332693299, 2.262089233235373, 3.28988071168095
29.919631786545555, 43.850406667348864, 2.1481432006411967, 3.437562554973896
29.79750146796056, 43.80703694285718, 2.1701843441090034, 3.5190271803521345
29.677051196438878, 43.75928551490189, 2.1517499332086563, 3.5190271803521345
29.55232697463896, 43.70983971775826, 2.256478760352658, 3.5190271803521345
29.426655490568496, 43.66001838699817, 2.2600854929201177, 3.5190271803521345
29.300670909748103, 43.61007293184459, 2.257146673791077, 3.5190271803521345
29.173958855693332, 43.559839076463255, 2.269302698370291, 3.5190271803521345
29.048325072536542, 43.510032691891666, 2.262222815923056, 3.5190271803521345
28.922199684243722, 43.46003141488074, 2.258215335292546, 3.5190271803521345
28.79671114575921, 43.410282611254516, 2.255276516163505, 3.5190271803521345
28.67153245525933, 43.36065664407796, 2.241383916644403, 3.5190271803521345
28.54656404288583, 43.31111403977536, 2.233368955383382, 3.5190271803521345
28.418720779990544, 43.26043172681259, 2.2353726956986373, 3.5190271803521345
28.29497390409626, 43.21137338967225, 2.290809511087363, 3.5190271803521345
28.16256820806437, 43.1588823410838, 2.434811648410366, 3.5190271803521345
28.02544046923001, 43.104519281051665, 2.4577878706919583, 3.5190271803521345
27.888106471238075, 43.05007445142966, 2.468608068394336, 3.5190271803521345
27.750220836814304, 42.99541093050044, 2.466470745391397, 3.5190271803521345
27.612260941392012, 42.94071796946556, 2.4593908629441623, 3.5190271803521345
27.47583805081864, 42.88663434019376, 2.458856532193428, 3.5190271803521345
27.338250532431875, 42.832089004688974, 2.458455784130377, 3.5190271803521345
27.199478334030196, 42.77707401343608, 2.4536468073737643, 3.5190271803521345
27.06485483100016, 42.72370373518918, 2.4473684210526314, 3.5190271803521345
26.928485497112693, 42.66964133798433, 2.437349719476356, 3.5190271803521345
26.79245046599177, 42.61571147210772, 2.435613144536468, 3.5190271803521345
26.65615017667503, 42.56167644700259, 2.440154955917713, 3.5190271803521345
26.519474187093042, 42.507492478902805, 2.444696767298958, 3.5190271803521345
26.386156294562536, 42.453503254850894, 2.337830617152017, 3.578622098853341
26.261847664048837, 42.38795183229249, 2.3519903820464867, 3.675140472795648
26.138804224272665, 42.31527096556887, 2.420384718140529, 3.675140472795648
26.012083822658916, 42.240418144178264, 2.49599251936949, 3.675140472795648
25.883478982046938, 42.16445219835023, 2.479829014159765, 3.675140472795648
25.756819355564513, 42.08963527638854, 2.4465669249265294, 3.675140472795648
25.630910517666088, 42.015261839793574, 2.4259951910232433, 3.675140472795648
25.505683557284026, 41.941291183297885, 2.420384718140529, 3.675140472795648
25.380638928155292, 41.86742822855002, 2.4072936147475286, 3.675140472795648
25.25842789298902, 41.794902952267925, 2.3700240448837833, 3.692933156753099
25.13911628858989, 41.721532146664316, 2.3294149078279456, 3.692933156753099
25.021575276597538, 41.64925016885693, 2.282928132514026, 3.692933156753099
24.905286434115236, 41.57773821410109, 2.255276516163505, 3.692933156753099
24.784668288529687, 41.50356394952227, 2.3948704247929467, 3.692933156753099
24.661256269841736, 41.42691097845364, 2.4036868821800694, 3.747046651043679
24.545469243101724, 41.34117957691219, 2.4239914507079883, 3.7949544188839446
24.4259278174958, 41.249667916846256, 2.484637990916377, 3.7949544188839446
24.306511272482535, 41.15825185569331, 2.492652952177398, 3.7949544188839446
24.188904893354167, 41.068221517391514, 2.455116216938285, 3.7949544188839446
24.072106415404235, 40.978809645680975, 2.455516965001336, 3.7949544188839446
23.9555617123696, 40.889592044397304, 2.449238578680203, 3.7949544188839446
23.839985404338634, 40.801115771351405, 2.429468340903019, 3.7949544188839446
23.725313783486133, 40.71333205676483, 2.3905957787870693, 3.7949544188839446
23.612215397464695, 40.62675268895874, 2.3982099919850386, 3.7949544188839446
23.495167899714, 40.537150186968844, 2.475821533529255, 3.7949544188839446
23.374173071372233, 40.444525914296634, 2.574672722415175, 3.7949544188839446
23.25205449672341, 40.35104138845671, 2.550761421319797, 3.7949544188839446
23.13121363649673, 40.25853498185258, 2.528453112476623, 3.7949544188839446
23.010803584756484, 40.16635836887074, 2.5249799625968476, 3.7949544188839446
22.890156705192044, 40.07400045884285, 2.526315789473684, 3.7949544188839446
22.770534984400328, 39.98242733099946, 2.507747795885653, 3.7949544188839446
22.652005621274718, 39.891690427610506, 2.490114881111408, 3.7949544188839446
22.533915883967065, 39.801290067710184, 2.456318461127438, 3.7949544188839446
22.4188681658166, 39.713218442151245, 2.4127705049425594, 3.7949544188839446
22.301297588013757, 39.623215510572386, 2.516564253272776, 3.7949544188839446
22.17860405984826, 39.5292908448353, 2.5650547689019505, 3.7949544188839446
22.056244140544585, 39.43562156421349, 2.5790809511087365, 3.7949544188839446
21.93441909220042, 39.34236173938642, 2.5467539406892867, 3.7949544188839446
21.813377325401078, 39.249701534265256, 2.530857600854929, 3.7949544188839446
21.693290817576383, 39.15777260145509, 2.51562917445899, 3.7949544188839446
21.57368565610188, 39.06621215014287, 2.503205984504408, 3.7949544188839446
21.455123596628585, 38.97545021696161, 2.47021106064654, 3.7949544188839446
21.338958859619087, 38.886523488248294, 2.4271974352123964, 3.7949544188839446
21.224692284510553, 38.79904984532302, 2.3795084157093243, 3.7949544188839446
21.11278897880846, 38.713385338481494, 2.3652150681271706, 3.7949544188839446
20.9936781931843, 38.62220334304372, 2.4829014159764893, 3.7949544188839446
20.876935891843885, 38.532834475796, 2.4718140528987442, 3.7949544188839446
20.759598619474822, 38.443010144793796, 2.4457654288004274, 3.7949544188839446
20.64348867513641, 38.35412536110719, 2.418380977825274, 3.7949544188839446
20.525334475037255, 38.264083111494806, 2.500801496126102, 3.776114723387811
20.404178187748126, 38.176510317458124, 2.3955383382313653, 3.763015429146284
20.288454671239784, 38.09364543945023, 2.415041410633182, 3.763015429146284
20.171784575556575, 38.01010275480271, 2.3875233769703446, 3.763015429146284
20.053715015076268, 37.92555797064087, 2.3658829815655893, 3.763015429146284
19.941266140644, 37.84503792991705, 2.3344910499599254, 3.763015429146284
19.825715602487037, 37.76229691463314, 2.417045150948437, 3.763015429146284
19.705780554692883, 37.676416331289325, 2.479695431472081, 3.763015429146284
19.58488267594621, 37.58984630407248, 2.4931872829281323, 3.763015429146284
19.46368083844358, 37.503058624419964, 2.4668714934544482, 3.763015429146284
19.344932831618305, 37.4180280325735, 2.4396206251669783, 3.763015429146284
19.224855736921604, 37.33204573525135, 2.4507079882447234, 3.763015429146284
19.106050087556522, 37.24697386793925, 2.436013892599519, 3.763015429146284
18.98814855966234, 37.16254940504115, 2.4084958589366816, 3.763015429146284
18.87132450681985, 37.078896477967476, 2.387790542345712, 3.763015429146284
18.755636426341518, 36.99605697425162, 2.3570665241784665, 3.763015429146284
18.643197699445636, 36.9137528682373, 2.3231365215068127, 3.8060304167016166
18.532728520239786, 36.82615328734796, 2.4012823938017633, 3.814991899274433
18.418478224047107, 36.73500417532997, 2.462062516697836, 3.814991899274433
18.300085223866894, 36.64055000588631, 2.509484370825541, 3.814991899274433
18.183800661883684, 36.54777795260169, 2.535132246860807, 3.814991899274433
18.063967111037282, 36.45217450899056, 2.5418113812449907, 3.814991899274433
17.94612194341373, 36.3581574014429, 2.50253807106599, 3.814991899274433
17.829233263510492, 36.264903381688185, 2.493721613678867, 3.814991899274433
17.712723100150694, 36.17195134317962, 2.467138658829816, 3.814991899274433
17.598189108478014, 36.08057589834721, 2.435212396473417, 3.814991899274433
17.485223855401955, 35.99045199626643, 2.3915308576008547, 3.814991899274433
17.374699205336217, 35.90227521208898, 2.3442425861608336, 3.814991899274433
17.26407640365971, 35.81402012236255, 2.3958055036067325, 3.814991899274433
17.150400606357472, 35.72341818408397, 2.4119690088164574, 3.8002129296332567
17.040642832703522, 35.64155214767233, 2.273844509751536, 3.764207923408008
16.929122142258414, 35.56149539349519, 2.271039273310179, 3.764207923408008
16.8172792425384, 35.481207336690616, 2.3616083355597115, 3.764207923408008
16.699343889183286, 35.39654572318499, 2.4503072401816723, 3.764207923408008
16.586422406862898, 35.31548339012949, 2.3080416777985575, 3.764207923408008
16.47180674919892, 35.23320486859386, 2.3437082554100988, 3.764207923408008
16.358521984555686, 35.151881748024394, 2.3327544750200375, 3.764207923408008
16.246161796799125, 35.07122234845808, 2.2964199839700776, 3.764207923408008
16.13418941431939, 34.990841340565915, 2.355597114613946, 3.764207923408008
16.01601715973654, 34.906009664058736, 2.450440822869356, 3.764207923408008
15.893195891854445, 34.81784062554834, 2.5480897675661236, 3.764207923408008
15.774147395975497, 34.73237992644668, 2.4532460593107133, 3.764207923408008
15.652725499802651, 34.64521544732775, 2.497862676997061, 3.764207923408008
15.53171412581264, 34.558345667545275, 2.492118621426663, 3.764207923408008
15.411003843220886, 34.47169203061449, 2.465268501202244, 3.764207923408008
15.291078895853312, 34.38560215802859, 2.43895271172856, 3.764207923408008
15.17299949246538, 34.300837136105926, 2.4039540475554366, 3.764207923408008
15.057258092994125, 34.21775048439489, 2.3628105797488645, 3.764207923408008
14.943656723521455, 34.136200084430904, 2.318060379374833, 3.764207923408008
14.832389080743638, 34.05632498421246, 2.281458722949506, 3.764207923408008
14.72204515634465, 33.97711298870479, 2.256612343040342, 3.764207923408008
14.612507060406928, 33.898479468911134, 2.242452578145872, 3.764207923408008
14.503510223798983, 33.820234500021684, 2.2266898209991983, 3.764207923408008
14.395639417972243, 33.7427978687518, 2.216671119422923, 3.764207923408008
14.291291691297234, 33.66789033123547, 2.1299759551162167, 3.764207923408008
14.186078480395137, 33.592361493243544, 2.1488111140796153, 3.764207923408008
14.082178310365139, 33.517775240792496, 2.1254341437349717, 3.764207923408008
13.978743443365806, 33.44352301290851, 2.1131445364680737, 3.764207923408008
13.87589380569593, 33.3696909004343, 2.111808709591237, 3.764207923408008
13.773538438469812, 33.29621360720713, 2.102725086828747, 3.764207923408008
13.671047935773752, 33.222639305011896, 2.1025915041410634, 3.764207923408008
13.568744422427132, 33.14919923584842, 2.097782527384451, 3.764207923408008
13.467104228491428, 33.07623534019866, 2.0908362276248997, 3.764207923408008
13.36486681568521, 33.0028427222722, 2.0865615816190224, 3.764207923408008
13.263041088815887, 32.92974563910001, 2.1251669783596046, 3.764207923408008
13.15472451058461, 32.85198900360789, 2.286668447769169, 3.764207923408008
13.042801774157162, 32.77164363485846, 2.272375100187016, 3.764207923408008
12.929412377178656, 32.69024540244104, 2.3199305370024046, 3.764207923408008
12.816990376911304, 32.609349290488524, 2.3215335292546087, 3.773999341494242
12.704630098585357, 32.527010856156245, 2.3100454181138126, 3.773999341494242
12.593046874847031, 32.44524185311311, 2.2877371092706387, 3.773999341494242
12.48331268089018, 32.36482783262706, 2.272241517499332, 3.773999341494242
12.370168604141508, 32.281915025073914, 2.360539674058242, 3.773999341494242
12.258469785889352, 32.20008151783745, 2.2242853326208922, 3.7723530397579004
12.148715985445596, 32.119433274975854, 2.2753139193160568, 3.7846248219564456
12.04052438124482, 32.03836881804888, 2.256478760352658, 3.7846248219564456
11.932694961263618, 31.957575734000457, 2.2274913171253004, 3.7846248219564456
11.826852416231857, 31.878271350853993, 2.194629975955116, 3.7846248219564456
11.722172608337457, 31.799838168899942, 2.164573871226289, 3.7846248219564456
11.619237462186083, 31.72246737344552, 2.1239647341704515, 3.809233654752853
11.52377148906021, 31.640656566562964, 2.089099652685012, 3.902982863974994
11.434917863678617, 31.555970084577424, 2.034197168047021, 3.902982863974994
11.344860704594117, 31.47013651337845, 2.144402885386054, 3.902982863974994
11.249761543205944, 31.37949740458405, 2.2316323804434943, 3.902982863974994
11.150205417505905, 31.284610358507564, 2.2592839967940157, 3.902982863974994
11.054529248533923, 31.19342130318997, 2.236842105263158, 3.902982863974994
10.956654900680768, 31.10013716131376, 2.23510553032327, 3.902982863974994
10.855284623292498, 31.00480556107484, 2.3645471546887524, 3.8666725858045603
10.747746092317874, 30.914453548141452, 2.331685813518568, 3.783580150587939
10.636462922533479, 30.831412581596588, 2.2980229762222817, 3.782211501459629
10.526289709726267, 30.749277771772874, 2.284130376703179, 3.782211501459629
10.41700666388951, 30.667806586917216, 2.273577344376169, 3.782211501459629
10.310169416570918, 30.588158759945365, 2.2010419449639325, 3.782211501459629
10.203084899503821, 30.508326591850558, 2.25073470478226, 3.782211501459629
10.090391843138896, 30.42431322310926, 2.3677531391931605, 3.782211501459629
9.9716348926497, 30.33577918388919, 2.5162970878974087, 3.782211501459629
9.855771910514813, 30.24940261593061, 2.3784397542078546, 3.782211501459629
9.738376501911636, 30.161883614586138, 2.4552497996259683, 3.7911622059812853
9.626285277885495, 30.06910889395427, 2.4349452310980495, 3.9352736283759446
9.524460013922862, 29.96558270373071, 2.4115682607534064, 3.9352736283759446
9.422041853964375, 29.86145371356084, 2.467005076142132, 3.9352736283759446
9.314717533049796, 29.752336608137036, 2.592439219877104, 3.9352736283759446
9.202591843957459, 29.638337930734334, 2.679535132246861, 3.9352736283759446
9.092906620561882, 29.526820485455417, 2.563051028586695, 3.9352736283759446
8.983926489814424, 29.416019910948783, 2.6143467806572267, 3.9352736283759446
8.870644363977847, 29.300845479261667, 2.73256745925728, 3.9352736283759446
8.75419939478035, 29.18245537092725, 2.765963131178199, 3.9352736283759446
8.638458455611103, 29.064781052994853, 2.7085225754742184, 3.9352736283759446
8.523942534116108, 28.948352215877694, 2.718541277050494, 3.929909989542763
8.409052981462004, 28.836292929198986, 2.6900881645738712, 3.8784761018239564
8.287561630530988, 28.729271633893692, 2.6804702110606464, 3.853469362469978
8.167748966796191, 28.62589760991228, 2.6330483569329415, 3.853469362469978
8.048955417879549, 28.523402875284493, 2.588698904621961, 3.853469362469978
7.9330385620078685, 28.423390143197565, 2.5410098851188887, 3.853469362469978
7.8187355754960235, 28.324769852983696, 2.494656692492653, 3.853469362469978
7.707142610576383, 28.228487761657405, 2.439353459791611, 3.853469362469978
7.597661769735312, 28.134028004952043, 2.3983435746727224, 3.853469362469978
7.490363848611544, 28.041451665142453, 2.349452310980497, 3.853469362469978
7.386106553819322, 27.949459632599297, 2.3059043547956186, 3.8893119014454967
7.287291993856106, 27.855077278325044, 2.2725086828746996, 3.9350340557484467
7.192209528297241, 27.75815029829041, 2.25728025647876, 3.9373940435302375
7.1000726693527305, 27.664076174418156, 2.1673791076676463, 3.9373940435302375
7.008858324706807, 27.57094396158339, 2.1594977290943094, 3.9373940435302375
6.918813183742432, 27.479005536047534, 2.130777451242319, 3.9373940435302375
6.829596053528451, 27.38791253097416, 2.1152818594710125, 3.9373940435302375
6.741282794916245, 27.297742402261065, 2.1003205984504407, 3.9373940435302375
6.651389337997653, 27.205958850072054, 2.1731231632380443, 3.9373940435302375
6.5549354852241315, 27.107476963477275, 2.3749666043280793, 3.9373940435302375
6.456066401303177, 27.006529063207335, 2.3584023510553034, 3.9373940435302375
6.357950791999369, 26.906350480073662, 2.3422388458455785, 3.9373940435302375
6.259574153528489, 26.805905379386875, 2.3447769169115684, 3.9373940435302375
6.160653917528894, 26.70490525151728, 2.3433075073470477, 3.9373940435302375
6.062898436853668, 26.605094369058484, 2.318861875500935, 3.9373940435302375
5.944448488278237, 26.48479329102141, 2.2934811648410367, 3.9054133955663124
5.798497233836836, 26.350437149781367, 2.252070531659097, 3.878861723461273
5.696153907276896, 26.257499770379834, 2.228827144002137, 3.878861723461273
5.6002114487805486, 26.170374982025717, 2.215068127170719, 3.878861723461273
5.478143584233944, 26.05952586443857, 2.3433075073470477, 3.878861723461273
5.391432698304492, 25.98078421342189, 2.4217205450173656, 3.878861723461273
5.2818778761105065, 25.881298116792557, 2.3566657761154155, 3.878861723461273
5.176339251682158, 25.785459105987407, 2.3584023510553034, 3.878861723461273
5.076200241808554, 25.694523453743717, 2.439353459791611, 3.878861723461273
4.966819078326629, 25.595195055580433, 2.447635586427999, 3.878861723461273
4.857907941966503, 25.496293486311775, 2.4374833021640394, 3.878861723461273
4.750540540802008, 25.3987937739926, 2.4190488912636923, 3.878861723461273
4.644442968244465, 25.302447185643366, 2.3971413304835694, 3.878861723461273
4.5379857693794925, 25.20577402273671, 2.3893935345979163, 3.878861723461273
4.429648449951396, 25.107393533285478, 2.483970077477959, 3.878861723461273
4.316937447664804, 25.005041327877137, 2.6226289072936146, 3.878861723461273
4.204727663359441, 24.90314427560139, 2.503740315255143, 3.878861723461273
4.0909536696319755, 24.799826773850224, 2.563184611274379, 3.878861723461273
3.9783349518879745, 24.697558371498086, 2.526048624098317, 3.878861723461273
3.86735679486784, 24.596779752794284, 2.492652952177398, 3.878861723461273
3.7573189154579967, 24.496854994717722, 2.466604328079081, 3.878861723461273
3.6483352942987666, 24.39788760242472, 2.4289340101522843, 3.878861723461273
3.541648490773145, 24.3010059368616, 2.3916644402885385, 3.878861723461273
3.4362499217997926, 24.205294109600267, 2.3609404221212933, 3.878861723461273
3.3327828248747533, 24.111336240868436, 2.3161902217472616, 3.878861723461273
3.226401002477825, 24.014731526893858, 2.419583222014427, 3.878861723461273
3.1157376541069897, 23.914238784092884, 2.5431472081218276, 3.878861723461273
3.0037897672722886, 23.812579559386496, 2.534197168047021, 3.878861723461273
2.8926790168535903, 23.711680533388904, 2.4927865348650813, 3.878861723461273
2.7818915640533644, 23.611075092077655, 2.5113545284531127, 3.878861723461273
2.6707400352700295, 23.51013903548439, 2.499599251936949, 3.878861723461273
2.5597703977095208, 23.409368153252302, 2.477424525781459, 3.878861723461273
2.4510424783641818, 23.31063296228879, 2.436815388725621, 3.878861723461273
2.343364670805265, 23.21285137172883, 2.3998129842372427, 3.878861723461273
2.23819352821793, 23.117346069045443, 2.354394870424793, 3.878861723461273
2.1347791614465303, 23.023436084259345, 2.3052364413572, 3.878861723461273
2.0329934297523535, 22.93100505351125, 2.321399946566925, 3.878861723461273
1.9269778820909775, 22.834732951492988, 2.4137055837563453, 3.878861723461273
1.8246806252154348, 22.741837407703816, 2.2770504942559446, 3.878861723461273
1.7201498048982842, 22.646913577948503, 2.301629708789741, 3.878861723461273
1.6214117957827074, 22.557250166341966, 2.255009350788138, 3.878861723461273
1.5207825204654783, 22.465869306901354, 2.240048089767566, 3.878861723461273
1.4223529068618008, 22.376485947464886, 2.2110606465402083, 3.878861723461273
1.3248117090676712, 22.28790935325614, 2.1838097782527384, 3.878861723461273
1.2280368802798092, 22.200028694283144, 2.1611007213465134, 3.878861723461273
1.1331965043419543, 22.113904700688327, 2.130777451242319, 3.8833217071740833
1.0419201524301371, 22.02814886149442, 2.076275714667379, 3.928108661650651
0.9542656581967378, 21.940298179654828, 2.1011220945765428, 3.928108661650651
0.8598470060241667, 21.845668200390456, 2.254475020037403, 3.928108661650651
0.7642250007067063, 21.749832174645558, 2.2497996259684743, 3.928108661650651
0.6683856244344071, 21.653778291427844, 2.269837029121026, 3.928108661650651
0.5719276980404948, 21.557104473654455, 2.287870691958322, 3.928108661650651
0.47180056718778307, 21.45675323903743, 2.3606732567459257, 3.928108661650651
0.37016509909114564, 21.354890291227807, 2.409698103125835, 3.928108661650651
0.26857729485984727, 21.253075113964417, 2.3864547154688753, 3.928108661650651
0.16827427630965835, 21.15254759797944, 2.3681538872562116, 3.928108661650651
0.0673015679872362, 21.051348893327795, 2.3677531391931605, 3.928108661650651
-0.03229583312931712, 20.9515285740839, 2.3625434143734974, 3.928108661650651
-0.1370413123363649, 20.846548654361225, 2.509751536200908, 3.928108661650651
-0.2469071840039247, 20.736436881755523, 2.6386588298156557, 3.928108661650651
-0.3570557885437842, 20.626041743467006, 2.5534330750734706, 3.928108661650651
-0.46649314941264597, 20.516359440749532, 2.6182206786000535, 3.928108661650651
-0.5765957558317981, 20.40601040353436, 2.5768100454181138, 3.928108661650651
-0.686193693640179, 20.29616716447531, 2.5909698103125836, 3.928108661650651
-0.7944319762846439, 20.187686623749773, 2.538471814052899, 3.928108661650651
-0.901968807973547, 20.07990910396186, 2.509617953513225, 3.928108661650651
-1.006048039021766, 19.975596923589453, 2.4635319262623563, 3.928108661650651
-1.109859523851184, 19.87155308870335, 2.4247929468340903, 3.928108661650651
-1.2106488587699675, 19.77053816788027, 2.3690889660699974, 3.928108661650651
-1.3103324377183008, 19.67063147792204, 2.3680203045685277, 3.928108661650651
-1.412959526277083, 19.56777469021308, 2.4285332620892333, 3.928108661650651
-1.5133257013543706, 19.46718387634456, 2.300828212663639, 3.928108661650651
-1.6092971532524838, 19.370997621890396, 2.2930804167779857, 3.928108661650651
-1.7058536815307712, 19.274224981542663, 2.2296286401282392, 3.928108661650651
-1.7997112670881799, 19.18015732466838, 2.227758482500668, 3.928108661650651
-1.8931512684871248, 19.086508186586173, 2.1867485973817793, 3.928108661650651
-1.984780268580448, 18.994674103178603, 2.1417312316323804, 3.928108661650651
-2.077097325307392, 18.902150423134415, 2.253807106598985, 3.928108661650651
-2.1737444703889253, 18.80528696316561, 2.289072936147475, 3.928108661650651
-2.269811280270606, 18.70900513729838, 2.217339032861341, 3.928108661650651
-2.365250361095644, 18.613352445466084, 2.349853059043548, 3.928108661650651
-2.46732121813639, 18.51105313422821, 2.4281325140261822, 3.928108661650651
-2.5693071233391778, 18.408838964966836, 2.3359604595244456, 3.928108661650651
-2.6715741343039627, 18.30634306077474, 2.426930269837029, 3.928108661650651
-2.773240078636223, 18.204449568517823, 2.4137055837563453, 3.928108661650651
-2.8755403834102156, 18.101920295998575, 2.3962062516697835, 3.928108661650651
-2.9766076904894465, 18.000626780859925, 2.3732300293881914, 3.928108661650651
-3.076415961867024, 17.900595119386825, 2.3347582153352926, 3.928108661650651
-3.174490422183748, 17.802301149576987, 2.2986908896607, 3.928108661650651
-3.2721291507808585, 17.704443886738108, 2.252337697034464, 3.928108661650651
-3.3640074434190876, 17.612359952821002, 2.203713598717606, 3.928108661650651
-3.4559880712931914, 17.520173454622096, 2.1582954849051563, 3.928108661650651
-3.5526099057233838, 17.423335361954734, 2.307373764360139, 3.928108661650651
-3.6515835620435646, 17.324140183567955, 2.311514827678333, 3.928108661650651
-3.7470893755740793, 17.22842060966956, 2.2456585626502807, 3.928108661650651
-3.842108382352359, 17.133188932090476, 2.240448837830617, 3.928108661650651
-3.936492022789386, 17.038594042924643, 2.23510553032327, 3.928108661650651
-4.0306818307648, 16.944193420054727, 2.217739780924392, 3.928108661650651
-4.123851805402418, 16.85081491310564, 2.184878439754208, 3.928108661650651
-4.215170301264861, 16.7592920288971, 2.1502805236441356, 3.928108661650651
-4.306103913425891, 16.66815488983368, 2.1172855997862676, 3.928108661650651
-4.394662499932907, 16.579398092188185, 2.0741383916644405, 3.928108661650651
-4.480760858612838, 16.493107028832537, 2.023644135720011, 3.928108661650651
-4.564971089868241, 16.40870831889351, 1.9804969275981832, 3.928108661650651
-4.647677421100019, 16.325816874995425, 1.9458990114881112, 3.928108661650651
-4.729221308605527, 16.244090476596106, 1.9214533796419984, 3.928108661650651
-4.811036979864782, 16.16209168613876, 1.9384183809778253, 3.928108661650651
-4.898619685072078, 16.074312954002913, 2.1204915842906757, 3.928108661650651
-4.992439874039332, 15.980282777419543, 2.2898744322735776, 3.928108661650651
-5.094730332687347, 15.877763373063793, 2.45458188618755, 3.928108661650651
-5.203214492083943, 15.769036405266695, 2.55850921720545, 3.928108661650651
-5.310221015527166, 15.661790380656251, 2.5492920117552766, 3.928108661650651
-5.4193306294099575, 15.5524365584856, 2.567993588030991, 3.928108661650651
-5.528937021958972, 15.442584845762584, 2.5828212663638794, 3.928108661650651
-5.637360868766151, 15.33391832554607, 2.5805503606732567, 3.928108661650651
-5.748139783646677, 15.222891466161192, 2.6303767031792677, 3.928108661650651
-5.856095378284904, 15.114694246151986, 2.480897675661234, 3.928108661650651
-5.960011218213657, 15.010545822599779, 2.458322201442693, 3.928108661650651
-6.062597454007035, 14.907729979092563, 2.4173123163238044, 3.928108661650651
-6.163959494600535, 14.806141070769387, 2.3706919583222015, 3.928108661650651
-6.263477496661148, 14.706400328291776, 2.3327544750200375, 3.928108661650651
-6.361211042696358, 14.608448035795146, 2.278519903820465, 3.928108661650651
-6.456348575827558, 14.513097566578384, 2.229762222815923, 3.928108661650651
-6.5496661676978185, 14.419571112000916, 2.180737376436014, 3.928108661650651
-6.641475128578257, 14.327556665019399, 2.1520170985840235, 3.928108661650651
-6.736350394732789, 14.232469049783209, 2.279588565321934, 3.928108661650651
-6.838000049411747, 14.130591883638969, 2.4425594442960192, 3.928108661650651
-6.938301139246628, 14.030066300686133, 2.3839166444028854, 3.928108661650651
-7.042018118870712, 13.926117182526179, 2.4489714133048355, 3.928108661650651
-7.143798743208944, 13.824108753587392, 2.3800427464600586, 3.928108661650651
-7.244225000482685, 13.72345772304691, 2.3708255410098853, 3.928108661650651
-7.344443804604571, 13.623014609978313, 2.3561314453646807, 3.928108661650651
-7.443899419467256, 13.523336394333171, 2.3330216403954047, 3.928108661650651
-7.54194624642628, 13.425070119729803, 2.308976756612343, 3.928108661650651
-7.638992330647384, 13.327806827718955, 2.282928132514026, 3.928108661650651
-7.7343883748952384, 13.23219726878797, 2.2312316323804433, 3.928108661650651
-7.83323518065614, 13.1331292248764, 2.3835158963398344, 3.928108661650651
-7.937765102563041, 13.028365344912544, 2.524178466470745, 3.928108661650651
-8.040537291791095, 12.925363131771126, 2.401015228426396, 3.928108661650651
-8.144868275424203, 12.820798635343156, 2.453913972749132, 3.928108661650651
-8.247069484216501, 12.718368680601454, 2.4209190488912635, 3.928108661650651
-8.34916661257068, 12.616043039249899, 2.3959390862944163, 3.928108661650651
-8.449850483464726, 12.515133818500315, 2.3632113278119156, 3.928108661650651
-8.549147389395129, 12.41561466700855, 2.330483569329415, 3.928108661650651
-8.647228924990165, 12.317313606084571, 2.3033662837296287, 3.928108661650651
-8.744340866219382, 12.219984309664968, 2.289072936147475, 3.928108661650651
-8.84005943836489, 12.124051500956904, 2.2699706118087097, 3.928108661650651
-8.940580594249282, 12.023305359404443, 2.425327277584825, 3.928108661650651
-9.045173797450786, 11.918478056510281, 2.5026716537536737, 3.928108661650651
-9.150511989377593, 11.812904097462855, 2.4820999198503872, 3.928108661650651
-9.25594986157446, 11.707230235041765, 2.4825006679134383, 3.928108661650651
-9.361148966499579, 11.601795674299472, 2.4639326743254073, 3.928108661650651
-9.46472799503196, 11.495764317193393, 2.456318461127438, 4.0157137571670685
-9.551352321541899, 11.380104497163552, 2.433208656158162, 4.177250543189383
-9.6196903021375, 11.248841881982052, 2.4141063318193963, 4.342687788697083
-9.663404977207167, 11.115837242233932, 2.3662837296286403, 4.499185494366527
-9.685845018864248, 10.977725063641246, 2.3247395137590168, 4.65559761078966
-9.68659752293631, 10.839961493014298, 2.272642265562383, 4.809593297711737
-9.665731326282348, 10.701362369814898, 2.3678867218808444, 4.966269399794467
-9.620726355378219, 10.56038885069664, 2.5121560245792147, 5.131703389464379
-9.551448674939042, 10.425904071966729, 2.502404488378306, 5.243099327102378
-9.476494944467381, 10.298186649310106, 2.493053700240449, 5.243099327102378
-9.400931911158398, 10.169431004973111, 2.490114881111408, 5.243099327102378
-9.326370129696507, 10.042381443902903, 2.42332353726957, 5.243099327102378
-9.254723102001801, 9.92029847804391, 2.3682874699438954, 5.253040393717167
-9.176513880797952, 9.801472300041587, 2.3600053433075074, 5.394571943459205
-9.082443429155107, 9.697299269541846, 2.3346246326476088, 5.551473903271254
-8.973588399424065, 9.609346262914606, 2.306572268234037, 5.684204625472745
-8.860723497836855, 9.53230000313924, 2.2855997862676998, 5.684204625472745
-8.747611099115465, 9.45508479156198, 2.2650280523644137, 5.684204625472745
-8.63662883834308, 9.379323700437299, 2.2502003740315257, 5.684204625472745
-8.525690430347812, 9.303592545035862, 2.235639861074005, 5.684204625472745
-8.415303133865743, 9.228237601195449, 2.232433876569597, 5.684204625472745
-8.304235431485122, 9.15241818408766, 2.246326476088699, 5.684204625472745
-8.193054095649567, 9.076521196073724, 2.240849585893668, 5.684204625472745
-8.08210057049486, 9.000779721072687, 2.238044349452311, 5.684204625472745
-7.9708981587659515, 8.924868345780409, 2.2415174993320868, 5.684204625472745
-7.858464478146208, 8.849226103619099, 2.239647341704515, 5.742997970835161
-7.741071275246105, 8.786476476636008, 2.238044349452311, 5.872008082315353
-7.61826060204384, 8.732927150970594, 2.240849585893668, 5.872008082315353
-7.495081026477177, 8.679216972243026, 2.239780924392199, 5.872008082315353
-7.372090197248135, 8.625589092869724, 2.236040609137056, 5.872008082315353
-7.24893871241924, 8.571891162589509, 2.239246593641464, 5.872008082315353
-7.126288709804549, 8.518411894366128, 2.2403152551429333, 5.872008082315353
-7.003054786213114, 8.464678018186198, 2.238712262890729, 5.872008082315353
-6.881660934904586, 8.411746471538025, 2.1966337162703713, 5.872008082315353
-6.761453539001221, 8.359332256854755, 2.1767298958055035, 5.872008082315353
-6.642046208309803, 8.307266895829486, 2.1696500133582686, 5.872008082315353
-6.516375043987084, 8.25247030584593, 2.3367619556505477, 5.872008082315353
-6.387832921155297, 8.196421887432766, 2.3486508148543948, 5.872008082315353
-6.259248765596862, 8.140355141425516, 2.336628372962864, 5.872008082315353
-6.127396340428907, 8.082863326821872, 2.4087630243120493, 5.872008082315353
-5.9948699986699765, 8.025077663336363, 2.3991450707988244, 5.872008082315353
-5.862326400245775, 7.967284475400704, 2.3955383382313653, 5.872008082315353
-5.72493221281492, 7.907376277721889, 2.544082286935613, 5.872008082315353
-5.5798636875142495, 7.844121826764416, 2.6445364680737375, 5.872008082315353
-5.437908751484483, 7.78222499889872, 2.616751269035533, 5.872008082315353
-5.292738292856214, 7.718926101796516, 2.6244990649211863, 5.872008082315353
-5.147890835991566, 7.655768043647309, 2.6422655623831153, 5.872008082315353
-5.0039672127727055, 7.5930128060956035, 2.6004541811381245, 5.872008082315353
-4.858658777394825, 7.529653746780242, 2.68314186481432, 5.872008082315353
-4.709478912722662, 7.464606622228655, 2.7073203312850653, 5.872008082315353
-4.5619981434301025, 7.400300356834066, 2.676997061180871, 5.872008082315353
-4.416026746810849, 7.336652225514683, 2.6210259150414106, 5.872008082315353
-4.275140062150271, 7.275221188927299, 2.5821533529254608, 5.872008082315353
-4.128320266033818, 7.211203128677593, 2.7049158429067592, 5.872008082315353
-3.9762154530166995, 7.144880634425682, 2.7851990382046488, 5.872008082315353
-3.8284611398389194, 7.080455095272457, 2.6627037135987175, 5.872008082315353
-3.6796094956036587, 7.01555108517996, 2.719877103927331, 5.872008082315353
-3.5320782337980368, 6.951222803457677, 2.6624365482233503, 5.872008082315353
-3.3825742502343945, 6.886034352850125, 2.773043013625434, 5.872008082315353
-3.229290891312131, 6.819197975424703, 2.761154154421587, 5.872008082315353
-3.0765097978642957, 6.75258060158227, 2.765695965802832, 5.872008082315353
-2.9258296162601027, 6.686879291544196, 2.737777184076944, 5.872008082315353
-2.77451456025354, 6.6209011562494675, 2.718140528987443, 5.872008082315353
-2.6266500366983028, 6.556427561896802, 2.703713598717606, 5.872008082315353
-2.4765194605899747, 6.490965897183668, 2.8080416777985575, 5.872008082315353
-2.322678798831336, 6.4238865181501525, 2.780790809511087, 5.872008082315353
-2.172376354008271, 6.358349913258472, 2.6863478493187283, 5.872008082315353
-2.0256696672274477, 6.294381172245372, 2.680336628372963, 5.872008082315353
-1.8791974299193595, 6.2305146585944415, 2.6705850921720544, 5.872008082315353
-1.7258509652966427, 6.163650765093935, 2.8167245524979965, 5.872008082315353
-1.568206341927198, 6.094912738861407, 2.8857868020304567, 5.872008082315353
-1.409373104991394, 6.0256564396376495, 2.8975420785466204, 5.872008082315353
-1.2509555776113157, 5.956581402887269, 2.8734971947635586, 5.872008082315353
-1.0926254891676461, 5.887544492270063, 2.8785733368955384, 5.872008082315353
-0.9333370232863312, 5.818089698872959, 2.8883248730964466, 5.872008082315353
-0.7751974828100637, 5.749135873177406, 2.882847982901416, 5.872008082315353
-0.6177972956252057, 5.6805044288282875, 2.8459791611007215, 5.872008082315353
-0.4589720941489638, 5.611251633318252, 2.816056639059578, 5.872008082315353
-0.30844847894986616, 5.545618591169249, 2.775848250066791, 5.872008082315353
-0.1569467199589807, 5.4795590474867195, 2.740582420518301, 5.872008082315353
-0.008082960105134616, 5.414649754602521, 2.6919583222014425, 5.872008082315353
0.13871704104924207, 5.350640325580404, 2.6504141063318194, 5.872008082315353
0.2828702695019543, 5.28778497290742, 2.6020571733903286, 5.872008082315353
0.42473155240825944, 5.225928980756382, 2.5733368955383384, 5.872008082315353
0.5654977899059861, 5.16455046292963, 2.5382046486775316, 5.872008082315353
0.7040409052222082, 5.104141296467765, 2.520304568527919, 5.872008082315353
0.842569061829624, 5.0437386524745795, 2.503339567192092, 5.872008082315353
0.978135329326847, 4.984627485520082, 2.4380176329147742, 5.872008082315353
1.1108947732976386, 4.926740182120624, 2.4114346780657225, 5.872008082315353
1.2420986342324527, 4.869531161971484, 2.3800427464600586, 5.872008082315353
1.37455619704499, 4.811775488275163, 2.478226021907561, 5.872008082315353
1.5141141853190543, 4.750923805205324, 2.5947101255677265, 5.872008082315353
1.6633148497261458, 4.685867611313505, 2.6516163505209724, 5.872008082315353
1.8078657884698928, 4.622838844414055, 2.684076943628106, 5.872008082315353
1.9547658590789676, 4.558785781954557, 2.6386588298156557, 5.872008082315353
2.10101822135757, 4.495015140749015, 2.684744857066524, 5.872008082315353
2.2478501960253605, 4.430991770266943, 2.653887256211595, 5.872008082315353
2.393458057271191, 4.367502151832431, 2.6462730430136254, 5.872008082315353
2.541044150525116, 4.303149961869884, 2.708789740849586, 5.872008082315353
2.689204793708137, 4.238547250023024, 2.6609671386588296, 5.872008082315353
2.8322950014355253, 4.176155407902708, 2.5864279989313386, 5.872008082315353
2.972724181642402, 4.114923857681988, 2.543681538872562, 5.872008082315353
3.111757638159655, 4.0543008869963, 2.522308308843174, 5.872008082315353
3.2503798144921303, 3.9938572474386005, 2.515094843708255, 5.872008082315353
3.3870265324863778, 3.933583727034277, 2.490649211862143, 5.839371855433551
3.519061006537363, 3.867253466576226, 2.452978893935346, 5.7978970094305335
3.6476677491352114, 3.799432562121018, 2.3979428266096714, 5.7978970094305335
3.7750614612098756, 3.7322513506208783, 2.3493187282928134, 5.7978970094305335
3.901695039403079, 3.6654709965431906, 2.442292278920652, 5.7978970094305335
4.028442296766428, 3.598630693632484, 2.3620090836227625, 5.7978970094305335
4.153204671169929, 3.5328371208920273, 2.3278119155757415, 5.7978970094305335
4.274893388816629, 3.4686644443582564, 2.283863211327812, 5.7978970094305335
4.394779011160114, 3.405442632077889, 2.254875768100454, 5.7978970094305335
4.513698776997983, 3.3427301652677643, 2.234036868821801, 5.7978970094305335
4.635940379053211, 3.2782659245446824, 2.3680203045685277, 5.7978970094305335
4.759478203562761, 3.2131181195118956, 2.32340368688218, 5.7978970094305335
4.88231432810784, 3.148340356712395, 2.3017632914774246, 5.7978970094305335
4.999778977574978, 3.0863952470902136, 2.1820732033128505, 5.7978970094305335
5.117381115515009, 3.024377632773525, 2.203446433342239, 5.7978970094305335
5.232806295776632, 2.963508039437136, 2.186882180069463, 5.7978970094305335
5.3442370632384275, 2.9047449040000717, 2.1403954047555436, 5.7978970094305335
5.459873216370974, 2.8437640538925946, 2.0972481966337164, 5.7978970094305335
5.576716674322045, 2.7821465302865787, 2.247127972214801, 5.7978970094305335
5.699327646464508, 2.7174875018495013, 2.354795618487844, 5.7978970094305335
5.8234860194237426, 2.6520124499223, 2.3247395137590168, 5.7978970094305335
5.947097571784851, 2.586825764427452, 2.3327544750200375, 5.7978970094305335
6.069682053032383, 2.522180705992396, 2.315522308308843, 5.7978970094305335
6.19214565567697, 2.457599393019012, 2.3129842372428535, 5.7978970094305335
6.313781874353496, 2.3934544018738, 2.28453112476623, 5.7978970094305335
6.437046326902422, 2.3284507598393733, 2.3808442425861607, 5.7978970094305335
6.565825171051278, 2.260539097445571, 2.454982634250601, 5.7978970094305335
6.709971354620996, 2.1845234520292602, 2.5988511888859205, 5.7978970094305335
6.835698524591954, 2.118221093305444, 2.486107400480898, 5.7978970094305335
6.973208625656381, 2.045704993157576, 2.6274378840502273, 5.7978970094305335
7.112844475327783, 1.972067877188476, 2.5653219342773177, 5.7978970094305335
7.24860064713134, 1.9004767135285399, 2.5961795351322468, 5.7978970094305335
7.343050424130994, 1.8506685217314758, 2.556505476890195, 5.7978970094305335
7.4888841998966065, 1.7737629227500165, 2.5319262623563987, 5.7978970094305335
7.654812306804312, 1.6862605565621855, 2.4722148009617952, 5.7978970094305335
7.782980790961947, 1.618670768168235, 2.442158696232968, 5.7978970094305335
7.917393593700098, 1.5477880316342223, 2.53633449104996, 5.7978970094305335
8.048775291166285, 1.4785037517354602, 2.590301896874165, 5.7978970094305335
8.196996516276071, 1.4003391287666733, 2.7172054501736573, 5.7978970094305335
8.302056219338388, 1.34493578101404, 2.718674859738178, 5.7978970094305335
8.488243215248808, 1.246749867854507, 2.708255410098851, 5.7978970094305335
8.62147543386713, 1.1764897136297483, 2.749131712530056, 5.7978970094305335
8.779209540099322, 1.093308462538173, 2.732701041944964, 5.7978970094305335
8.915216034198378, 1.0215852911456473, 2.7197435212396472, 5.7978970094305335
9.05865336623574, 0.9459434593496632, 2.70384718140529, 5.7978970094305335
9.2014504819984, 0.8706392462968354, 2.6962329682073203, 5.7978970094305335
9.34214189427592, 0.7964454782486137, 2.6285065455516965, 5.7978970094305335
9.481371594054275, 0.7230225458637837, 2.6074004808976756, 5.7978970094305335
9.620532955069741, 0.6496356519992899, 2.6605663905957786, 5.7978970094305335
9.76096528271364, 0.5755785125121201, 2.6293080416777985, 5.7978970094305335
9.897767033834768, 0.5034359614710485, 2.5669249265295218, 5.7978970094305335
10.032950645748056, 0.43214673788694646, 2.534330750734705, 5.7978970094305335
10.170772083941657, 0.35946645376812686, 2.5917713064386856, 5.7978970094305335
10.307443126385145, 0.28739283208922306, 2.572535399412236, 5.7978970094305335
10.442814738786085, 0.21600446624513542, 2.5406091370558377, 5.7978970094305335
10.576645770540063, 0.14542852726726424, 2.5166978359604597, 5.7978970094305335
10.710384840874726, 0.07490108424308124, 2.501602992252204, 5.7978970094305335
10.843406442309968, 0.0047519992170415234, 2.490248463799092, 5.7978970094305335
10.980256818526941, -0.06741619432078212, 2.6548223350253806, 5.7978970094305335
11.117694912872723, -0.13989432164788787, 2.5402083889927867, 5.7978970094305335
11.252534989785026, -0.21100238167860025, 2.561848784397542, 5.7978970094305335
11.387730229423996, -0.28229773715638373, 2.544616617686348, 5.7978970094305335
11.522888563607498, -0.35357363050241286, 2.5340635853593376, 5.7978970094305335
11.661308283632053, -0.4265694191902374, 2.6611007213465134, 5.7978970094305335
11.809426507281488, -0.5046797242277872, 2.6639059577878705, 5.7978970094305335
11.951755191351046, -0.5797369093218943, 2.6528185947101255, 5.7978970094305335
12.087535160531765, -0.6513406225543511, 2.6359871760619824, 5.7978970094305335
12.221838190378104, -0.7221654702354395, 2.554368153887256, 5.7978970094305335
12.357938773890607, -0.793938259781655, 2.57266898209992, 5.7978970094305335
12.498042849589872, -0.8678222952516902, 2.635319262623564, 5.7978970094305335
12.682915937994471, -0.9653153178705315, 2.587496660432808, 5.7978970094305335
12.819351237684023, -1.037264620353818, 2.6271707186748596, 5.7978970094305335
12.958771339563285, -1.1107879614919753, 2.5872294950574406, 5.7978970094305335
13.144289052234754, -1.208620927413398, 2.669516430670585, 5.7978970094305335
13.286801412747721, -1.2837749744780957, 2.6719209190488913, 5.7978970094305335
13.428168654644729, -1.3583251420052667, 2.6438685546353193, 5.7978970094305335
13.566794361784993, -1.4314295582207877, 2.6248998129842374, 5.7978970094305335
13.706424545417454, -1.505063686198139, 2.6303767031792677, 5.7978970094305335
13.845502731679307, -1.5784067177665837, 2.6100721346513494, 5.7978970094305335
13.984829161997991, -1.651880661106213, 2.6669783596045953, 5.7978970094305335
14.129193356108518, -1.728011274616417, 2.748330216403954, 5.7978970094305335
14.273794267467686, -1.804266721223073, 2.653085760085493, 5.7978970094305335
14.422497042433061, -1.882685290027721, 2.8063051028586696, 5.787399299565927
14.566232146296846, -1.9640390298826345, 2.746994389527117, 5.718160249383787
14.704207750973405, -2.0515116935489264, 2.720812182741117, 5.718160249383787
14.843320643622466, -2.139705365893119, 2.7262890729361473, 5.718160249383787
14.980272874580297, -2.2265292393235363, 2.7078546620358, 5.718160249383787
15.117925349880188, -2.3137970480275887, 2.6771306438685545, 5.718160249383787
15.251887246877711, -2.398725133594832, 2.6438685546353193, 5.718160249383787
15.383720337197024, -2.482303615433139, 2.603526582954849, 5.718160249383787
15.516072470366966, -2.566211155881539, 2.6391931605663905, 5.718160249383787
15.653767804109535, -2.653506135636231, 2.7274913171253004, 5.718160249383787
15.790216552339585, -2.740010815138038, 2.693427731765963, 5.718160249383787
15.926699788725735, -2.826537359163551, 2.6681806037937483, 5.718160249383787
16.05970090825455, -2.9108563387618394, 2.6477424525781457, 5.718160249383787
16.19400764889454, -2.996003045526836, 2.6302431204915844, 5.718160249383787
16.32672199405015, -3.0801402182154605, 2.6226289072936146, 5.718160249383787
16.46026857056788, -3.1648050022466987, 2.59484370825541, 5.718160249383787
16.589215591381862, -3.246553796962061, 2.562249532460593, 5.718160249383787
16.719602649804575, -3.329215535133701, 2.527918781725888, 5.718160249383787
16.844285569162917, -3.4082610091182532, 2.476890195030724, 5.718160249383787
16.975494173231798, -3.4914435841882874, 2.6162169382847984, 5.718160249383787
17.111048775596757, -3.577381400289067, 2.734036868821801, 5.718160249383787
17.251777842432887, -3.666599681740234, 2.803633449104996, 5.718160249383787
17.392820076046746, -3.7560165021453265, 2.776382580817526, 5.718160249383787
17.53346127981713, -3.8451790808770387, 2.793347582153353, 5.718160249383787
17.67560387239758, -3.9352934980060037, 2.801095378039006, 5.718160249383787
17.8176583535986, -4.025352054991606, 2.797889393534598, 5.718160249383787
17.959634871965573, -4.115361185726986, 2.7774512423189957, 5.718160249383787
18.098279569498917, -4.203258035498932, 2.740983168581352, 5.718160249383787
18.235747609871932, -4.290408917632055, 2.709190488912637, 5.718160249383787
18.370642748492116, -4.375928652214133, 2.6562917445899012, 5.718160249383787
18.50475196460492, -4.460950133968717, 2.6611007213465134, 5.718160249383787
18.63917707289151, -4.546171882501888, 2.6302431204915844, 5.718160249383787
18.768887342358028, -4.628404555456693, 2.521907560780123, 5.718160249383787
18.896596506195767, -4.709368583566367, 2.5522308308843176, 5.718160249383787
19.029338476973763, -4.793523270124788, 2.6418648143200643, 5.718160249383787
19.166421766320596, -4.880430230898135, 2.736975687950842, 5.718160249383787
19.307450997940713, -4.969838808403851, 2.760219075607801, 5.718160249383787
19.44519687873047, -5.057165833568807, 2.759551162169383, 5.718160249383787
19.586813614993613, -5.1469468725409, 2.794549826342506, 5.718160249383787
19.7274289089718, -5.236093025191032, 2.783729628640128, 5.718160249383787
19.86785842136366, -5.325121397525913, 2.757013091103393, 5.718160249383787
20.007196191277185, -5.413457635748811, 2.730964467005076, 5.718160249383787
20.146121394075656, -5.501532317991729, 2.752872027785199, 5.718160249383787
20.2830433668962, -5.588337008611735, 2.6636387924125033, 5.718160249383787
20.416981346445137, -5.673249931187367, 2.6422655623831153, 5.718160249383787
20.548523540553866, -5.756643992986715, 2.5756078012289607, 5.718160249383787
20.678076986794732, -5.83877724441476, 2.545017365749399, 5.718160249383787
20.805138277641667, -5.919330539218672, 2.495191023243388, 5.718160249383787
20.930002528338047, -5.998490972185875, 2.446299759551162, 5.718160249383787
21.05257862042869, -6.076200776771317, 2.3917980229762223, 5.718160249383787
21.171346696165372, -6.151496405788933, 2.340769436281058, 5.718160249383787
21.28802369201416, -6.225466348804582, 2.283328880577077, 5.718160249383787
21.41010690021929, -6.302863678830154, 2.420384718140529, 5.718160249383787
21.532982317982864, -6.380763247497268, 2.435613144536468, 5.718160249383787
21.65283413638896, -6.456745938972375, 2.383248730964467, 5.718160249383787
21.774751966666177, -6.53403842402988, 2.4110339300026715, 5.718160249383787
21.896843026872578, -6.611440732004037, 2.4137055837563453, 5.718160249383787
22.018314233384128, -6.688450070120233, 2.3998129842372427, 5.718160249383787
22.138969927697865, -6.764942396375076, 2.3572001068661503, 5.718160249383787
22.257208374247586, -6.839902255342275, 2.3207320331285066, 5.718160249383787
22.374104321823157, -6.914011007611927, 2.27544750200374, 5.718160249383787
22.486454252264927, -6.985237712517495, 2.225353994122362, 5.718160249383787
22.59842097495833, -7.056221474458139, 2.1763291477424525, 5.718160249383787
22.714288267665562, -7.129678088391182, 2.3299492385786804, 5.718160249383787
22.83200992996132, -7.20431032063523, 2.3426395939086295, 5.718160249383787
22.949848238080456, -7.279016503059821, 2.3262089233235375, 5.718160249383787
23.06590755180936, -7.35259485293513, 2.285466203580016, 5.718160249383787
23.181351278567746, -7.42578293793604, 2.276783328880577, 5.718160249383787
23.297719764433676, -7.499557294275104, 2.273443761688485, 5.718160249383787
23.41227580232741, -7.572182609432169, 2.247795885653219, 5.718160249383787
23.52502369328158, -7.6436616101412955, 2.216537536735239, 5.718160249383787
23.63632255355616, -7.714221966039443, 2.1854127705049424, 5.718160249383787
23.745506600696945, -7.783441589723347, 2.1438685546353193, 5.718160249383787
23.853287047744953, -7.851771370314154, 2.1655089500400746, 5.718160249383787
23.967379271638386, -7.924102640403272, 2.261554902484638, 5.718160249383787
24.085550162625104, -7.999019671038208, 2.3756345177664975, 5.718160249383787
24.200770425174767, -8.072066085998118, 2.276115415442159, 5.718160249383787
24.319843774819766, -8.147555250111818, 2.3588030991183544, 5.718160249383787
24.439185801496638, -8.223214747928344, 2.426128773710927, 5.718160249383787
24.56325480342029, -8.301871015477385, 2.4235907026449373, 5.718160249383787
24.684455993154167, -8.378709170529492, 2.3572001068661503, 5.718160249383787
24.80187213984193, -8.453147714446636, 2.3272775848250067, 5.718160249383787
24.918776188486994, -8.527261602567142, 2.3029655356665777, 5.718160249383787
25.034944742132556, -8.600909207485842, 2.285332620892332, 5.718160249383787
25.14997423476364, -8.673834679667754, 2.266764627304301, 5.718160249383787
25.27060345714605, -8.750310223460573, 2.4042212129308043, 5.718160249383787
25.389785025347116, -8.825867995103698, 2.2815923056371896, 5.718160249383787
25.50613342885694, -8.899629619792226, 2.331685813518568, 5.718160249383787
25.623028007945432, -8.973737504479452, 2.2815923056371896, 5.718160249383787
25.739870638072258, -9.047812454981951, 2.320999198503874, 5.718160249383787
25.861492730975275, -9.124917450838538, 2.3759016831418647, 5.718160249383787
25.97940316772674, -9.199669360793088, 2.3264760886989047, 5.718160249383787
26.096947915610045, -9.274189434261427, 2.306973016297088, 5.718160249383787
26.21266294805945, -9.347549519461333, 2.285466203580016, 5.718160249383787
26.326106371049455, -9.419469467974112, 2.1882180069463, 5.718160249383787
26.437380440892934, -9.490014107434218, 2.20638525247128, 5.718160249383787
26.554924478302357, -9.564533730482042, 2.3577344376168847, 5.718160249383787
26.67810121050109, -9.642624324050304, 2.4593908629441623, 5.718160249383787
26.804838738504316, -9.72297236229164, 2.520304568527919, 5.718160249383787
26.93173359376158, -9.803420141599599, 2.4833021640395403, 5.718160249383787
27.05783162184047, -9.883362754824484, 2.500400748063051, 5.718160249383787
27.184655505806436, -9.963765540324234, 2.5068127170718677, 5.718160249383787
27.312093531400624, -10.044557674391909, 2.499064921186214, 5.718160249383787
27.436849345495677, -10.123649361595112, 2.468340903018969, 5.718160249383787
27.561277828131434, -10.202533529833543, 2.4350788137857333, 5.718160249383787
27.68297743806638, -10.279687669314312, 2.3901950307240183, 5.718160249383787
27.803009041240145, -10.35578433928983, 2.346914239914507, 5.718160249383787
27.920888485202532, -10.430516600685337, 2.311381244990649, 5.718160249383787
28.039541335966128, -10.505739180301644, 2.337830617152017, 5.718160249383787
28.15416905549508, -10.578409939605036, 2.2258883248730963, 5.718160249383787
28.26606774470288, -10.649350570223891, 2.190221747261555, 5.718160249383787
28.378242093567962, -10.720465961334243, 2.289206518835159, 5.718160249383787
28.492856919956118, -10.793128546747974, 2.230162970878974, 5.718160249383787
28.604982240220455, -10.864212855100522, 2.220010686615015, 5.718160249383787
28.71621653002492, -10.934732275131575, 2.181538872562116, 5.718160249383787
28.82794239193056, -11.005563338088017, 2.25581084691424, 5.718160249383787
28.940025057125382, -11.076620604322809, 2.1820732033128505, 5.718160249383787
29.047725563602846, -11.144899704833923, 2.1446700507614214, 5.718160249383787
29.15603079422996, -11.213562183495672, 2.1244990649211863, 5.718160249383787
29.263777131058315, -11.281870339163884, 2.1106064654020837, 5.718160249383787
29.36924164897681, -11.348731885639712, 2.0797488645471547, 5.72939995652735
29.4763745203205, -11.411051324361589, 2.0530323270104196, 5.834209481982286
29.588731878705257, -11.459014874451393, 2.0307240181672457, 5.970741503089312
29.705063929831926, -11.490898996339007, 2.014426930269837, 6.1055453874258285
29.825460325962343, -11.506932583259745, 2.000133582687684, 6.241285179341113
29.944273736383867, -11.506652273182917, 1.990515629174459, 6.37406491990539
30.06199635349336, -11.490646096344742, 1.9878439754207855, 6.506835920619858
30.176497705239832, -11.459217947802397, 1.9829014159764895, 6.639528507314886
30.285921501827243, -11.412875644369963, 1.984771573604061, 6.7723292410879425
30.38876016045128, -11.352117326093014, 1.9865081485439486, 6.905815997325042
30.481502441094296, -11.279156486392285, 1.9874432273577345, 7.03768668495828
30.568123578310004, -11.197729159345704, 1.9869088966069997, 7.03768668495828
30.654822597118372, -11.116228620492855, 1.9842372428533261, 7.03768668495828
30.7415396494258, -11.034711129430963, 1.9850387389794282, 7.03768668495828
30.828163067707184, -10.953281658091583, 1.9850387389794282, 7.03768668495828
30.915255099959627, -10.871411670911536, 1.9849051562917446, 7.03768668495828
31.00134577806514, -10.79048299660537, 1.9854394870424792, 7.03768668495828
31.088393348565365, -10.7086548052474, 1.9886454715468875, 7.03768668495828
31.17491636103439, -10.627319719380008, 1.9910499599251936, 7.03768668495828
31.261830767614395, -10.545616707423177, 1.9883783061715201, 7.03768668495828
31.34913718432862, -10.463545190290459, 1.9866417312316325, 7.03768668495828
31.435574050378, -10.382291085496645, 1.9829014159764895, 7.03768668495828
31.522620690533248, -10.300463768700093, 1.9841036601656425, 7.03768668495828
31.609039092766164, -10.219227020630866, 1.985573069730163, 7.03768668495828
31.695960695435666, -10.13751724406262, 1.9854394870424792, 7.03768668495828
31.782087430899164, -10.055566602350812, 1.9815655890996526, 7.075001328803816
31.863208646180784, -9.96841350545391, 1.9791611007213465, 7.171403371264559
31.938156104312693, -9.876219790174494, 1.9782260219075607, 7.171403371264559
32.013205472966355, -9.783900713610509, 1.9827678332888057, 7.171403371264559
32.088827476683136, -9.690877232183654, 1.9812984237242854, 7.171403371264559
32.16337295614176, -9.59917799541328, 1.9771573604060915, 7.171403371264559
32.23852059990882, -9.506738029521632, 1.9771573604060915, 7.171403371264559
32.313610488042805, -9.414369109486966, 1.9792946834090301, 7.171403371264559
32.38866032366124, -9.322049458504337, 1.9866417312316325, 7.171403371264559
32.464247197332725, -9.229069190943221, 1.9886454715468875, 7.171403371264559
32.541249907273276, -9.13434728718622, 2.1020571733903286, 7.171403371264559
32.625143079736524, -9.031149347606327, 2.254074271974352, 7.171403371264559
32.71050987375184, -8.926138689500858, 2.227624899812984, 7.171403371264559
32.79720966342188, -8.819488298375427, 2.3431739246593644, 7.171403371264559
32.885812553985595, -8.710496881332478, 2.3148543948704248, 7.171403371264559
32.97560286463757, -8.600044805419122, 2.4161100721346513, 7.171403371264559
33.06579302715764, -8.48910086720384, 2.3346246326476088, 7.171403371264559
33.152337138631125, -8.38264197758741, 2.3088431739246595, 7.171403371264559
33.23866039608423, -8.276454762997473, 2.253005610472883, 7.171403371264559
33.323208966718774, -8.172450610719963, 2.2266898209991983, 7.171403371264559
33.40677023870364, -8.069660945669552, 2.1966337162703713, 7.171403371264559
33.4933279382645, -7.963185341193287, 2.317258883248731, 7.171403371264559
33.584358916500754, -7.851207106062899, 2.47021106064654, 7.171403371264559
33.67804352075703, -7.73596461557488, 2.4193160566390595, 7.171403371264559
33.77137955719914, -7.621150902294467, 2.508549292011755, 7.171403371264559
33.86665675760942, -7.503949341278421, 2.499198503873898, 7.171403371264559
33.96134150230686, -7.3874765667304665, 2.509484370825541, 7.171403371264559
34.05592235274983, -7.27113159367911, 2.4934544483035, 7.171403371264559
34.150668018456514, -7.156875884620663, 2.4577878706919583, 7.154944756728816
34.24468772920083, -7.045033310923049, 2.4214533796419984, 7.154944756728816
34.33707964196964, -6.935127109009597, 2.3709591236975687, 7.154944756728816
34.42770111043678, -6.827326965982299, 2.3268768367619557, 7.154944756728816
34.516774003935, -6.721368953809439, 2.288805770772108, 7.154944756728816
34.6041552107195, -6.617423313238819, 2.2448570665241783, 7.154944756728816
34.68942544536708, -6.515988811608408, 2.2010419449639325, 7.154944756728816
34.77373976943304, -6.415691427916626, 2.1689820999198504, 7.154944756728816
34.85717339137703, -6.316441696799007, 2.1697835960459524, 7.154944756728816
34.94685886738317, -6.2097549778077, 2.3339567192091906, 7.154944756728816
35.03696182473385, -6.102571637547568, 2.354795618487844, 7.154944756728816
35.12936725567477, -5.992649354887336, 2.3831151482767834, 7.154944756728816
35.22087815617178, -5.883791174491464, 2.3697568795084156, 7.154944756728816
35.312218963287485, -5.775135331258548, 2.3661501469409565, 7.154944756728816
35.40360752940361, -5.666422675581928, 2.3681538872562116, 7.154944756728816
35.49462093479468, -5.558156298038986, 2.355597114613946, 7.154944756728816
35.588913750749086, -5.445988847894243, 2.466604328079081, 7.154944756728816
35.684640250623, -5.332115937286396, 2.4262623563986105, 7.154944756728816
35.77598060317413, -5.223460634787661, 2.3896606999732835, 7.154944756728816
35.86812624538273, -5.113847387756341, 2.3742986908896606, 7.154944756728816
35.962419903278835, -5.001678936067072, 2.3652150681271706, 7.154944756728816
36.049846375195735, -4.897679449671294, 2.3409030189687416, 7.154944756728816
36.139368060203424, -4.791187570747774, 2.30777451242319, 7.154944756728816
36.22792789012029, -4.68583988114404, 2.3144536468073738, 7.154944756728816
36.321414526160325, -4.5746314345505, 2.3983435746727224, 7.154944756728816
36.41217282720491, -4.466668520254212, 2.2815923056371896, 7.154944756728816
36.50155924480315, -4.360337550730345, 2.3348917980229764, 7.154944756728816
36.59591246271374, -4.248098248521997, 2.4556505476890194, 7.154944756728816
36.69191089431716, -4.133901857398661, 2.3824472348383647, 7.154944756728816
36.78120006669739, -4.027686567399609, 2.406759283996794, 7.154944756728816
36.87338840092682, -3.9180225354270393, 2.3649479027518034, 7.154944756728816
36.964746412391456, -3.8093462264997666, 2.364680737376436, 7.154944756728816
37.05494473021861, -3.7020494487377222, 2.3223350253807107, 7.154944756728816
37.14335982108269, -3.5968739356706902, 2.283729628640128, 7.154944756728816
37.23003831169729, -3.4937642217839313, 2.233903286134117, 7.154944756728816
37.31530335438114, -3.3923358963327614, 2.200106866150147, 7.154944756728816
37.39965701977445, -3.2919917135680294, 2.1652417846647074, 7.154944756728816
37.48205357589044, -3.1939756398439467, 2.1306438685546354, 7.154944756728816
37.563688460145876, -3.09686562444021, 2.1128773710927065, 7.154944756728816
37.644775490854144, -3.000407316537369, 2.0915041410633184, 7.154944756728816
37.725178335044305, -2.9047628930899174, 2.0834891798022976, 7.154944756728816
37.805478239893624, -2.809240922697507, 2.0740048089767567, 7.154944756728816
37.885241043413586, -2.714357869342128, 2.0682607534063586, 7.154944756728816
37.96485172293189, -2.6196557774014604, 2.068127170718675, 7.154944756728816
38.0446818265107, -2.5246926662397833, 2.0674592572802566, 7.154944756728816
38.124257780722786, -2.430031882314093, 2.0695965802831955, 7.154944756728816
38.20417841227509, -2.3349610822277422, 2.0674592572802566, 7.154944756728816
38.281691489329575, -2.243056320616901, 1.953379641998397, 7.148787205254962
38.35907826070256, -2.152441718440362, 2.030456852791878, 7.146371352266189
38.441447238193206, -2.0561467513165277, 2.1616350520972483, 7.142261632685949
38.52792496889639, -1.9580430194316933, 2.1727224151749933, 7.120725592394786
38.616117137670386, -1.8601385748645924, 2.198370291210259, 7.120725592394786
38.70413087157748, -1.762432215533143, 2.1903553299492384, 7.120725592394786
38.79548914389469, -1.6610129962059978, 2.3169917178733637, 7.120725592394786
38.888557103358245, -1.5576958082408872, 2.271172855997863, 7.120725592394786
38.97969205441363, -1.4565245037161871, 2.310179000801496, 7.120725592394786
39.073310725903234, -1.3525959558562493, 2.2778519903820467, 7.120725592394786
39.163686850978586, -1.2522670439966868, 2.27544750200374, 7.120725592394786
39.25452952885499, -1.1514201996099775, 2.248330216403954, 7.120725592394786
39.344330281562605, -1.0517300237387142, 2.267833288805771, 7.120725592394786
39.43861542952486, -0.9470616028290517, 2.360539674058242, 7.120725592394786
39.5304330442034, -0.8451324554733968, 2.247795885653219, 7.120725592394786
39.618904885277395, -0.7469175393352502, 2.2403152551429333, 7.120725592394786
39.70870173735955, -0.6472316936508363, 2.198370291210259, 7.120725592394786
39.79702203594544, -0.5491850088118234, 2.19730162970879, 7.120725592394786
39.88434611182575, -0.4522442569826394, 2.1651082019770236, 7.120725592394786
39.96996273587835, -0.3571989923054365, 2.1271707186748596, 7.120725592394786
40.05393442028227, -0.2639798183672359, 2.0806839433609405, 7.120725592394786
40.13645649044886, -0.17236989929503005, 2.0249799625968476, 7.120725592394786
40.216306097623225, -0.08372675163254611, 1.9853059043547956, 7.120725592394786
40.29551611959365, 0.004206375684420342, 1.985973817793214, 7.120725592394786
40.37932402702294, 0.09724373649842759, 2.1143467806572267, 7.120725592394786
40.46383163200972, 0.19105784996160372, 2.0372695698637457, 7.120725592394786
40.54667579274256, 0.2830253302371097, 2.084958589366818, 7.120725592394786
40.631147620815085, 0.37679972680741586, 2.1037937483302165, 7.120725592394786
40.715413825964525, 0.4703458559662966, 2.097782527384451, 7.120725592394786
40.798815880109785, 0.5629326683823964, 2.0699973283462465, 7.120725592394786
40.88108297884681, 0.6542595369690678, 2.042479294683409, 7.120725592394786
40.962866817255744, 0.7450499255636754, 2.021373230029388, 7.120725592394786
41.04340134268074, 0.8344534189783149, 2.007747795885653, 7.120725592394786
41.12385636729326, 0.9237686564514662, 1.9985305904354795, 7.120725592394786
41.2055962674702, 1.014510268059884, 2.0864279989313386, 7.120725592394786
41.29361904399096, 1.1122266658344262, 2.2266898209991983, 7.120725592394786
41.38090335446488, 1.2091232730407933, 2.1254341437349717, 7.120725592394786
41.47007719991969, 1.308117502693314, 2.25834891798023, 7.120725592394786
41.560773050991784, 1.4088013507854138, 2.230162970878974, 7.120725592394786
41.64972387288776, 1.5075479961233955, 2.221613678867219, 7.120725592394786
41.73860719412285, 1.6062197072035547, 2.195965802831953, 7.120725592394786
41.82647304703447, 1.7037618999550763, 2.1577611541544215, 7.120725592394786
41.91200769865264, 1.7987161648782846, 2.1226289072936146, 7.120725592394786
41.99669759796788, 1.8927326480668372, 2.0830884317392466, 7.120725592394786
42.07773420078046, 1.9826935107858696, 2.024044883783062, 7.120725592394786
42.15814159763354, 2.0719558754314313, 1.97274913171253, 7.120725592394786
42.23559504985398, 2.1579389884998896, 1.9255944429601923, 7.120725592394786
42.31173266858409, 2.2424613602258425, 1.874966604328079, 7.120725592394786
42.385292758574785, 2.3241223495513323, 1.8179267966871493, 7.120725592394786
42.456786229939496, 2.403489131221867, 1.7697034464333423, 7.120725592394786
42.52519247343324, 2.479428700089262, 1.6692492652952178, 7.120725592394786
42.58857027692169, 2.5497860655410776, 1.526449372161368, 7.120725592394786
42.645269199948565, 2.612729030247208, 1.3382313652150681, 7.120725592394786
42.69229129741701, 2.664929496558744, 1.0971146139460326, 7.120725592394786
42.726792869304965, 2.7032305983384117, 0.751669783596046, 7.120725592394786
42.73061599422708, 2.7074747498000815, 0.0, 7.120725592394786
42.73061599422708, 2.7074747498000815, 0.0, 7.120725592394786
42.73061599422708, 2.7074747498000815, 0.0, 7.120725592394786
42.73061599422708, 2.7074747498000815, 0.0, 7.120725592394786
42.73061599422708, 2.7074747498000815, 0.0, 7.120725592394786
42.73061599422708, 2.7074747498000815, 0.0, 7.120725592394786
42.73061599422708, 2.7074747498000815, 0.0, 7.120725592394786
42.73061599422708, 2.7074747498000815, 0.0, 7.120725592394786
42.73061599422708, 2.7074747498000815, 0.0, 7.120725592394786
42.73061599422708, 2.7074747498000815, 0.0, 7.120725592394786
42.73061599422708, 2.7074747498000815, 0.0, 7.120725592394786
42.73061599422708, 2.7074747498000815, 0.0, 7.120725592394786
42.73061599422708, 2.7074747498000815, 0.0, 7.120725592394786
42.73061599422708, 2.7074747498000815, 0.0, 7.120725592394786
42.73061599422708, 2.7074747498000815, 0.0, 7.120725592394786
42.73061599422708, 2.7074747498000815, 0.0, 7.120725592394786
42.73061599422708, 2.7074747498000815, 0.0, 7.120725592394786
42.73061599422708, 2.7074747498000815, 0.0, 7.120725592394786
42.73061599422708, 2.7074747498000815, 0.0, 7.120725592394786
42.73061599422708, 2.7074747498000815, 0.0, 7.120725592394786
42.73061599422708, 2.7074747498000815, 0.0, 7.120725592394786
42.73061599422708, 2.7074747498000815, 0.0, 7.120725592394786
42.73061599422708, 2.7074747498000815, 0.0, 7.120725592394786
42.73061599422708, 2.7074747498000815, 0.0, 7.120725592394786
42.73061599422708, 2.7074747498000815, 0.0, 7.120725592394786
42.73061599422708, 2.7074747498000815, 0.0, 7.120725592394786
42.73061599422708, 2.7074747498000815, 0.0, 7.120725592394786
42.73061599422708, 2.7074747498000815, 0.0, 7.120725592394786
42.73061599422708, 2.7074747498000815, 0.0, 7.120725592394786
42.73061599422708, 2.7074747498000815, 0.0, 7.120725592394786
42.73061599422708, 2.7074747498000815, 0.0, 7.120725592394786
42.73061599422708, 2.7074747498000815, 0.0, 7.120725592394786
42.73061599422708, 2.7074747498000815, 0.0, 7.120725592394786
42.73061599422708, 2.7074747498000815, 0.0, 7.120725592394786
42.73061599422708, 2.7074747498000815, 0.0, 7.120725592394786
42.73061599422708, 2.7074747498000815, 0.0, 7.120725592394786
42.73061599422708, 2.7074747498000815, 0.0, 7.120725592394786
42.73061599422708, 2.7074747498000815, 0.0, 7.120725592394786
42.73061599422708, 2.7074747498000815, 0.0, 7.120725592394786
42.73061599422708, 2.7074747498000815, 0.0, 7.120725592394786
42.73061599422708, 2.7074747498000815, 0.0, 7.120725592394786
42.73061599422708, 2.7074747498000815, 0.0, 7.120725592394786
42.73061599422708, 2.7074747498000815, 0.0, 7.120725592394786
42.73061599422708, 2.7074747498000815, 0.0, 7.120725592394786
42.73061599422708, 2.7074747498000815, 0.0, 7.120725592394786
42.73061599422708, 2.7074747498000815, 0.0, 7.120725592394786
42.73061599422708, 2.7074747498000815, 0.0, 7.120725592394786
42.73061599422708, 2.7074747498000815, 0.0, 7.120725592394786
42.73061599422708, 2.7074747498000815, 0.0, 7.120725592394786
42.73061599422708, 2.7074747498000815, 0.0, 7.120725592394786
42.73061599422708, 2.7074747498000815, 0.0, 7.120725592394786
42.73061599422708, 2.7074747498000815, 0.0, 7.120725592394786
42.73061599422708, 2.7074747498000815, 0.0, 7.120725592394786
42.73061599422708, 2.7074747498000815, 0.0, 7.120725592394786
42.73061599422708, 2.7074747498000815, 0.0, 7.120725592394786
42.73061599422708, 2.7074747498000815, 0.0, 7.120725592394786
42.73061599422708, 2.7074747498000815, 0.0, 7.120725592394786
42.73061599422708, 2.7074747498000815, 0.0, 7.120725592394786
42.73061599422708, 2.7074747498000815, 0.0, 7.120725592394786
42.73061599422708, 2.7074747498000815, 0.0, 7.120725592394786
42.73061599422708, 2.7074747498000815, 0.0, 7.120725592394786
42.73061599422708, 2.7074747498000815, 0.0, 7.120725592394786
42.73061599422708, 2.7074747498000815, 0.0, 7.120725592394786
42.73061599422708, 2.7074747498000815, 0.0, 7.120725592394786
42.73061599422708, 2.7074747498000815, 0.0, 7.120725592394786
42.73061599422708, 2.7074747498000815, 0.0, 7.120725592394786
42.73061599422708, 2.7074747498000815, 0.0, 7.120725592394786
42.73061599422708, 2.7074747498000815, 0.0, 7.120725592394786
42.73061599422708, 2.7074747498000815, 0.0, 7.120725592394786
42.73061599422708, 2.7074747498000815, 0.0, 7.120725592394786
42.73061599422708, 2.7074747498000815, 0.0, 7.120725592394786
42.73061599422708, 2.7074747498000815, 0.0, 7.120725592394786
42.73061599422708, 2.7074747498000815, 0.0, 7.120725592394786
42.73061599422708, 2.7074747498000815, 0.0, 7.120725592394786
42.73061599422708, 2.7074747498000815, 0.0, 7.120725592394786
42.73061599422708, 2.7074747498000815, 0.0, 7.120725592394786
42.73061599422708, 2.7074747498000815, 0.0, 7.120725592394786
42.73061599422708, 2.7074747498000815, 0.0, 7.120725592394786
42.73061599422708, 2.7074747498000815, 0.0, 7.120725592394786
42.73061599422708, 2.7074747498000815, 0.0, 7.120725592394786
42.73061599422708, 2.7074747498000815, 0.0, 7.120725592394786
42.73061599422708, 2.7074747498000815, 0.0, 7.120725592394786
42.73061599422708, 2.7074747498000815, 0.0, 7.120725592394786
42.73061599422708, 2.7074747498000815, 0.0, 7.120725592394786
42.73061599422708, 2.7074747498000815, 0.0, 7.120725592394786
42.73061599422708, 2.7074747498000815, 0.0, 7.120725592394786
42.73061599422708, 2.7074747498000815, 0.0, 7.120725592394786
42.73061599422708, 2.7074747498000815, 0.0, 7.120725592394786
42.73061599422708, 2.7074747498000815, 0.0, 7.120725592394786
42.73061599422708, 2.7074747498000815, 0.0, 7.120725592394786
42.73061599422708, 2.7074747498000815, 0.0, 7.120725592394786
42.73061599422708, 2.7074747498000815, 0.0, 7.120725592394786
42.73061599422708, 2.7074747498000815, 0.0, 7.120725592394786
42.73061599422708, 2.7074747498000815, 0.0, 7.120725592394786
42.73061599422708, 2.7074747498000815, 0.0, 7.120725592394786
42.73061599422708, 2.7074747498000815, 0.0, 7.120725592394786
42.73061599422708, 2.7074747498000815, 0.0, 7.120725592394786
42.73061599422708, 2.7074747498000815, 0.0, 7.120725592394786
42.73061599422708, 2.7074747498000815, 0.0, 7.120725592394786
42.73061599422708, 2.7074747498000815, 0.0, 7.120725592394786
42.73061599422708, 2.7074747498000815, 0.0, 7.120725592394786
42.73061599422708, 2.7074747498000815, 0.0, 7.120725592394786
42.73061599422708, 2.7074747498000815, 0.0, 7.120725592394786
