0.0, 0.0, 0.0, -0.0
0.0, 0.0, 0.0, -0.0
0.0, 0.0, 0.0, -0.0
0.0, 0.0, 0.0, -0.0
0.0, 0.0, 0.0, -0.0
0.0, 0.0, 0.0, -0.0
0.0, 0.0, 0.0, -0.0
0.0, 0.0, 0.0, -0.0
0.0, 0.0, 0.0, -0.0
0.0, 0.0, 0.0, -0.0
0.0, 0.0, 0.0, -0.0
0.0, 0.0, 0.0, -0.0
0.0, 0.0, 0.0, -0.0
0.0, 0.0, 0.0, -0.0
0.0, 0.0, 0.0, -0.0
0.0, 0.0, 0.0, -0.0
0.0, 0.0, 0.0, -0.0
0.0, 0.0, 0.0, -0.0
0.0, 0.0, 0.0, -0.0
0.0, 0.0, 0.0, -0.0
0.0, 0.0, 0.0, -0.0
0.0, 0.0, 0.0, -0.0
0.0, 0.0, 0.0, -0.0
0.0, 0.0, 0.0, -0.0
0.0, 0.0, 0.0, -0.0
0.0, 0.0, 0.0, -0.0
0.0, 0.0, 0.0, -0.0
0.0, 0.0, 0.0, -0.0
0.0, 0.0, 0.0, -0.0
0.0, 0.0, 0.0, -0.0
0.0, 0.0, 0.0, -0.0
0.0, 0.0, 0.0, -0.0
0.0, 0.0, 0.0, -0.0
0.00106494682554101, 0.0, 0.05303232701041945, -0.0
0.003689001100721346, 0.0, 0.0, -0.0
0.003689001100721346, 0.0, 0.0, -0.0
0.003689001100721346, 0.0, 0.0, -0.0
0.003689001100721346, 0.0, 0.0, -0.0
0.004718706098851189, 0.0, 0.0, -0.0
0.004718706098851189, 0.0, 0.0, -0.0
0.004718706098851189, 0.0, 0.0, -0.0
0.00585567827731766, 0.0, 0.057306973016297086, -0.0
0.009757613807106599, 0.0, 0.0, -0.0
0.007685836729895805, 0.0, 0.0, -0.0
0.007685836729895805, 0.0, 0.0, -0.0
0.007685836729895805, 0.0, 0.0, -0.0
0.008853575450707987, 0.0, 0.0583756345177665, -0.0
0.019524737072936147, 0.0, 0.3467806572268234, -0.0
0.040455799617419186, 0.0, 0.5985840235105531, -0.0
0.07322059103393, 0.0, 0.8819129040876302, -0.0
0.11601118577825273, 0.0, 1.1326476088698905, -0.0
0.1671834303948704, 0.0, 1.3234036868821801, -0.0
0.22459945504247927, 0.0, 1.4501736574939887, -0.0
0.28565335574245254, 0.0, 1.5539674058242052, -0.0
0.350633063788405, 0.0, 1.6397274913171254, -0.0
0.4266271598952711, 0.0, 1.7216136788672187, -0.0
0.4889327234539139, 0.0, 1.77144002137323, -0.0
0.5621091585188351, 0.0, 1.8458455784130376, -0.0
0.6303398910093508, 0.0, 1.8644135720010686, -0.0
0.7123999227785199, 0.0, 1.8963398343574673, -0.0
0.7920573668308843, 0.0, 2.006679134384184, -0.0
0.8753004340945766, 0.0, 2.1163505209724818, -0.0
0.9639524341458723, 0.0, 2.255276516163505, -0.0
1.057817771823671, 0.0, 2.3820464867753137, -0.0
1.1549502283131179, 0.0, 2.4531124766230294, -0.0
1.2540927853123163, 0.0, 2.478226021907561, -0.0
1.3543222903724286, 0.0, 2.493721613678867, -0.0
1.4543515569585894, 0.0, 2.501736574939888, -0.0
1.5546690553374298, 0.0, 2.528853860539674, -0.0
1.6566440468800427, 0.0, 2.523644135720011, -0.0
1.7571069345273844, 0.0, 2.519235907026449, -0.0
1.8573352409938553, 0.0, 2.50253807106599, -0.0
1.9559498145273844, 0.0, 2.4742185412770503, -0.0
2.0552583773059045, 0.0, 2.4515094843708254, -0.0
2.1515808004231904, 0.0, 2.423724285332621, -0.0
2.2480126730045424, 0.0, 2.3823136521506814, -0.0
2.34233970439968, 0.0, 2.3570665241784665, -0.0
2.4348335262409835, 0.0, 2.313518567993588, -0.0
2.526901549007748, 0.0, 2.2811915575741386, -0.0
2.6164090701020575, 0.0, 2.238311514827678, -0.0
2.7049314743553303, 0.0, 2.2055837563451774, -0.0
2.792292483223083, 0.0, 2.163772375100187, -0.0
2.877484478367085, 0.0, 2.1204915842906757, -0.0
2.9609386952113272, 0.0, 2.0852257547421855, -0.0
3.04830441315736, 0.0, 2.207587496660433, -0.0
3.1376359588308835, 0.0, 2.247261554902485, -0.0
3.2283430240427458, 0.0, 2.262890729361475, -0.0
3.3197312410665236, 0.0, 2.272107934811648, -0.0
3.4127610052129302, 0.0, 2.3454448303499866, -0.0
3.5062661322532724, 0.0, 2.329548490515629, -0.0
3.599947603774512, 0.0, 2.315655890996527, -0.0
3.691185877086828, 0.0, 2.3067058509217206, -0.0
3.7836591112156017, 0.0, 2.300828212663639, -0.0
3.87558444847876, 0.0, 2.2964199839700776, -0.0
3.966622832017098, 0.0, 2.293748330216404, -0.0
4.058482787774512, 0.0, 2.287469943895271, -0.0
4.148906916898744, 0.0, 2.258749666043281, 0.09170085814685897
4.238544846159134, 0.0002442376300047615, 2.2292278920651882, -0.0
4.326345949507417, 0.0005628853692258508, 2.1895538338231364, -0.0
4.41347175216799, 0.0008790823073837732, 2.1651082019770236, -0.0
4.501921928247398, 0.001200085661175481, 2.26890195030724, -0.0
4.593164989346433, 0.0015312249524835782, 2.299893133849853, -0.0
4.686149869258409, 0.0018686856521306424, 2.315923056371894, -0.0
4.781108117368416, 0.0022133080990789835, 2.313117819930537, -0.0
4.870870901322984, 0.0025390751689967203, 2.2964199839700776, -0.0
4.96424691238077, 0.002877955361686566, 2.3598717606198236, -0.0
5.058475871409478, 0.003219931072909127, 2.3609404221212933, -0.0
5.152068111681807, 0.0035595960046026984, 2.3505209724819665, -0.0
5.245226787104337, 0.0038976874428670832, 2.335426128773711, -0.0
5.338004459818765, 0.004234396146211924, 2.3207320331285066, -0.0
5.430587154123933, 0.00457039723396951, 2.310713331552231, -0.0
5.522320661510622, 0.004903316452804831, 2.296687149345445, -0.0
5.614380874362134, 0.00523742135101988, 2.2778519903820467, -0.0
5.702452087880303, 0.005557049373992459, 2.21039273310179, -0.0
5.791232368878505, 0.005879250744461268, 2.205984504408229, -0.0
5.879284508697011, 0.006198809545168471, 2.182340368688218, -0.0
5.9656412418788936, 0.006512215376593757, 2.1593641464066256, -0.0
6.050712340541513, 0.006820955383588535, 2.1314453646807374, -0.0
6.135240533010819, 0.0071277250755814375, 2.1091370558375635, -0.0
6.219052487465429, 0.007431895396775753, 2.0850921720545017, -0.0
6.302101662669762, 0.007733297439732593, 2.0673256745925728, -0.0
6.384421027674133, 0.00803205085571995, 2.0563718942025115, -0.0
6.466204526738052, 0.008328859507189108, 2.0455516965001337, -0.0
6.548053545823599, 0.008625905943902067, 2.032994923857868, -0.0
6.629255525673578, 0.008920604146005909, 2.031792679668715, -0.0
6.711016874475673, 0.009217332409751177, 2.070932407160032, -0.0
6.796929587019815, 0.00952912680160466, 2.175394068928667, -0.0
6.88486152196389, 0.009848249354815873, 2.2176061982367083, -0.0
6.977846264481099, 0.010185709555829887, 2.3422388458455785, -0.0
7.075135713012375, 0.010538792394681981, 2.4528453112476623, -0.0
7.1743899676479215, 0.010899005907287119, 2.498664173123163, -0.0
7.275012179363988, 0.011264184009338585, 2.545685279187817, -0.0
7.37837731378484, 0.011639316725687677, 2.572134651349185, -0.0
7.482790099300484, 0.012018251577091082, 2.6178199305370025, -0.0
7.586725232143392, 0.012395452931550878, 2.5933742986908896, -0.0
7.69011218396585, 0.012770664827607652, 2.578413037670318, -0.0
7.79246568510227, 0.013142126124729512, 2.5662570130911035, -0.0
7.895052250809101, 0.013514433259723811, 2.5665241784664707, -0.0
7.998959585217926, 0.013891533728114558, 2.556906224953246, -0.0
8.099205492360058, 0.014255346145713664, 2.542479294683409, -0.0
8.200709975869962, 0.014623726188307613, 2.532594175794817, -0.0
8.301347444894049, 0.014988959662176988, 2.499599251936949, -0.0
8.399483567201925, 0.015345115249257558, 2.456184878439754, -0.0
8.497022909166336, 0.01569910500128589, 2.4285332620892333, -0.0
8.593721823053864, 0.01605004467197738, 2.3950040074806305, -0.0
8.68804243714769, 0.01639235301773612, 2.3670852257547423, -0.0
8.781849675001741, 0.016732798218591943, 2.3421052631578947, -0.0
8.874761315573434, 0.017069993118046148, 2.3193962062516698, -0.0
8.968506288287974, 0.017410212346275423, 2.3047021106064656, -0.0
9.059570687565996, 0.01774070323815367, 2.296286401282394, -0.0
9.15039867420482, 0.018070336141349192, 2.2604862409831687, -0.0
9.240688149889351, 0.01839801468074304, 2.263558642799893, -0.0
9.33104820764927, 0.018725949376584748, 2.249131712530056, -0.0
9.420779338297999, 0.019051601570333962, 2.241784664707454, -0.0
9.510194315444473, 0.019376106379882994, 2.233903286134117, -0.0
9.599256576756138, 0.01969933111322497, 2.221079348116484, -0.0
9.687923387907956, 0.02002112067895966, 2.224018167245525, -0.0
9.777140220029636, 0.020344906380641244, 2.212396473417045, -0.0
9.865259485181134, 0.020664708792587787, 2.2180069462997594, -0.0
9.954034355291112, 0.020986890525862594, 2.224018167245525, -0.0
10.043034871025968, 0.021309891172174834, 2.217873363612076, -0.0
10.130661696391853, 0.02162790642179193, 2.1739246593641464, -0.0
10.214596430998617, 0.021932522336679416, 2.0813518567993587, -0.0
10.29993782263943, 0.022242243290873542, 2.1482767833288805, -0.0
10.385347568480377, 0.022552212316111285, 2.1180870959123697, -0.0
10.469890586346038, 0.022859035812428413, 2.103125834891798, -0.0
10.552721701709533, 0.02310870880010961, 2.086160833555971, -0.19790289501903222
10.635755631626758, 0.022517237334754477, 2.072134651349185, -0.8747652901423868
10.718459197251423, 0.01912264084698239, 2.0566390595778787, -1.1402223568017777
10.800200726396017, 0.012602668097487377, 2.0475554368153888, -0.0
10.881586588268389, 0.005708698288389597, 2.038471814052899, -0.0
10.96227068683772, -0.0011258271047739693, 2.009751536200908, -0.0
11.042885715658715, -0.007954501791822527, 2.0125567726422657, -0.0
11.122527872454938, -0.01470076719779195, 2.0072134651349187, -0.0
11.202227927154999, -0.02145193697402761, 2.0018701576275713, -0.0
11.282058738768912, -0.028214182804453758, 1.9771573604060915, -0.0
11.362930234170035, -0.0350645820615906, 1.992920117552765, -0.0
11.440133508855231, -0.04160425655293987, 1.977691691156826, -0.0
11.518644128801057, -0.048254672622119694, 1.9791611007213465, -0.0
11.598111271849051, -0.054986113100654384, 1.9895805503606732, -0.0
11.677068826539427, -0.06167438776793324, 1.991717873363612, -0.0
11.756319231200631, -0.06838746894104782, 1.9833021640395405, -0.0
11.835101517912443, -0.07506089714574793, 1.9762222815923056, -0.0
11.913294138818001, -0.08168437640142608, 1.9449639326743253, -0.0
11.991852284460139, -0.08833881824004546, 1.968207320331285, -0.0
12.069630806402511, -0.09492722032526069, 1.9544483034998663, -0.0
12.147348048347432, -0.10151043155247404, 1.9481699171787337, -0.0
12.224349665466494, -0.10803302419274104, 1.9297355062783863, -0.0
12.300946690274571, -0.11452134494458964, 1.9231899545818862, -0.0
12.377498434984696, -0.12100583014538487, 1.9193160566390597, -0.0
12.453621769638504, -0.12745402592285504, 1.907160032059845, -0.0
12.529608008845056, -0.13389060872661443, 1.9080951108736308, -0.0
12.605456056662767, -0.14031548572250221, 1.910499599251937, -0.0
12.681579455829327, -0.14676368696466807, 1.9028853860539674, -0.0
12.75743014637834, -0.1531887878189679, 1.896874165108202, -0.0
12.833369790327223, -0.1596214236681553, 1.906759283996794, -0.0
12.910313647947136, -0.1661391236620318, 1.9667379107667646, -0.0
12.992728927007786, -0.17312029253560696, 2.0904354795618487, -0.0
13.077927324321061, -0.1803372116091228, 2.1672455249799625, -0.0
13.168466809544796, -0.1880065593717908, 2.319262623563986, -0.0
13.26456244640911, -0.19614655327352642, 2.434010152284264, -0.0
13.366292810045236, -0.20476384919497043, 2.5865615816190224, -0.0
13.470341182827683, -0.21357749721866304, 2.6378573336895537, -0.0
13.577079798044087, -0.2226190281902309, 2.6234304034197167, -0.0
13.680087043231966, -0.23134448519352693, 2.5917713064386856, -0.0
13.783834804093757, -0.24013266921822043, 2.653887256211595, -0.0
13.888456543415847, -0.24899488552543167, 2.6335826876836763, -0.0
13.994793462482136, -0.2580023899343066, 2.6378573336895537, -0.0
14.098347419466409, -0.2667741573720185, 2.6187550093507883, -0.0
14.202458828789789, -0.2755931450456216, 2.6065989847715736, -0.0
14.306189459373313, -0.2843798780121277, 2.5765428800427466, -0.0
14.408068350716166, -0.29300975530215867, 2.5522308308843176, -0.0
14.508283946216851, -0.3014987394314405, 2.525647876035266, -0.0
14.607933342286586, -0.3099397623830298, 2.486908896607, -0.0
14.706166064263387, -0.31826078281573794, 2.4617953513224684, -0.0
14.803252086639732, -0.32648466951730665, 2.4279989313384984, -0.0
14.898905213398956, -0.33458717961983525, 2.3891263692225486, -0.0
14.993297176815293, -0.3425828600862307, 2.3562650280523645, -0.0
15.08600250913103, -0.3504356707270924, 2.317258883248731, -0.0
15.177634677741878, -0.3581975766578299, 2.291744589901149, -0.0
15.268031023377096, -0.3658547994644058, 2.261154154421587, -0.0
15.357564148758431, -0.37343890128618207, 2.2365749398877903, -0.0
15.447442862020742, -0.3810522768953586, 2.2122628907293613, -0.0
15.533266521480504, -0.38832216018478943, 2.1919583222014425, -0.0
15.62079791955631, -0.39573670125863125, 2.182741116751269, -0.0
15.707198714159343, -0.4030554720595039, 2.1756612343040342, -0.0
15.793411545069388, -0.4103583209791694, 2.1593641464066256, -0.0
15.879570813463754, -0.4176566327672313, 2.154688752337697, -0.0
15.965424715305861, -0.4249290778046863, 2.1524178466470745, -0.0
16.050547887580706, -0.43213962477459733, 2.1176863478493186, -0.0
16.135078531716523, -0.4392999803352445, 2.1155490248463797, -0.0
16.220251604699154, -0.4465147542552055, 2.1290408763024313, -0.0
16.304677823943, -0.45366626427393675, 2.1338498530590435, -0.0
16.389176189327966, -0.46082388559145243, 2.1289072936147475, -0.0
16.474483433310358, -0.46805002476331775, 2.144002137323003, -0.0
16.562382728114304, -0.4754957293449032, 2.236842105263158, -0.0
16.653917473715794, -0.4832493828437097, 2.3076409297355065, -0.0
16.746462537208295, -0.4910886175586882, 2.327144002137323, -0.0
16.839392535644706, -0.4989604590412396, 2.332888057707721, -0.0
16.931976306409638, -0.5068029725415178, 2.3352925460860274, -0.0
17.025918562195876, -0.5147605595263985, 2.341170184344109, -0.0
17.11834471094511, -0.5225897213044923, 2.3372962864012825, -0.0
17.211958102650595, -0.5305194511285364, 2.3372962864012825, -0.0
17.30463860113024, -0.5383701581642716, 2.3398343574672724, -0.0
17.39791182411211, -0.5464795398464336, 2.3355597114613946, -0.577300650127557
17.49027928468337, -0.5565260155665528, 2.3128506545551697, -0.8749228444910142
17.5800427116582, -0.5694282191483234, 2.263558642799893, -0.9307308135872079
17.668718014911974, -0.5856764393550874, 2.242853326208923, -1.0948535756158622
17.755586344437507, -0.6058399405175765, 2.22201442693027, -1.4540242635495872
17.840463823386187, -0.6307596800355529, 2.205850921720545, -1.4434473165801571
17.9229550082572, -0.6602484307434451, 2.1874165108201975, -1.4313843522679144
18.003214817637556, -0.694236782265476, 2.1731231632380443, -1.6900243192428364
18.080997081598603, -0.7334661593592051, 2.164173123163238, -1.829868507943041
18.15438387954618, -0.7776509145553503, 2.1488111140796153, -2.210747536563533
18.223914614943187, -0.8282643595468387, 2.1445364680737375, -2.3889565927397394
18.287840775773407, -0.8848241672038178, 2.1188885920384717, -2.3603855409267314
18.34567357019205, -0.9467408360753292, 2.1366550895004006, -2.3801769466097005
18.397255741523942, -1.0136206302018365, 2.1178199305370025, -2.3591950804345228
18.442724697288163, -1.0857201058551857, 2.1128773710927065, -2.353689200658058
18.480632122928604, -1.160717079283851, 2.1187550093507883, -2.3602367333652055
18.511485299989783, -1.239269268304995, 2.1139460325941757, -2.3548796611502665
18.534940950527222, -1.3208092850717668, 2.0992519369489715, -2.3385108293823973
18.550521762214895, -1.4032078622152773, 2.1028586695164306, -1.635380061072088
18.560257938477115, -1.485914723217351, 2.09484370825541, -1.464489602795319
18.56519601943445, -1.5702033838451972, 2.0953780390061447, -1.4648631494354913
18.56524616862405, -1.653590604892707, 2.1008549292011756, -0.0
18.56417315068231, -1.7372318861584115, 2.0908362276248997, -0.0
18.563110146995708, -1.820092560597374, 2.038471814052899, -0.0
18.56205195778227, -1.902577948949903, 2.07921453379642, -0.0
18.56099221719746, -1.98518426602551, 2.067726422655624, -0.0
18.559935740093064, -2.0675361962237595, 2.054368153887256, -0.0
18.558875981551232, -2.1501439130409867, 2.0443494523109806, -0.0
18.557837787758867, -2.2310706670287277, 2.039273310179001, -0.0
18.556795860629453, -2.3122884330136824, 2.030456852791878, -0.0
18.555755998823656, -2.393345207922108, 2.020571733903286, -0.0
18.55471651365849, -2.4743726238570996, 2.0299225220411437, -0.0
18.55368153799337, -2.555048526227744, 2.01415976489447, -0.0
18.552625382515764, -2.6373753857579882, 2.021106064654021, -0.0
18.551601508653093, -2.7171859074621825, 2.026850120224419, -0.0
18.550568507465684, -2.7977079001548972, 2.0170985840235107, -0.0
18.54953101437938, -2.8785800344105086, 2.019903820464868, -0.0
18.548493017648546, -2.959491427537731, 2.023911301095378, -0.0
18.547457765014244, -3.0401889195355425, 2.011488111140796, -0.0
18.546417791707633, -3.1212543858837423, 2.0200374031525516, -0.0
18.54538714684617, -3.201592703995365, 2.024044883783062, -0.0
18.544342814151875, -3.2829979827152633, 2.016831418648143, -0.0
18.543311469038763, -3.3633908851379384, 2.016430670585092, -0.0
18.542274058716195, -3.4442565679960087, 2.023376970344643, -0.0
18.541244412231382, -3.5245170630825586, 2.019770237777184, -0.0
18.54020736320654, -3.6053545829403832, 2.0133582687683678, -0.0
18.539001762989592, -3.6859447080679706, 2.021907560780123, -0.5879894062321406
18.535804051177, -3.766744152677479, 2.025514293347582, -1.3706456379360057
18.52838214683976, -3.8476861162035236, 2.0179000801496128, -0.0
18.519871619731976, -3.9278856772991126, 2.015362009083623, -0.0
18.5113846361552, -4.0078633742457885, 2.017766497461929, -0.0
18.502801709237346, -4.088745200131458, 2.010152284263959, -0.0
18.49434584565909, -4.1684296355455865, 2.014694095645204, -0.0
18.485870377060692, -4.248298820269642, 2.017766497461929, -0.0
18.477387366920514, -4.328239073252232, 2.0065455516965, -0.0
18.468879592806523, -4.4084126913138295, 2.0162970878974087, -0.0
18.460351958932044, -4.488773459249279, 2.0249799625968476, -0.0
18.451828804624252, -4.569092013667584, 2.026850120224419, -0.5673063485174612
18.441761471505465, -4.649174038477573, 2.016029922522041, -0.9841292533171287
18.42879742193633, -4.729142791060302, 2.017766497461929, -0.0
18.415238178966558, -4.808781997860292, 2.025247127972215, -0.0
18.401688355269826, -4.888365881259455, 2.0158963398343577, -0.0
18.38815923500576, -4.967828164584124, 2.015362009083623, -0.0
18.37463932825448, -5.047236333025522, 2.020972481966337, -0.0
18.361116216585646, -5.126663325312224, 2.0109537803900612, -0.0
18.347510796782004, -5.206573748317273, 2.013224686080684, -0.0
18.33406394112888, -5.285552856557763, 2.019102324338766, -0.0
18.3205286654308, -5.365051293367032, 2.0129575207053167, -0.0
18.307015661886947, -5.444418916332193, 2.010018701576276, -0.0
18.293495170250825, -5.523830520051308, 2.018968741651082, -0.0
18.279946752083596, -5.603406148177299, 2.012690355329949, -0.0
18.266405553846464, -5.682939370579954, 2.0113545284531127, -0.0
18.252853005298295, -5.762539258191722, 2.020304568527919, -0.0
18.23938052895605, -5.8416688476473775, 2.014426930269837, -0.23487556036830046
18.224957531053832, -5.920811804070188, 2.011087363077745, -0.8048577143939998
18.20794305940619, -5.999921558304699, 2.031659096981031, -0.0
18.189557636950827, -6.082021736408673, 2.1226289072936146, -0.0
18.170039431579376, -6.169180361191785, 2.2493988779054233, -0.0
18.14994514130996, -6.258911495409523, 2.26743254074272, -0.0
18.129932151210415, -6.348279583390896, 2.3173924659364147, -0.0
18.10977009349916, -6.438313333393399, 2.320598450440823, -0.0
18.08936589988424, -6.529428342250018, 2.3268768367619557, -0.0
18.068969834172943, -6.620507055920222, 2.3351589633983436, -0.0
18.04842240773841, -6.712261671510316, 2.346513491851456, -0.0
18.027995096455378, -6.803479912407104, 2.3434410900347316, -0.0
18.00745475926511, -6.895202870948359, 2.3340903018968744, -0.0
17.987207828277626, -6.985615622908076, 2.3083088431739247, -0.0
17.967270043728472, -7.074647880200946, 2.282928132514026, -0.0
17.947481460344534, -7.163013879088988, 2.259150414106332, -0.0
17.927795412522965, -7.250922005009839, 2.228426395939086, -0.0
17.908707530112984, -7.336159020873454, 2.1916911568260753, -0.0
17.889718741763, -7.4209535318126, 2.1593641464066256, -0.0
17.871139693577465, -7.50391834639536, 2.1184878439754207, -0.0
17.852795637800245, -7.585833801431299, 2.0860272508682876, -0.0
17.834665010126493, -7.666796192410662, 2.0591771306438686, -0.0
17.816820043060613, -7.746482964793798, 2.039941223617419, -0.0
17.799141813277764, -7.825425171167276, 2.021907560780123, -0.0
17.781466128963633, -7.9043560107399315, 2.01055303232701, -0.0
17.764061260401594, -7.982077521479704, 2.000801496126102, -0.0
17.74652691379473, -8.060377216950675, 1.9906492118621426, -0.0
17.729359642622732, -8.137037735587235, 1.9831685813518567, -0.0
17.7120439870999, -8.214360865140716, 1.9694095645204381, -0.0
17.694922664400412, -8.290816200688006, 1.96620358001603, -0.0
17.67762299590855, -8.368067940090226, 1.9595244456318461, -0.0
17.660407840437927, -8.444942286255355, 1.9800961795351322, -0.0
17.64312033078024, -8.522139730334542, 1.987576810045418, -0.0
17.625691584132475, -8.599967868762384, 1.980630510285867, -0.0
17.608526917098686, -8.676616758609262, 1.9746192893401016, -0.0
17.591228327079467, -8.753863682087559, 1.9816991717873365, -0.0
17.573926979530555, -8.831122919325814, 1.9792946834090301, -0.0
17.556568235896954, -8.908638459011677, 1.9740849585893667, -0.0
17.53927884737881, -8.98584429314982, 1.9799625968474486, -0.0
17.52203855111172, -9.062830905642949, 1.9825006679134385, -0.0
17.504789229870468, -9.139857819194571, 1.968207320331285, -0.0
17.4874956919525, -9.217082182494355, 1.9815655890996526, -0.0
17.470100565569673, -9.294760189493559, 1.9902484637990916, -0.0
17.45234750287323, -9.374036562544408, 2.053299492385787, -0.0
17.43346226584401, -9.458368664643166, 2.185279187817259, -0.0
17.41439571909161, -9.543510406041849, 2.1916911568260753, -0.0
17.394968338670687, -9.630263451642158, 2.228960726689821, -0.0
17.37553163533039, -9.717058128776545, 2.236040609137056, -0.0
17.355939640018494, -9.804546262836242, 2.23510553032327, -0.0
17.336421865541386, -9.891702963458922, 2.233101790008015, -0.0
17.316890735459136, -9.97891930359023, 2.235506278386321, -0.0
17.297465132280987, -10.06566441290578, 2.233235372695699, -0.0
17.27803899934834, -10.152411887842186, 2.229762222815923, -0.0
17.25852303174347, -10.239560519869626, 2.225621159497729, -0.0
17.239106868700382, -10.326263474224, 2.22455249799626, -0.0
17.2198277755758, -10.412354342304624, 2.1709858402351054, -0.0
17.2013458006759, -10.49488567573899, 2.1259684744857066, -0.0
17.182829543854584, -10.57757009523163, 2.1100721346513494, -0.0
17.164488410871247, -10.6594724985197, 2.0921720545017366, -0.0
17.146188655505572, -10.741190129889263, 2.0749398877905425, -0.0
17.128202570798834, -10.821507063666632, 2.059310713331552, -0.0
17.110994618098367, -10.898349245832584, 2.046620358001603, -0.0
17.092475486422387, -10.98104650300033, 2.0394068928666846, -0.0
17.07469880828305, -11.060428330906651, 2.033395671920919, -0.0
17.057023218441497, -11.139358748611631, 2.018968741651082, -0.0
17.039408796358554, -11.21801602144391, 2.019102324338766, -0.0
17.021801400902774, -11.296641916844257, 2.014426930269837, -0.0
17.004226996797424, -11.37512048923624, 2.007747795885653, -0.0
16.986512629065487, -11.454224069767076, 2.025514293347582, -0.0
16.96886704398919, -11.533020501071835, 2.0323270104194497, -0.0
16.951010950021875, -11.61275696067819, 2.030456852791878, -0.0
16.933461720739377, -11.69112311479723, 2.0261822067860007, -0.0
16.91565583011628, -11.77063539116756, 2.025514293347582, -0.0
16.89789609465266, -11.849941561487157, 2.028052364413572, -0.0
16.880320758476106, -11.928424296046863, 2.0204381512156027, -0.0
16.862591474731534, -12.007594484092268, 2.016831418648143, -0.0
16.845023327201186, -12.086045117723339, 2.020304568527919, -0.0
16.827245595598498, -12.165431649874506, 2.0162970878974087, -0.0
16.809633361890352, -12.244079150510299, 2.010152284263959, -0.0
16.79214764593743, -12.322161685600035, 2.020304568527919, -0.0
16.774596774762916, -12.40053517159449, 2.012423189954582, -0.0
16.75696942210007, -12.479250185983442, 2.009350788137857, -0.0
16.739276493701272, -12.558258029085703, 2.0208388992786537, -0.0
16.721585887978073, -12.637255500270715, 2.0269837029121027, -0.0
16.703812737259916, -12.716621576463526, 2.018701576275715, -0.0
16.686355345739184, -12.794577628687119, 2.016163505209725, -0.0
16.668660869274536, -12.87359238468368, 2.022575474218541, -0.0
16.65093005312843, -12.952769415674318, 2.0261822067860007, -0.0
16.63336600514374, -13.031201742767744, 2.018968741651082, -0.0
16.615638013677724, -13.11036616013804, 2.014293347582153, -0.0
16.598006696082027, -13.189098879950652, 2.025113545284531, -0.0
16.580346634855022, -13.26795995456476, 2.026449372161368, -0.0
16.562634529827026, -13.34705343098204, 2.017232166711194, -0.0
16.544907091583497, -13.426215377935105, 2.018434410900347, -0.0
16.527272971183944, -13.504960613679629, 2.0232433876569598, -0.0
16.50958763882222, -13.583934536647712, 2.020304568527919, -0.0
16.492049850159052, -13.662249602635004, 2.014026182206786, -0.0
16.474320647564586, -13.741419428304273, 2.0249799625968476, -0.0
16.456043615813577, -13.82303558728093, 2.1187550093507883, -0.0
16.436981545343492, -13.908157339822857, 2.1812717071867485, -0.0
16.41784615537716, -13.993606500870905, 2.2069195832220143, -0.0
16.39842611710696, -14.08032676006757, 2.211327811915576, -0.0
16.379026748474576, -14.16695471891323, 2.2176061982367083, -0.0
16.359549064851638, -14.25393239366497, 2.2229495057440554, -0.0
16.340017046992447, -14.341152698167772, 2.225754742185413, -0.0
16.32056751890937, -14.428004644242732, 2.228159230563719, -0.0
16.300682349101216, -14.516801950197543, 2.230563718942025, -0.0
16.281566033652247, -14.602165933911404, 2.2270905690622493, -0.0
16.262162727680078, -14.688811474963744, 2.2217472615549023, -0.0
16.24283413463428, -14.775123385142154, 2.220277851990382, -0.0
16.22333043378473, -14.862217239924217, 2.223617419182474, -0.0
16.20405567069797, -14.948288772203504, 2.2184076943628104, -0.0
16.184780919156974, -15.034360252925127, 2.1871493454448303, -0.0
16.166514551942434, -15.115928789371178, 2.055703980764093, -0.0
16.148436265349797, -15.196657451041775, 2.0737376436013895, -0.0
16.13036669139219, -15.277347206405521, 2.064386855463532, -0.0
16.112445961244322, -15.357372299136747, 2.055169650013358, -0.0
16.094570831182946, -15.437193764497882, 2.041677798557307, -0.0
16.076791107218188, -15.516589193549885, 2.034330750734705, -0.0
16.058908297439093, -15.596444952721475, 2.031792679668715, -0.0
16.041250065262275, -15.675297859704575, 2.026048624098317, -0.0
16.023641931275403, -15.753927053018508, 2.0109537803900612, -0.0
16.00601907141392, -15.832622004784868, 2.017232166711194, -0.0
15.988275481856055, -15.911856075497205, 2.002003740315255, -0.0
15.970655034339488, -15.990540254927629, 2.015228426395939, -0.0
15.953309842794562, -16.06799527770686, 2.018968741651082, -0.0
15.935639651710284, -16.14690158723946, 2.018033662837296, -0.0
15.91789974589823, -16.226119208170022, 2.013892599519102, -0.0
15.900295621155292, -16.304730498188988, 2.01816724552498, -0.0
15.882626239475927, -16.383633193320687, 2.020972481966337, -0.0
15.865054662971675, -16.462099139048576, 2.017632914774245, -0.0
15.847438865786115, -16.540762552407127, 2.010152284263959, -0.0
15.829658359068858, -16.62016147684358, 2.020304568527919, -0.0
15.812208605210675, -16.698083423054264, 2.020571733903286, -0.0
15.794425458863184, -16.777494134770162, 2.013759016831419, -0.0
15.776878855930484, -16.855848560913586, 2.014026182206786, -0.0
15.75911172304032, -16.935187764471237, 2.0216403954047557, -0.0
15.741403741643415, -17.014262826797243, 2.027117285599786, -0.0
15.723858216871358, -17.09261243840997, 2.019903820464868, -0.0
15.705973167445293, -17.172478198734122, 2.018033662837296, -0.0
15.688473573427293, -17.250622706379406, 2.025113545284531, -0.0
15.670526857516897, -17.330763838637978, 2.023376970344643, -0.0
15.653133751740295, -17.408432822611946, 2.011220945765429, -0.0
15.635492483422315, -17.487209977415024, 2.020972481966337, -0.0
15.61778448541109, -17.566285113932338, 2.0299225220411437, -0.0
15.600166132683226, -17.644959939075356, 2.0166978359604597, -0.0
15.582522829607985, -17.72374618009518, 2.015362009083623, -0.0
15.564824435898416, -17.802778428564725, 2.02872027785199, -0.0
15.547097671543701, -17.881937366264555, 2.0348650814854397, -0.0
15.529332110448927, -17.961269550963557, 2.020571733903286, -0.0
15.511706192287743, -18.03997815957957, 2.021907560780123, -0.0
15.493740014100661, -18.120206200713156, 2.0281859471012558, -0.0
15.476313175897982, -18.198025816971786, 2.0281859471012558, -0.0
15.458654381271412, -18.276881235576536, 2.016831418648143, -0.0
15.440946410124644, -18.35595625213051, 2.019369489714133, -0.0
15.423282418872041, -18.434834876289766, 2.023109804969276, -0.0
15.405669667556738, -18.51348468830241, 2.0158963398343577, -0.0
15.388098052114481, -18.591950807908106, 2.015228426395939, -0.0
15.370372134671605, -18.67110596371971, 2.017232166711194, -0.0
15.35215684977971, -18.75244639184802, 2.0065455516965, -0.0
15.335230569375952, -18.828030765237333, 2.0162970878974087, -0.0
15.317640006451521, -18.906581494901072, 2.023777718407694, -0.0
15.299902806255247, -18.985787033893462, 2.0179000801496128, -0.0
15.282354115380032, -19.064150783752595, 2.013491851456051, -0.0
15.264716544889776, -19.142911425891068, 2.021773978092439, -0.0
15.247035294453333, -19.221867121005342, 2.023109804969276, -0.0
15.22937909657886, -19.300710943803132, 2.0174993320865617, -0.0
15.211770186447472, -19.379343602993515, 2.016564253272776, -0.0
15.193998027754432, -19.458705249294166, 2.018434410900347, -0.0
15.176512565899909, -19.536786649706475, 2.010686615014694, -0.0
15.158866862513134, -19.615583609327135, 2.017365749398878, -0.0
15.141225490086159, -19.694361229029354, 2.017766497461929, -0.0
15.123710804695326, -19.772573127260877, 2.018434410900347, -0.0
15.106243694427864, -19.85057257858717, 2.018033662837296, -0.0
15.088685594184813, -19.928978346016315, 2.014694095645204, -0.0
15.071150196035157, -20.007282737155876, 2.004675394068929, -0.0
15.053535952593053, -20.08593921226677, 1.995057440555704, -0.0
15.036165474372396, -20.16350715279843, 1.999599251936949, -0.0
15.018677346288474, -20.241600459268867, 1.9993320865615816, -0.0
15.001221583714672, -20.319549237423363, 1.9906492118621426, -0.0
14.983998229681456, -20.39646019430281, 1.9819663371627037, -0.0
14.966671208808162, -20.47383407587461, 1.9899812984237242, -0.0
14.949275488130379, -20.551514736700348, 1.9895805503606732, 0.14559771645135322
14.932566759824816, -20.629298635727718, 1.9784931872829281, 1.2947558785307383
14.919783641069854, -20.7075844451259, 1.9803633449104996, 1.9005369817074307
14.91139997442648, -20.78644764004959, 1.988912636922255, -0.0
14.903022816918321, -20.865249605057894, 1.987576810045418, -0.0
14.89462357783432, -20.944259286295132, 1.9834357467272241, -0.0
14.886259858714565, -21.02293483952094, 1.9808976756612342, -0.0
14.877856048398465, -21.10198752127136, 1.987977558108469, -0.0
14.869489923652452, -21.180685703661787, 1.9883783061715201, -0.0
14.861110575811782, -21.259508272616674, 1.9762222815923056, -0.0
14.852737175701094, -21.338274892664135, 1.979027518033663, -0.0
14.844346422177878, -21.41720475221205, 1.9850387389794282, -0.0
14.835957963511131, -21.496113024580914, 1.9858402351055304, -0.0
14.827539993543377, -21.57529890286884, 1.9779588565321935, -0.0
14.819093498049982, -21.65475311411711, 1.981031258348918, -0.0
14.810784401466814, -21.732914845893042, 1.987176061982367, -0.0
14.80245926924361, -21.81122742119123, 1.9778252738445097, -0.0
14.793805370722175, -21.889936296937368, 1.9743521239647341, -0.46650111814381257
14.784091298958991, -21.96886608053102, 1.985573069730163, -0.0
14.774311371526114, -22.048330961443696, 1.9870424792946835, -0.0
14.764866434551896, -22.125073943130946, 1.9273310179000802, -0.0
14.755314910979182, -22.20268297330522, 1.978092439219877, -0.0
14.745660854543564, -22.281125114133552, 1.9655356665776116, -0.0
14.736203091396982, -22.357972312367036, 1.9464333422388458, -0.0
14.726703100288006, -22.43516262562114, 1.9332086561581618, -0.0
14.717321612506415, -22.511390063346468, 1.924926529521774, -0.0
14.707882036918253, -22.588089482143573, 1.9222548757681004, -0.45419154872053197
14.697313270078705, -22.66361821718801, 1.906759283996794, -0.7631045509970079
14.685056650785173, -22.73874922882975, 1.9070264493721614, -0.0
14.672796438124065, -22.813902267209436, 1.9084958589366818, -0.0
14.660577669040402, -22.888801263440552, 1.8921987710392734, -0.0
14.64806797791632, -22.965483562773613, 1.9058242051830083, -0.0
14.636019357269731, -23.039339577746972, 1.9122361741918248, -0.0
14.623746612526203, -23.114569435680863, 1.9052898744322735, -0.0
14.611454775042708, -23.189916328894576, 1.8990114881111408, -0.0
14.599174937982703, -23.265189661533764, 1.9082286935613144, -0.0
14.58696126902658, -23.340057394842187, 1.9074271974352124, -0.0
14.574672078761681, -23.41538806105183, 1.896874165108202, -0.8633125201719387
14.56029508447166, -23.489847297483152, 1.9012823938017633, -1.2865791310916816
14.542151712037134, -23.56352930596048, 1.8990114881111408, -0.0
14.522987543259188, -23.637245465929958, 1.8932674325407428, -0.0
14.503921392113696, -23.710584595016567, 1.8960726689821, -0.0
14.484766066945811, -23.78426673749322, 1.9028853860539674, -0.0
14.465810767262656, -23.857179469576906, 1.8899278653486509, -0.0
14.446750798479684, -23.930494817823877, 1.893133849853059, -0.0
14.427576137332679, -24.004251337339603, 1.9046219609938553, -0.0
14.408448495127175, -24.077826995590048, 1.901015228426396, -0.0
14.387002643403495, -24.16031979006824, 1.8971413304835694, -0.0
14.37013004628345, -24.22522127798632, 1.903018968741651, -0.0
14.351054189285668, -24.298597741233802, 1.9096981031258349, -0.0
14.331962041743058, -24.372036867069074, 1.900213732300294, -0.0
14.312790662111107, -24.445780764034268, 1.8958055036067325, -0.0
14.293657660903508, -24.51937703601757, 1.9050227090569063, -0.0
14.27451675133995, -24.593003727980978, 1.9011488111140795, -0.0
14.255399652911033, -24.666538828942944, 1.8940689286668448, -0.0
14.236266524810294, -24.740135589028558, 1.898076409297355, -0.0
14.217196080902374, -24.813491230491227, 1.9032861341170184, -0.0
14.198077907429427, -24.88703046667651, 1.898477157360406, -0.0
14.178959731857029, -24.960569710937463, 1.8920651883515895, -0.0
14.159335583125563, -25.03605521223499, 1.9040876302431204, -0.0
14.140655632758088, -25.107908796153293, 1.910900347314988, -0.0
14.121432256349182, -25.18185270193559, 1.9050227090569063, -0.0
14.102296818832222, -25.255458345333466, 1.8982099919850388, -0.0
14.083152449897138, -25.32909834398331, 1.9094309377504675, -0.0
14.064048188046106, -25.402584068254864, 1.9062249532460593, -0.0
14.044848791270047, -25.476435734896945, 1.9015495591771308, -0.0
14.025737719270962, -25.549947654823992, 1.8974084958589368, -0.0
14.006504422605413, -25.623929719486753, 1.9088966069997328, -0.0
13.98744980278976, -25.697224492600252, 1.8986107400480898, -0.0
13.968394584642205, -25.7705215672344, 1.8913972749131713, -0.0
13.949167415532948, -25.84448006187307, 1.907160032059845, -0.0
13.930103116441568, -25.917812066919044, 1.907560780122896, -0.0
13.910746879862286, -25.99226702756036, 1.9004808976756613, -0.0
13.89164793801431, -26.065732288111253, 1.901816724552498, -0.0
13.872538299681526, -26.13923869335224, 1.9074271974352124, -0.0
13.853418402002687, -26.21278456180208, 1.90515629174459, -0.0
13.834057639763813, -26.287256930672804, 1.8974084958589368, -0.0
13.816150524489151, -26.356137756628485, 1.9023510553032328, -0.0
13.795555415356011, -26.43535811713765, 1.9047555436815389, -0.0
13.785418813455635, -26.474349183011324, 1.898477157360406, -0.0
13.757607916056882, -26.58132551917784, 1.8950040074806305, -0.0
13.735329046828204, -26.66702256698773, 1.9076943628105798, -0.0
13.719112845795303, -26.729399186776963, 1.9082286935613144, -0.0
13.69972905970972, -26.803960118297425, 1.898877905423457, -0.0
13.68007332606767, -26.879567112906148, 1.8994122361741919, -0.0
13.652311695132608, -26.986353942574326, 1.8978092439219878, -0.0
13.631980011500778, -27.06456102060725, 1.9031525514293348, -0.0
13.612754326474775, -27.138513806627923, 1.9074271974352124, -0.0
13.603311771646318, -27.174835177532156, 1.9031525514293348, -0.0
13.575477025725046, -27.2819032485149, 1.8998129842372429, -0.0
13.554102255684748, -27.36412262290357, 1.9068928666844778, -0.0
13.536265966757334, -27.43273101093594, 1.9019503072401818, -0.0
13.505361366656759, -27.55160746580355, 1.903018968741651, -0.0
13.486396708692425, -27.624556195094335, 1.8938017632914774, -0.0
13.470210938107218, -27.686815762285242, 1.901415976489447, -0.0
13.451098849413158, -27.76033159299236, 1.9004808976756613, -0.0
13.432015641603662, -27.833736331591542, 1.8932674325407428, -0.0
13.400717644154222, -27.954126013682142, 1.890729361474753, -0.0
13.384221369448861, -28.017579954167168, 1.893133849853059, -0.0
13.365591721541673, -28.08924004656219, 1.8847181405289875, -0.0
13.346719133600818, -28.161834622815718, 1.8932674325407428, -0.0
13.32764760956695, -28.235194419049627, 1.8979428266096714, -0.0
13.30855406892306, -28.308638903535094, 1.8831151482767834, -0.0
13.289669296005506, -28.38128035005479, 1.8936681806037938, -0.0
13.2705749651579, -28.45472787410771, 1.8876569596580284, -0.0
13.251689861622953, -28.527370592367653, 1.874966604328079, -0.0
13.232801679812138, -28.600025151406037, 1.875768100454181, -0.0
13.21259773987075, -28.67774085543631, 1.872161367886722, -0.0
13.195185151170245, -28.74471945435193, 1.8588030991183542, -0.0
13.176407050049807, -28.816950581209372, 1.8701576275714666, -0.0
13.157656088369304, -28.889077314533296, 1.864279989313385, -0.0
13.138891936850206, -28.9612547833868, 1.85065455516965, -0.0
13.12013083406838, -29.033420525083898, 1.864279989313385, -0.0
13.101436862627866, -29.105328041926462, 1.874165108201977, -0.0
13.08246206156601, -29.178315787268932, 1.8705583756345177, -0.0
13.063887568147715, -29.249763724512672, 1.8674859738177931, -0.0
13.04504199099192, -29.322254402111604, 1.8661501469409565, -0.0
13.02616037029353, -29.394883723425423, 1.8678867218808441, -0.0
13.007454545886532, -29.466836833436336, 1.8674859738177931, -0.0
12.988378293591682, -29.540214817218427, 1.9247929468340903, -0.0
12.968385574862346, -29.617118045798446, 1.9899812984237242, -0.0
12.94838991802243, -29.694032576002456, 1.9898477157360406, -0.0
12.928132219114469, -29.771955067221143, 2.009751536200908, -0.0
12.907880926915661, -29.84985291463699, 2.015762757146674, -0.0
12.887608620241162, -29.92783159553274, 2.0121560245792147, -0.0
12.867317878824503, -30.00588118680388, 2.013491851456051, -0.0
12.847004833385897, -30.084016571874315, 2.019102324338766, -0.0
12.826433331281327, -30.163146126488652, 2.021773978092439, -0.0
12.806253625651765, -30.24076861174028, 2.017365749398878, -0.0
12.785949531118968, -30.318869566598156, 2.012690355329949, -0.0
12.765618048000906, -30.39707587334247, 2.0121560245792147, -0.0
12.745531604054145, -30.47433962176559, 2.007881378573337, -0.0
12.725161203418356, -30.5526956271478, 2.002137323002939, -0.0
12.70533251128322, -30.628967917292798, 1.997862676997061, -0.0
12.68516572238177, -30.706540717551214, 1.996259684744857, -0.0
12.66490820205304, -30.784462521853843, 2.013759016831419, -0.0
12.64479191287429, -30.8618410718069, 2.0084157093240718, -0.0
12.624427632074575, -30.94017353686131, 2.0068127170718677, -0.0
12.60413878594546, -31.01821583779174, 2.022575474218541, 0.14801228849133471
12.584285690911392, -31.096691064491427, 2.027651616350521, 0.6561866580066783
12.566253731836113, -31.176102989670774, 2.027651616350521, 0.9229185707799049
12.550464569268998, -31.25519966305448, 2.018701576275715, -0.0
12.534690830538015, -31.334219069887563, 2.021373230029388, -0.0
12.51890864521168, -31.413280790402, 2.0204381512156027, -0.0
12.502960934212604, -31.493171720826556, 2.010686615014694, -0.0
12.487262022003117, -31.571816280107953, 2.0200374031525516, -0.0
12.471492607210893, -31.650814025933336, 2.0224418915308577, -0.0
12.455690996599113, -31.72997305847756, 2.013491851456051, -0.0
12.439708588884601, -31.810037803995662, 2.0183008282126638, -0.0
12.424040885165965, -31.888526022635364, 2.02471279722148, -0.0
12.408296608777208, -31.967397836253763, 2.014560512957521, -0.0
12.393263881396376, -32.04697938020399, 2.020170985840235, 2.0551190305798177
12.384072708212228, -32.128412807322015, 2.0208388992786537, 2.2569041049138727
12.382361978988584, -32.208299136130734, 2.009217205450174, -0.0
12.382420610136794, -32.288983177742054, 2.017632914774245, -0.0
12.382478901665964, -32.36919985963921, 2.02070531659097, -0.0
12.382537266470951, -32.449517378536726, 2.008682874699439, -0.0
12.382596106562486, -32.53048895318247, 2.015094843708255, -0.0
12.3826548879101, -32.611379688595484, 2.020972481966337, -0.0
12.382713257619548, -32.69170395666568, 2.020972481966337, -0.0
12.382772256604738, -32.7728941895278, 2.012690355329949, -0.0
12.382830675860845, -32.85328664020569, 2.0216403954047557, -0.0
12.382661751786419, -32.93446842881791, 2.0265829548490517, -0.8110592085733227
12.379951351428106, -33.015120016601465, 2.025915041410633, -1.3936424771786302
12.372734809854366, -33.096008933642075, 2.016163505209725, -0.0
12.364326631500532, -33.1763066612806, 2.02070531659097, -0.0
12.355911942815496, -33.256666562291244, 2.011488111140796, -0.0
12.347535307697795, -33.336663053433895, 2.0158963398343577, -0.0
12.339158048639215, -33.41666550318407, 2.006679134384184, -0.0
12.330759048833793, -33.49687557609532, 2.009484370825541, -0.0
12.32245991282634, -33.57613195419743, 2.011888859203847, -0.0
12.31408695565899, -33.65609332107856, 2.004408228693561, -0.0
12.305640579254476, -33.73675583839455, 2.0162970878974087, -0.0
12.297148049167212, -33.817859121318854, 2.020304568527919, -0.0
12.288881806100761, -33.89680137330391, 2.018835158963398, -0.0
12.280503292960024, -33.97681579948266, 2.012690355329949, -0.0
12.272066465255847, -34.05738712713703, 2.019235907026449, -0.0
12.263619880104743, -34.13805163797361, 2.017632914774245, -0.0
12.25528666424125, -34.21763347717835, 2.010018701576276, -0.0
12.246879115245186, -34.297925194478296, 2.013091103393, -0.0
12.238535047831164, -34.3776106655058, 2.005744055570398, -0.0
12.230088746961727, -34.45827246146518, 2.007347047822602, -0.0
12.221784236739627, -34.53758016307706, 2.010152284263959, -0.0
12.213136487238632, -34.62016578446797, 2.0921720545017366, -0.0
12.204017826055566, -34.707248591384406, 2.189286668447769, -0.0
12.194924502686282, -34.794089423311185, 2.211995725353994, -0.0
12.185648046648982, -34.88267916403597, 2.217739780924392, -0.0
12.176539804190107, -34.96966247260185, 2.200106866150147, -0.0
12.167254594781737, -35.05833580762928, 2.231765963131178, -0.0
12.157902661522666, -35.14764635244997, 2.2411167512690353, -0.0
12.148609586918202, -35.236394799748716, 2.2365749398877903, -0.0
12.13940271245983, -35.32432003950333, 2.214934544483035, -0.0
12.130171467845985, -35.41247801315395, 2.1912904087630243, -0.0
12.121166851919462, -35.49847169296543, 2.173657493988779, -0.0
12.112141243170896, -35.58466585328954, 2.160032059845044, -0.0
12.103212161849205, -35.66993818099942, 2.1461394603259416, -0.0
12.094304257332837, -35.755008271164556, 2.1287737109270637, -0.0
12.085440418372256, -35.83965753724059, 2.1067325674592574, -0.0
12.076816868201048, -35.922012056113154, 2.1029922522041145, -0.0
12.068058786897016, -36.005651341293934, 2.0931071333155225, -0.0
12.059341397363827, -36.08890202188108, 2.0774779588565324, -0.0
12.050741246182247, -36.17103308144806, 2.0694629975955117, -0.0
12.042182910945803, -36.252764800607146, 2.045017365749399, -0.0
12.033754079091253, -36.333259768254784, 2.002003740315255, -0.1246780385717642
12.024924643928024, -36.41396554544742, 2.014293347582153, -0.27864861591169143
12.014956658584126, -36.494976536014335, 2.015094843708255, -0.5640160988193437
12.003747708388218, -36.57476688503767, 2.01816724552498, -0.0
11.992535903672835, -36.65457755381453, 2.016965001335827, -0.0
11.981365956393322, -36.734090262536355, 2.008549292011755, -0.0
11.970181782644461, -36.81370424166573, 1.997061180870959, -0.0
11.959133153530916, -36.892353353116064, 1.9899812984237242, -0.0
11.948107456383548, -36.97083922451687, 1.9891798022976221, -0.0
11.937088242362638, -37.049278946107606, 1.972348383649479, -0.0
11.926035437249777, -37.12795778419933, 1.9807640929735506, -0.0
11.91506095544201, -37.20607908177737, 1.9654020838899278, -0.0
11.904178406472857, -37.28354596006088, 1.9601923590702646, -0.0
11.893609050762965, -37.35878338785781, 1.8800427464600589, -0.4647065516984236
11.880900433026406, -37.43605980898419, 1.9584557841303767, -0.14323786816245224
11.866972798541847, -37.51228951550748, 1.9320064119690088, -0.0
11.853201718596575, -37.58766235673911, 1.9179802297622228, -0.0
11.839563298052283, -37.662309117227046, 1.9039540475554368, -0.0
11.825874631618754, -37.7372308870423, 1.8867218808442425, -0.0
11.812417489801032, -37.810885460081565, 1.8784397542078546, -0.0
11.798826444148002, -37.885272924989806, 1.881244990649212, -0.0
11.785352683364419, -37.95901845811937, 1.872962864012824, -0.0
11.772030930458873, -38.03193201106271, 1.8570665241784665, -0.0
11.758672720411827, -38.10504510379153, 1.8604060913705585, -0.0
11.745317124257383, -38.178143889979914, 1.863478493187283, -0.0
11.731950337675418, -38.25130392440158, 1.8541277050494256, -0.0
11.718169855811123, -38.324565076150726, 1.8598717606198236, -0.9899965899576455
11.701638205424471, -38.39723684153041, 1.8649479027518034, -1.387408941231709
11.681156497211946, -38.46897676765295, 1.8606732567459257, -0.07546171188006198
11.65969322313506, -38.54000166568752, 1.8538605396740582, -0.0
11.638319771020432, -38.61072933061181, 1.836628372962864, -0.0
11.617020217905353, -38.68121245367875, 1.8542612877371092, -0.0
11.595608071748778, -38.752068162459445, 1.848650814854395, -0.0
11.574395112995953, -38.82226473298424, 1.8336895538338231, -0.0
11.553044388959774, -38.89291718760051, 1.832086561581619, -0.0
11.532078110507372, -38.96229745940396, 1.8371627037135987, -0.0
11.510847097162213, -39.03255377503451, 1.8276783328880577, -0.0
11.489705696692244, -39.10251354945237, 1.8192626235639862, -0.0
11.468548907278, -39.17252424798339, 1.8272775848250067, -0.0
11.447457402839616, -39.242318909635, 1.822201442693027, -0.0
11.426479178945836, -39.311738710531394, 1.8148543948704248, -0.0
11.405195818821092, -39.38216824878721, 1.8234036868821801, -0.0
11.384313978330892, -39.45126910387007, 1.8244723483836496, -0.0
11.363284196445884, -39.520859517183595, 1.8128506545551697, -0.0
11.342606797963912, -39.58928384580845, 1.8039006144803633, -0.0
11.321632687921584, -39.65869003340993, 1.794149078279455, -0.0
11.30099850706032, -39.72697134903998, 1.7880042746460059, -0.0
11.279116252392445, -39.799382710931226, 1.8942025113545284, -0.0
11.256720538066926, -39.87349318078234, 1.9724819663371627, -0.0
11.232504060845633, -39.953628803112714, 2.1267699706118086, -0.0
11.20764398457186, -40.03589418239042, 2.1298423724285334, -0.0
11.183961653505815, -40.11426224232207, 2.0406091370558377, -0.0
11.159202838117956, -40.196192535532695, 2.1631044616617685, -0.0
11.134132130506307, -40.27915492260344, 2.1514827678332886, -0.0
11.109557990761795, -40.36047409895039, 2.1401282393801764, -0.0
11.084810643246302, -40.44236644340901, 2.1322468608068395, -0.0
11.05953914195032, -40.52599328413694, 2.1128773710927065, -0.0
11.036135876527315, -40.60343787783642, 2.0876302431204916, -0.0
11.011455124185446, -40.685109849792724, 2.144002137323003, -0.0
10.986985189793113, -40.76608419643259, 2.1116751269035534, -0.0
10.963001647703013, -40.84544900467923, 2.0530323270104196, -0.0
10.939653008449927, -40.922712832940284, 2.004274646005878, -0.0
10.916820078298215, -40.99827010952569, 1.9754207854662036, -0.0
10.894192079192909, -41.07324932421178, 1.9477691691156827, 0.1425379551213362
10.872312868920506, -41.14755618226815, 1.9265295217739782, 0.665592518186968
10.852273542231417, -41.221514085213954, 1.9122361741918248, -0.0
10.832746644713405, -41.2950034168757, 1.9004808976756613, -0.0
10.813132339813594, -41.36882170556019, 1.887389794282661, -0.0
10.793970102438953, -41.44093864152029, 1.881645738712263, -0.0
10.774670203633777, -41.513573665236855, 1.8780390061448036, -0.0
10.75546977541211, -41.58583433216195, 1.8722949505744055, -0.0
10.736317441133979, -41.657913997892976, 1.8610740048089767, -0.0
10.717052026745103, -41.730419239768665, 1.866684477691691, -0.0
10.69808827244319, -41.80178918618026, 1.856799358803099, -0.0
10.679069107076902, -41.87336767171507, 1.8450440822869356, -0.0
10.65993128664156, -41.945392714708134, 1.860138925995191, -0.0
10.640828576616626, -42.0172856199362, 1.866417312316324, -0.0
10.6217138886374, -42.08922360410498, 1.8670852257547421, -0.0
10.602577577934792, -42.161242965230265, 1.8652150681271706, -0.0
10.583408678059989, -42.233384975459536, 1.8576008549292011, -0.0
10.564253694165364, -42.30547461300227, 1.857734437616885, -0.0
10.545126651068708, -42.3774590955624, 1.865482233502538, -0.0
10.526008040419363, -42.44941184267062, 1.866684477691691, -0.0
10.506910698660286, -42.52128454447058, 1.853994122361742, -0.0
10.48739623992969, -42.59472706284962, 1.8578680203045685, -0.0
10.468710639956193, -42.66505017754229, 1.863478493187283, -0.0
10.449608567592026, -42.73694068293886, 1.8553299492385786, -0.0
10.430730851748141, -42.80798682426202, 1.8336895538338231, -0.0
10.412673621787786, -42.87594507314539, 1.720277851990382, -0.0
10.39480453235647, -42.94319525656547, 1.7575474218541276, -0.0
10.375914234682327, -43.014288749512, 1.8730964467005076, -0.0
10.35677609808024, -43.08631498239622, 1.8378306171520171, -0.0
10.337681762297743, -43.15817637122598, 1.87790542345712, -0.0
10.318500516153202, -43.23036484654837, 1.8714934544483035, -0.0
10.29929590261663, -43.30264126487457, 1.877103927331018, -0.0
10.280063660790105, -43.375021662061826, 1.8714934544483035, -0.0
10.260947074507406, -43.44696679048142, 1.8565321934277317, -0.0
10.24203610183951, -43.518138093611135, 1.84410900347315, -0.0
10.222981964247108, -43.58984819685539, 1.8371627037135987, -0.0
10.20429134148166, -43.66019021478771, 1.8322201442693027, -0.0
10.185559814033363, -43.730686177185696, 1.8272775848250067, -0.0
10.166714768926216, -43.80160936243734, 1.8231365215068127, -0.0
10.148021886746237, -43.871959883659216, 1.8192626235639862, -0.0
10.12918255575318, -43.942861563885536, 1.8187282928132513, -0.0
10.110719151903863, -44.01234844513924, 1.8152551429334758, -0.0
10.091793413071436, -44.083575320617896, 1.8115148276783328, -0.0
10.073564651397389, -44.15217912781314, 1.8120491584290677, -0.0
10.055025673140229, -44.22195043278126, 1.7981565589099653, -0.0
10.036370821294083, -44.29215782712835, 1.8093775046753942, -0.0
10.017869301221342, -44.361788158501675, 1.8175260486240983, -0.0
9.999246533083905, -44.431874806052804, 1.8143200641196902, -0.0
9.980561810779692, -44.50219461764373, 1.8111140796152818, -0.0
9.961671040691382, -44.57328988851741, 1.8156558909965268, -0.0
9.94319595217017, -44.642820744945745, 1.822201442693027, -0.0
9.924530545859406, -44.71306786094088, 1.8196633716270372, -0.19239283424431178
9.904980924260103, -44.783472156122265, 1.8179267966871493, -1.3116236426326282
9.881947618502815, -44.85203565442814, 1.8139193160566391, -2.020657877962684
9.853157220121954, -44.91930046426294, 1.8193962062516698, -2.026758987985253
9.819294500423945, -44.98343910082252, 1.8140528987443227, -2.0208066855242097
9.780557641592713, -45.04434452983625, 1.8084424258616083, -2.014556767940114
9.736398262398346, -45.10277208119, 1.8107133315522308, -2.0170864964860575
9.688400889630877, -45.15657084546026, 1.8084424258616083, -2.014556767940114
9.635819998233533, -45.20672890540214, 1.799091637723751, -2.0041402386332883
9.579587636878863, -45.252288961648986, 1.8120491584290677, -2.0185745721013184
9.51984411897499, -45.29318726550958, 1.8196633716270372, -2.027056603108305
9.456685570542763, -45.3293093637519, 1.8072401816724553, -2.0132174998863794
9.390860599511463, -45.360175786839825, 1.8159230563718942, -2.0228899913855747
9.322555510531211, -45.38568386394543, 1.83248730964467, -2.0413421290148093
9.250503788042929, -45.40606258520254, 1.8298156558909966, -2.0383659777842875
9.179577799357444, -45.419919941937046, 1.8244723483836496, -2.0324136753232445
9.10835597015966, -45.42797125268042, 1.8227357734437617, -2.030479177023405
9.034149119109758, -45.43034634771624, 1.8120491584290677, 0.014535187790204443
8.962931507548712, -45.43123425536245, 1.8161902217472616, -0.0
8.889856658901332, -45.43214531816612, 1.8232701041944963, -0.0
8.818113560963708, -45.433039777329036, 1.8056371894202512, -0.0
8.744970777855649, -45.43395168710757, 1.8259417579481698, -0.0
8.671815481240802, -45.43486375289862, 1.8346246326476088, -0.0
8.59904234865669, -45.435771054048494, 1.8314186481432007, -0.0
8.5261121474651, -45.436680313455795, 1.8264760886989047, -0.0
8.451316403806459, -45.43761283156814, 1.8905957787870693, -0.0
8.375762197727203, -45.4385548058328, 1.891530857600855, -0.0
8.300954352067063, -45.4394874748272, 1.8903286134117019, -0.0
8.225518596469119, -45.44042797230704, 1.8917980229762223, -0.0
8.15042869481972, -45.441364157842706, 1.8825808175260486, -0.0
8.074792900539032, -45.442140367439194, 1.875901683141865, -0.7301873302498697
8.000058325307327, -45.440544198153695, 1.8722949505744055, -2.0568707211635275
7.925505618278892, -45.433209717690815, 1.870424792946834, -2.0836034764882165
7.852358814995677, -45.41979487980341, 1.8661501469409565, -2.078841634519382
7.780704442280969, -45.400410471937235, 1.8541277050494256, -1.8006131070582108
7.71028700310981, -45.37664012993851, 1.855597114613946, -0.0
7.639941490528408, -45.35252732335455, 1.8442425861608336, -0.0
7.570248560064964, -45.32863820675185, 1.855597114613946, -0.0
7.499939015860691, -45.30453772929152, 1.8558642799893135, -0.0
7.4300185366682285, -45.28057061427371, 1.85319262623564, -0.0
7.3595114993608215, -45.2564024407682, 1.855196366550895, -0.0
7.288796384163192, -45.23216294299854, 1.8620090836227625, -0.0
7.218554670170338, -45.20808571615802, 1.8660165642532727, -0.0
7.1470279054511145, -45.18356800379854, 1.858535933742987, -0.0
7.0777105438571235, -45.15980762347447, 1.8541277050494256, -0.0
7.007130247797966, -45.13561433857171, 1.864680737376436, -0.0
6.937200673693486, -45.11164410602947, 1.8542612877371092, -0.0
6.866490960376183, -45.08740645989883, 1.8497194763558642, -0.0
6.796717448466169, -45.0634897218493, 1.8529254608602725, -0.0
6.727001045959051, -45.03959255957562, 1.845311247662303, -0.0
6.656717116793149, -45.01550086235503, 1.858936681806038, -0.0
6.586520789147427, -44.991439192899335, 1.8572001068661501, -0.0
6.516279403683661, -44.96736207867095, 1.8463799091637725, -0.0
6.446446714924198, -44.943425056172956, 1.8530590435479561, -0.0
6.376025651396548, -44.91928635248075, 1.861741918247395, -0.0
6.305918634997116, -44.89525529684431, 1.862676997061181, -0.0
6.235487406449104, -44.87111310881941, 1.8526582954849051, -0.0
6.165340704136128, -44.84706844977428, 1.8537269569863746, -0.0
6.09454644819176, -44.8228018243962, 1.8629441624365481, -0.0
6.024463064709917, -44.79877886957458, 1.8592038471814052, -0.0
5.9526699239515946, -44.77416984970062, 1.8519903820464867, -0.0
5.883989194286219, -44.75062769200364, 1.8572001068661501, -0.0
5.8144342367596185, -44.72678586931661, 1.8489179802297622, -0.0
5.743960640907087, -44.70262915876451, 1.8497194763558642, -0.0
5.67360799566783, -44.67851390727124, 1.8640128239380176, -0.0
5.603355988279785, -44.65443315209411, 1.8661501469409565, -0.0
5.53315341410907, -44.63036934147484, 1.857734437616885, -0.0
5.4626579833952915, -44.60620514643984, 1.855196366550895, -0.0
5.391965809139864, -44.581973512291924, 1.8670852257547421, -0.0
5.321289707815756, -44.55774738757126, 1.870959123697569, -0.0
5.250455295018299, -44.533466997357365, 1.861875500935079, -0.0
5.180302386948751, -44.50942021112313, 1.8574672722415175, -0.0
5.109657602794946, -44.4852048212005, 1.86882180069463, -0.0
5.038972846418609, -44.46097572972911, 1.8652150681271706, -0.0
4.9686973659961895, -44.436886928541405, 1.8534597916110072, -0.0
4.898070515802331, -44.41267768596339, 1.863077745124232, -0.0
4.827608238653361, -44.38852485519978, 1.8772375100187015, -0.0
4.756814970584983, -44.36425856844264, 1.87135987176062, -0.0
4.686292584723682, -44.34008513380962, 1.8645471546887524, -0.0
4.615278520219402, -44.31553677001939, 1.8648143200641196, -0.4406194593564021
4.544977896662164, -44.2897962232293, 1.8674859738177931, -1.1181517344368725
4.476397236448414, -44.261573513413545, 1.8565321934277317, -0.0
4.408615450349868, -44.23285946771161, 1.8511888859203847, -0.0
4.34014495462451, -44.203853667530524, 1.8549292011755276, -0.0
4.271606463470395, -44.1748190627994, 1.8633449104995992, -0.0
4.203252842541463, -44.14586277368078, 1.855597114613946, -0.0
4.135088670079793, -44.116986739631564, 1.8515896339834357, -0.0
4.066403587614249, -44.08789003518519, 1.8600053433075074, -0.0
3.9960268988118894, -44.05807672433965, 1.8648143200641196, -0.0
3.9286624311366065, -44.02953946507206, 1.8612075874966605, -0.0
3.8613670666516273, -44.00103147962977, 1.853994122361742, -0.0
3.7922447620696973, -43.971749557051005, 1.854795618487844, -0.0
3.724712648013116, -43.94314127861837, 1.8550627838632112, -0.0
3.6564536822640217, -43.91422508778155, 1.849452310980497, -0.0
3.5872003765397236, -43.88488766986981, 1.8562650280523645, -0.0
3.519782530589409, -43.85632779824105, 1.8566657761154155, -0.0
3.450712662519291, -43.8270680890692, 1.8474485706652417, -0.0
3.382969983995761, -43.79837061030598, 1.8549292011755276, -0.0
3.3148537733569636, -43.76951489407447, 1.860138925995191, -0.0
3.246279319373937, -43.74046505459708, 1.8602725086828746, -0.0
3.177904503756112, -43.711499786882584, 1.8549292011755276, -0.0
3.109680912331827, -43.6825985814871, 1.8505209724819662, -0.0
3.0405686003383536, -43.65332089201664, 1.8606732567459257, -0.0
2.9724798097980787, -43.624476791618925, 1.8681538872562116, -0.0
2.904028559983593, -43.59547914448301, 1.8612075874966605, -0.0
2.8347237450208023, -43.56664839754709, 1.8530590435479561, 1.0890292664774135
2.7654332214506945, -43.54106202853857, 1.8590702644937216, -0.0
2.6953102928974, -43.516093205148344, 1.8648143200641196, -0.0
2.6235051918953345, -43.49052540696269, 1.9082286935613144, -0.0
2.5509963256168966, -43.46470701754737, 1.9070264493721614, -0.0
2.477907679473888, -43.438682184657104, 1.9206518835158963, -0.0
2.4047728133783743, -43.41264089412802, 1.9326743254074272, -0.0
2.3316408273567903, -43.38660062911311, 1.9274646005877638, -0.0
2.259491546500328, -43.36091027805957, 1.9258616083355597, -0.0
2.1865912244127137, -43.33495250212452, 1.9183809778252738, -0.0
2.114507859035237, -43.309285621738674, 1.9153085760085493, -0.0
2.0418742659664217, -43.28342282058435, 1.9054234571199573, -0.0
1.9711357461078078, -43.25823480226174, 1.9027518033662838, -0.0
1.8995932703247387, -43.232760517607915, 1.9042212129308043, -0.0
1.827890798798129, -43.20684797472188, 1.8983435746727224, -0.7389227480012034
1.7572277346356568, -43.179137264343204, 1.8963398343574673, -0.7381427999876914
1.6875535145254448, -43.15001695132483, 1.8946032594175795, -0.0
1.6175693673673486, -43.12076710441812, 1.883248730964467, -0.0
1.548040799539634, -43.09170766671419, 1.8928666844776918, -0.0
1.4783338907707757, -43.06257369148373, 1.886053967405824, -0.0
1.4087918492589542, -43.033508622458804, 1.8843173924659364, -0.0
1.3385997948502257, -43.00417188079809, 1.893133849853059, -0.0
1.2688008068958465, -42.974999421108095, 1.9011488111140795, -0.0
1.1982575020366242, -42.945515874459105, 1.8998129842372429, -0.0
1.1285771717510138, -42.91639300769531, 1.894336094042212, -0.0
1.0588097864828667, -42.887233756335654, 1.8970077477958855, -0.0
0.9888755745170994, -42.858004779823034, 1.898076409297355, -0.0
0.91757471842806, -42.828204614934116, 1.9619289340101522, -0.0
0.8445682771209377, -42.797691601371014, 1.9613946032594176, -0.0
0.772095462025276, -42.76740161667409, 1.979428266096714, -0.0
0.697996091795479, -42.736431813895635, 2.018968741651082, -0.0
0.6229773164939242, -42.705077746127365, 2.023911301095378, -0.0
0.5463633186889609, -42.67305695573832, 2.0534330750734706, -0.0
0.47120217351062244, -42.64164338453579, 2.048223350253807, -0.0
0.395660646298876, -42.61007083281131, 2.040876302431205, -0.0
0.32063146201645437, -42.57871241461357, 2.037937483302164, -0.0
0.24554631217371822, -42.54733060563181, 2.031659096981031, -0.0
0.17066469362306402, -42.51603386247389, 2.027518033662837, -0.0
0.09589949670194678, -42.484785777690455, 2.023376970344643, -0.0
0.021192731029311254, -42.453562114224454, 2.021907560780123, -0.0
-0.053505427767864454, -42.422342047998676, 2.022976222281592, -0.0
-0.12796433265477264, -42.39122197785103, 2.019903820464868, -0.0
-0.2022426527442413, -42.36017738304878, 2.013625434143735, -0.0
-0.2766923918947688, -42.32906114371707, 2.013892599519102, -0.0
-0.35060136939250697, -42.29817091550644, 1.997194763558643, -0.0
-0.42502216736203025, -42.26706677213, 2.0125567726422657, -0.0
-0.4987390858585808, -42.236256814903726, 2.014694095645204, -0.0
-0.5732621362875291, -42.205109935151896, 2.007747795885653, -0.0
-0.647627481049677, -42.174028968421766, 2.0125567726422657, -0.0
-0.7222645611102197, -42.14283443003006, 2.025247127972215, -0.0
-0.7973351914072027, -42.11145868948675, 2.029655356665776, -0.0
-0.8718581956831319, -42.08031182902456, 2.0291210259150416, -0.0
-0.9467716163616408, -42.04900179417975, 2.02471279722148, -0.0
-1.0215724970798732, -42.01773879536728, 2.0174993320865617, -0.0
-1.0959610045719588, -41.986648147783235, 2.0208388992786537, -0.0
-1.1705955892576334, -41.95545465233247, 2.0232433876569598, -0.0
-1.2450343603612837, -41.92434299709166, 2.013892599519102, -0.0
-1.3199528343339293, -41.89303085022454, 2.0170985840235107, -0.0
-1.394418249557346, -41.8619080590843, 2.019770237777184, -0.0
-1.4689580569792975, -41.83075417575381, 2.0117552765161637, -0.0
-1.5427099943926177, -41.79992958238498, 2.013491851456051, -0.0
-1.617519295350947, -41.768663064336465, 2.021506812717072, -0.0
-1.69327988983578, -41.73699895353096, 2.019770237777184, -0.0
-1.7661310452518357, -41.70655084164524, 2.016029922522041, -0.0
-1.8408043402123433, -41.67534116725027, 2.013625434143735, -0.0
-1.915004671969833, -41.644329167640834, 2.019503072401817, -0.0
-1.9904420956950206, -41.612800125927805, 2.0269837029121027, -0.0
-2.064660535582838, -41.58178055803239, 2.0253807106598987, -0.0
-2.1390429107222544, -41.55069247346275, 2.01562917445899, -0.0
-2.213595093593915, -41.5195334178179, 2.016831418648143, -0.0
-2.2880512775864172, -41.48841448486701, 2.026716537536735, -0.0
-2.3629041386334086, -41.457129760896485, 2.0245792145337966, -0.0
-2.4374151321954773, -41.42598792030745, 2.014694095645204, -0.0
-2.511864638108004, -41.394871778457464, 2.022709056906225, -0.279812808683257
-2.5866042049447007, -41.362580693912754, 2.027918781725888, -0.9899328249806076
-2.6593534997197623, -41.32793452102029, 2.0204381512156027, -0.5875620883497045
-2.731276908562621, -41.291733849669164, 2.014560512957521, -0.0
-2.8033392915117, -41.25546322952075, 2.02217472615549, -0.0
-2.87565826661031, -41.21906346076514, 2.0166978359604597, -0.0
-2.9473999171932506, -41.182954272439346, 2.008282126636388, -0.0
-3.019993274547873, -41.146416400915335, 2.0204381512156027, -0.0
-3.0916406787587367, -41.110354648910985, 2.027117285599786, -0.0
-3.1638533273749236, -41.074008396668404, 2.018968741651082, -0.0
-3.2359534551838864, -41.03771877868202, 2.013759016831419, -0.0
-3.308587271021135, -41.001160543492595, 2.02217472615549, -0.0
-3.3806481998578266, -40.96489065523169, 2.027518033662837, -0.0
-3.452945270971546, -40.92850191124495, 2.027651616350521, -0.0
-3.5252428791786268, -40.892112896927024, 2.019903820464868, -0.0
-3.5982266224062314, -40.85537853540184, 2.017766497461929, -0.0
-3.6696838455706824, -40.81941250580094, 2.022575474218541, -0.0
-3.7429564514791087, -40.782532753183446, 2.01816724552498, -0.0
-3.8107456747757333, -40.74841291051761, 1.9054234571199573, -0.0
-3.878268841416373, -40.7144269801582, 1.9020838899278654, -0.0
-3.946522002903264, -40.680073626953536, 1.8930002671653754, -0.0
-4.0136785798461405, -40.64627220944443, 1.879508415709324, -0.0
-4.079968357496854, -40.61290707153898, 1.8527918781725887, -0.0
-4.145705345951961, -40.57982016488422, 1.8323537269569863, -0.0
-4.210432337102961, -40.54724161261726, 1.8124499064921187, -0.0
-4.2746758103562055, -40.514906425796845, 1.7890729361474753, -0.0
-4.338218114182541, -40.482924153338985, 1.7774512423189954, -0.0
-4.402278374965098, -40.4512220933821, 1.772642265562383, 0.9436405392178221
-4.467679400907816, -40.421758419798294, 1.8088431739246593, 1.0630439228208375
-4.536918076092513, -40.39316393611495, 1.9088966069997328, -0.0
-4.606569435427719, -40.364399020369234, 1.8859203847181405, -0.0
-4.677490370842351, -40.33510978967394, 1.9027518033662838, -0.0
-4.748707723447262, -40.30569814334189, 1.9179802297622228, -0.0
-4.819746463311643, -40.27636026126199, 1.9201175527651617, -0.0
-4.890611887169099, -40.247093955966584, 1.9151749933208657, -0.0
-4.961576681773437, -40.21778661211587, 1.9161100721346513, -0.0
-5.031913961703925, -40.18873842195426, 1.9094309377504675, -0.0
-5.1024953584365855, -40.15958941539346, 1.9020838899278654, -0.0
-5.173017179700556, -40.13046501256407, 1.9031525514293348, -0.34606804086776427
-5.243464034598605, -40.099876699857106, 1.903419716804702, -1.5878150816608436
-5.3112845280837595, -40.0670364588846, 1.8978092439219878, -0.0
-5.379778575277618, -40.03402378442703, 1.892733101790008, -0.0
-5.4482229803008195, -40.001035036440236, 1.8952711728559979, -0.0
-5.515150101916945, -39.96877758679586, 1.870825541009885, -0.0
-5.579127481153869, -39.93794185026215, 1.74018167245525, -0.0
-5.645289931600456, -39.90605295586339, 1.7735773443761689, -0.0
-5.71082340829852, -39.87446721343846, 1.897675661234304, -0.0
-5.7784404764917605, -39.84187722421324, 1.8913972749131713, -0.0
-5.847024762340595, -39.808821056642586, 1.8785733368955384, -0.0
-5.914937678155764, -39.776088475153784, 1.8883248730964468, -0.0
-5.983370414031679, -39.74310535144788, 1.8884584557841304, -0.0
-6.052140235212618, -39.709664675828805, 1.890195030724018, -1.0061374522660838
-6.117884314612438, -39.67444012820855, 1.881111407961528, -1.826817995215686
-6.181363791125207, -39.63449218636732, 1.872962864012824, 0.21845991869992482
-6.244374265169596, -39.593617701952695, 1.8689553833823136, -0.0
-6.309685792520746, -39.551250539234175, 1.9286668447769169, -0.0
-6.374900654137752, -39.50894608294825, 1.9369489714133048, -0.0
-6.440515703311356, -39.46638202759895, 1.9483034998664173, -0.0
-6.505720735223511, -39.424083947778584, 1.9458990114881112, -0.0
-6.571675051666926, -39.381299811959444, 1.9420251135452846, -0.0
-6.635726309290789, -39.33975017801066, 1.9312049158429068, -0.0
-6.700514626636538, -39.297722418217376, 1.9235907026449373, -0.0
-6.764427654038825, -39.256262453313674, 1.9130376703179268, -0.0
-6.828376915678872, -39.21477898349576, 1.9031525514293348, -0.0
-6.892439013807259, -39.17322231738225, 1.905957787870692, -0.0
-6.9565360011909885, -39.13165696883443, 1.9028853860539674, 0.1392533550993371
-7.020300834651143, -39.09093954359409, 1.8954047555436815, 0.7170884041235506
-7.085106088840151, -39.05184130228757, 1.8938017632914774, -0.0
-7.150770872347096, -39.01287570140039, 1.8855196366550895, -0.0
-7.215459134520825, -38.974489570032425, 1.9115682607534064, -0.0
-7.283072211460453, -38.934367848310686, 1.95711995725354, -0.0
-7.350080545472038, -38.89460498213244, 1.9568527918781726, -0.0
-7.418209447263965, -38.85417716901363, 1.970745391397275, -0.0
-7.486493016048674, -38.81365757622253, 1.976890195030724, -0.0
-7.554523332250214, -38.77328826397075, 1.9811648410366016, -0.0
-7.623134876906888, -38.73257404970609, 1.9845044082286936, -0.0
-7.691449652116071, -38.692035938966455, 1.983034998664173, -0.0
-7.759042468334829, -38.65192623999301, 1.977691691156826, -0.0
-7.8271943203090455, -38.61148480819466, 1.9750200374031526, -0.0
-7.895779986185656, -38.57078595044473, 1.9800961795351322, -0.0
-7.963355847210287, -38.53068631271403, 1.981432006411969, -0.0
-8.031076045203429, -38.49050102516607, 1.9699438952711728, -0.0
-8.099143046805688, -38.45010994373138, 1.9732834624632647, -0.0
-8.167122237161742, -38.409770969648456, 1.9743521239647341, -0.0
-8.234495991215278, -38.369791262558685, 1.9659364146406626, -0.0
-8.303176903412274, -38.32903588547056, 1.9746192893401016, -0.0
-8.370812373110596, -38.28890087584546, 1.982233502538071, -0.0
-8.43873895101732, -38.24859312208479, 1.9825006679134385, -0.0
-8.507036667291807, -38.20806513414776, 1.978092439219877, -0.0
-8.57498562269023, -38.167744101543185, 1.97528720277852, -0.0
-8.642945258522252, -38.12741673115006, 1.9825006679134385, -0.0
-8.711282324973622, -38.08686539274714, 1.9857066524178466, -0.0
-8.77930353342582, -38.046501485050236, 1.981031258348918, -0.0
-8.84724501129804, -38.00618488962319, 1.9706118087095912, -0.0
-8.915499190375495, -37.96568273673735, 1.9786267699706117, -0.0
-8.983504020121606, -37.92532854819415, 1.9820999198503875, -0.0
-9.051339970607955, -37.88507457290809, 1.9739513759016831, -0.0
-9.119494928652783, -37.84463129796184, 1.9730162970878975, -0.0
-9.187380992815593, -37.80434758512984, 1.9782260219075607, -0.0
-9.255304088299885, -37.764041897844926, 1.9774245257814587, -0.0
-9.323508001552945, -37.723569572789884, 1.9680737376436015, -0.0
-9.391400554225237, -37.68328200966466, 1.9770237777184076, -0.0
-9.459587141362004, -37.642819965958246, 1.9804969275981832, -0.0
-9.52759136703067, -37.602466135875694, 1.9668714934544482, -0.0
-9.595037200436856, -37.56244365676814, 1.9706118087095912, -0.0
-9.663149859190511, -37.522025482297515, 1.9796954314720812, -0.0
-9.73153173428952, -37.481447554362326, 1.9831685813518567, -0.0
-9.79991017634764, -37.440871663599786, 1.9698103125834892, -0.0
-9.867804951428216, -37.40058278169349, 2.0224418915308577, -0.0
-9.937906512353509, -37.358984389089414, 2.058642799893134, -0.0
-10.00845987712318, -37.31711789526976, 2.0710659898477157, -0.0
-10.079489394490922, -37.274968851640196, 2.0710659898477157, -0.0
-10.150626067159065, -37.23275622186223, 2.0629174458990116, -0.0
-10.220871597534803, -37.19107239752678, 2.0538338231365216, -0.0
-10.291082733139847, -37.149408983110256, 2.04541811381245, -0.0
-10.361868806562264, -37.10740439955663, 2.0368688218006947, -0.0
-10.431498085978793, -37.0660862596511, 2.0331285065455518, -0.0
-10.501805534726369, -37.024365692842196, 2.032594175794817, -0.0
-10.57110804710223, -36.983241457087566, 2.0228426395939088, -0.0
-10.64142186545098, -36.941517110545846, 2.023644135720011, -0.0
-10.710064480823876, -36.90078445886217, 2.02070531659097, -0.0
-10.77960815605829, -36.8595171166326, 2.013892599519102, -0.0
-10.848358553593723, -36.81872050681942, 2.005877638258082, -0.0
-10.917448798543363, -36.777722230938096, 2.0014694095645202, -0.0
-10.986055986007855, -36.737010602239124, 2.004274646005878, -0.0
-11.055118070149566, -36.696029037031984, 1.9989313384985306, -0.0
-11.124355440325303, -36.65494345677632, 2.0109537803900612, -0.0
-11.194007054737394, -36.613612063244176, 2.018835158963398, -0.0
-11.263812896325629, -36.57218915102772, 2.025247127972215, -0.0
-11.332752859262582, -36.53128005276359, 2.0162970878974087, -0.0
-11.401811822537233, -36.490300339484584, 2.014694095645204, -0.0
-11.47119679384574, -36.448320057927326, 2.0216403954047557, -1.7552716185314716
-11.537320627470658, -36.402068543506566, 2.029655356665776, -2.2609820898273076
-11.60043187118311, -36.351261693718975, 2.026850120224419, -0.0
-11.663447998252991, -36.300531416292934, 2.0158963398343577, -0.0
-11.727146874266111, -36.24925150110092, 2.0200374031525516, -0.0
-11.78971828772128, -36.198879234331805, 2.024846379909164, -0.0
-11.852560017460705, -36.14828935310857, 2.023777718407694, -0.0
-11.915299649001783, -36.09778166465357, 2.0162970878974087, -0.0
-11.98047979777692, -36.04530927093813, 2.0200374031525516, -0.0
-12.04131515341587, -35.9963345939407, 2.02471279722148, -0.0
-12.10376807513613, -35.94605771733382, 2.016430670585092, -0.0
-12.16680771365793, -35.89530851233266, 2.011488111140796, -0.0
-12.230236804480581, -35.84424578404492, 2.02070531659097, -0.0
-12.292823199015906, -35.79386145696065, 2.026048624098317, -0.0
-12.355613387092477, -35.74331306865323, 2.02070531659097, -0.0
-12.419110689086855, -35.69219542788791, 2.013091103393, -0.0
-12.481636178536164, -35.64186013161613, 2.020170985840235, -0.0
-12.544745777169801, -35.5910546061769, 2.023911301095378, -0.0
-12.607793132317802, -35.5402991890106, 2.0158963398343577, -0.0
-12.670623457529103, -35.48971848884787, 2.015094843708255, -0.0
-12.733399044888563, -35.43918185464951, 2.0196366550895, -0.0
-12.796036556664557, -35.388756376324736, 2.019235907026449, -0.0
-12.85873512813313, -35.33828174272356, 2.013491851456051, -0.0
-12.921562379300354, -35.287703517278274, 2.017632914774245, -0.0
-12.984757015302243, -35.23682953366042, 2.018968741651082, -0.0
-13.047481279453205, -35.186334216514155, 2.012823938017633, -0.0
-13.110242018136354, -35.13580953604103, 2.0133582687683678, -0.0
-13.1728548743812, -35.08540390631683, 2.0158963398343577, -0.0
-13.235847888299526, -35.0346922358196, 2.009484370825541, -0.0
-13.298285534647082, -34.9844276564441, 2.012289607266898, -0.0
-13.361255063048851, -34.93373489264307, 2.0179000801496128, -0.0
-13.42390373051805, -34.883300433578974, 2.0162970878974087, -0.0
-13.487210632317332, -34.83233607190534, 2.0113545284531127, -0.0
-13.549092950451664, -34.78251855196731, 1.989313384985306, -0.0
-13.609107051983958, -34.73420501443695, 1.9364146406625702, -0.0
-13.670907591767923, -34.68445332904945, 1.9778252738445097, -0.0
-13.73188344856058, -34.63536554350604, 1.9536468073737643, -0.0
-13.791784397335567, -34.587143098066505, 1.9361474752872028, -0.0
-13.852044564893804, -34.538631468423205, 1.9151749933208657, -0.0
-13.91183604935282, -34.49049714574487, 1.900614480363345, -0.0
-13.974204622315371, -34.440288172960045, 1.8955383382313653, -0.0
-14.035952847616777, -34.39057860263637, 1.8888592038471814, -0.0
-14.091595278864823, -34.34578441890714, 1.8845845578413039, -0.0
-14.148160383503537, -34.30024744949337, 1.970344643334224, -0.0
-14.212553909905337, -34.24840831543834, 1.997194763558643, -0.0
-14.26970302942344, -34.20240119277604, 2.023644135720011, -0.0
-14.343811197497153, -34.14274141835438, 2.03887256211595, -0.0
-14.401212206839165, -34.096531515209655, 2.042078546620358, -0.0
-14.463305310965435, -34.046544304871, 2.0376703179267968, -0.0
-14.528270091448151, -33.994245290474964, 2.034731498797756, -0.0
-14.592700457694747, -33.94237649900312, 2.03125834891798, -0.0
-14.655575567890553, -33.89175974529673, 2.02471279722148, -0.0
-14.701076662871815, -33.8551297066238, 2.021106064654021, -0.0
-14.776933033195082, -33.79406256571931, 2.021106064654021, -0.0
-14.843290798740975, -33.74064214761297, 2.021106064654021, -0.0
-14.906262156179793, -33.6899479113705, 2.0154955917713067, -0.0
-14.972512823594018, -33.63661371116081, 2.012823938017633, -0.0
-15.035556062615349, -33.58586160762639, 2.013759016831419, -0.0
-15.097791290628246, -33.53575998238265, 2.004141063318194, -0.0
-15.153758793923068, -33.49070410381619, 2.0060112209457652, -0.0
-15.219540176244099, -33.43774769519854, 1.992920117552765, -0.0
-15.282226263885438, -33.387283111532966, 2.012022441891531, -0.0
-15.345930229495162, -33.33599909903032, 2.0836227624899815, -0.0
-15.413415153097466, -33.2816712776359, 2.198103125834892, -0.0
-15.481951044541319, -33.226497388851335, 2.2097248196633714, -0.0
-15.552576091793707, -33.16964165355094, 2.254875768100454, -0.0
-15.622185189873818, -33.11360379433651, 2.25834891798023, -0.0
-15.692793205567872, -33.05676177006089, 2.25834891798023, -0.0
-15.762744100697107, -33.000448751773185, 2.2563451776649748, -0.0
-15.833281589131092, -32.943663504510624, 2.2608869890462198, -0.0
-15.903884417540583, -32.886825656188, 2.263024312049158, -0.0
-15.974502743136847, -32.8299753320656, 2.2600854929201177, -0.0
-16.044905122923648, -32.77329885218486, 2.256211594977291, -0.0
-16.11494491825436, -32.7169142659971, 2.257948169917179, -0.0
-16.185351889834735, -32.660234089555296, 2.257013091103393, -0.0
-16.25550609963843, -32.60375739554966, 2.250868287469944, -0.0
-16.325473020833943, -32.547431475694914, 2.247127972214801, -0.0
-16.397140199489602, -32.48973678665902, 2.238845845578413, -0.0
-16.465584367996815, -32.43463673817912, 2.23764360138926, -0.0
-16.53542440675833, -32.37841296330498, 2.250868287469944, -0.0
-16.606434327906893, -32.32124739050053, 2.250467539406893, -0.0
-16.672672538601315, -32.26792321840398, 2.1335826876836763, -0.0
-16.739891665883754, -32.213809372727724, 2.1668447769169115, -0.0
-16.80746747994734, -32.159408381201615, 2.1578947368421053, -0.0
-16.874126386770406, -32.105745533399165, 2.1421319796954315, -0.0
-16.940883034894867, -32.052004000289216, 2.1210259150414106, -0.0
-17.00552493530969, -31.999964916107572, 2.092439219877104, -0.0
-17.072074841103714, -31.94638981810347, 2.0686615014694096, -0.0
-17.134978937865522, -31.895749729155725, 2.0504942559444297, -0.0
-17.198207363425837, -31.844848543712676, 2.0348650814854397, -0.0
-17.260944997424964, -31.794342463351693, 2.017365749398878, -0.0
-17.323513141603314, -31.743972828469488, 2.0038738979428268, -0.0
-17.38601982910731, -31.69365266844848, 1.9969275981832755, -0.0
-17.44806573085002, -31.643703457747762, 1.9935880309911835, -0.0
-17.510460257493424, -31.59347359130458, 1.9762222815923056, -0.0
-17.571711400116435, -31.54416419064145, 1.9811648410366016, -0.0
-17.63252115809716, -31.4952101206912, 1.9652685012022442, -0.0
-17.6945041327716, -31.445311568572333, 1.973550627838632, -0.0
-17.755248617824495, -31.396410045706318, 1.9289340101522843, -0.0
-17.816695408012354, -31.346943141627733, 1.9788939353459791, -0.0
-17.878175025553215, -31.29744981033436, 1.962062516697836, -0.0
-17.938554394703985, -31.248842219067587, 1.9487042479294683, -0.0
-17.999030829371772, -31.200156486524353, 1.9313384985305904, -0.0
-18.058865796067213, -31.15198715906201, 1.9266631044616618, -0.0
-18.11888025589635, -31.103673333089652, 1.9178466470745392, -0.18193583042762668
-18.178042727123625, -31.055488644664816, 1.9099652685012023, -0.2019404451640853
-18.23690078571671, -31.00675658671643, 1.9062249532460593, -0.97256970391481
-18.293570307065167, -30.95654756314083, 1.8955383382313653, -0.0
-18.350126934958634, -30.905194580545466, 1.8971413304835694, -0.0
-18.405673288058228, -30.854758919683007, 1.8924659364146406, -0.0
-18.461565767899895, -30.8040089784042, 1.881244990649212, -0.0
-18.51828844077348, -30.752505228245575, 1.8986107400480898, -0.0
-18.57395740469918, -30.70195823769721, 1.905557039807641, -0.0
-18.63013468200952, -30.65094970251002, 1.907160032059845, -0.0
-18.686534488646405, -30.59973911240798, 1.8996794015495593, -0.0
-18.743246546953074, -30.548245000194367, 1.8994122361741919, -0.0
-18.799496266397096, -30.497170688107655, 1.9050227090569063, -0.0
-18.856072056829582, -30.445800306074428, 1.9106331819396207, -0.0
-18.91260929189112, -30.394464932021116, 1.9084958589366818, -0.0
-18.968779645330983, -30.343462683654995, 1.898877905423457, -0.0
-19.02447015729535, -30.292896127653457, 1.8732300293881914, -0.0
-19.080705686981684, -30.241834699757455, 1.8913972749131713, -0.0
-19.13787760377013, -30.189923039583675, 1.882046486775314, -0.0
-19.194845337705793, -30.138196775867847, 1.881111407961528, -0.0
-19.248267820155117, -30.089689573200303, 1.879107667646273, -0.0
-19.303616765872736, -30.039433156720477, 1.8391664440288538, -0.0
-19.358550088409384, -29.989554122888336, 1.860138925995191, -0.0
-19.413997507104167, -29.93920829370357, 1.8533262089233236, -0.0
-19.469164177775276, -29.889117381562308, 1.8519903820464867, -0.0
-19.525002699083988, -29.838416434215898, 1.9214533796419984, -0.0
-19.5864334779925, -29.782637760033786, 1.9890462196099385, -0.0
-19.642490906672027, -29.73173804648044, 2.000133582687684, -0.0
-19.701172225031197, -29.678455861304055, 1.9969275981832755, -0.0
-19.76021931977441, -29.624841553987736, 1.9951910232433876, -0.0
-19.819505174847322, -29.5710104541307, 1.9910499599251936, -0.0
-19.87802100983298, -29.51787852658311, 1.985172321667112, -0.0
-19.93666771851746, -29.464627766724828, 1.962864012823938, -0.0
-19.99324149609511, -29.41325921234829, 1.910098851188886, -0.0
-20.050331264521716, -29.36142214225445, 1.9269302698370292, -0.0
-20.107061073712877, -29.309911912374414, 1.8912636922254875, -0.0
-20.162759669835516, -29.259338016019424, 1.8796419983970079, -0.0
-20.21754251107774, -29.209595618043796, 1.839967940154956, -0.0
-20.271793525167546, -29.16033611502706, 1.8160566390595778, -0.0
-20.3242277324692, -29.112726258583084, 1.7811915575741384, -0.0
-20.37713554598552, -29.06468637134334, 1.7497996259684745, -0.0
-20.428494573684166, -29.01805276969914, 1.7174726155490248, -0.0
-20.47788807327876, -28.973203852437255, 1.6926262356398611, -0.0
-20.530905383166125, -28.92506454333581, 1.8103125834891798, -0.0
-20.586476984156324, -28.874605957583107, 1.900213732300294, -0.0
-20.642336720642476, -28.82388574701896, 1.8920651883515895, -0.0
-20.69859370573636, -28.772804837778125, 1.9066257013091104, -0.0
-20.755281477616926, -28.721370088730595, 1.8974084958589368, -0.0
-20.810906959652108, -28.670938330143386, 1.889393534597916, -0.0
-20.86624444739072, -28.620767675969255, 1.878306171520171, -0.0
-20.921989781460066, -28.570227255872386, 1.874565856265028, -0.0
-20.978609505050915, -28.518894087566494, 1.87790542345712, -0.0
-21.03320219093078, -28.469398693473916, 1.8714934544483035, -0.0
-21.08908165974737, -28.4187366627241, 1.8690889660699974, -0.0
-21.14388165543134, -28.369053315240187, 1.8674859738177931, -0.0
-21.199338466595478, -28.318774478809118, 1.864279989313385, -0.0
-21.254163379150338, -28.269068540930093, 1.8584023510553032, -0.0
-21.309139612964596, -28.219225410582002, 1.8542612877371092, -0.0
-21.36806450000558, -28.16580231078486, 1.855997862676997, -0.0
-21.419584660807022, -28.119092561640223, 1.8530590435479561, -0.0
-21.474078285282783, -28.06968697963797, 1.8417045150948437, -0.0
-21.52846372393248, -28.020379482205293, 1.851856799358803, -0.0
-21.583214329687536, -27.97074091313732, 1.8387656959658027, -0.0
-21.638530925070768, -27.920909060071544, 1.8450440822869356, 0.839801785335796
-21.695470970245857, -27.87248938041497, 1.8614747528720277, -0.0
-21.75194434243716, -27.82531098259916, 1.8674859738177931, -0.0
-21.809195993877605, -27.777482402819658, 1.8648143200641196, -0.0
-21.866302701198453, -27.729774910750518, 1.8570665241784665, -0.0
-21.923189482881835, -27.68225114667232, 1.8511888859203847, -0.0
-21.980215881130594, -27.63461074557375, 1.858936681806038, -0.0
-22.03669303831901, -27.587429185734976, 1.8501202244189152, -0.0
-22.093756663659693, -27.539757684766073, 1.8487843975420786, -0.0
-22.15047241602349, -27.492376800224985, 1.853994122361742, -0.0
-22.207150239299793, -27.44502760200807, 1.8435746727224152, -0.0
-22.264508994398906, -27.397109546802888, 1.85319262623564, -0.0
-22.32129285718511, -27.3496717621604, 1.8616083355597115, -0.0
-22.378063349379026, -27.302133941781015, 1.855196366550895, -0.803558126446702
-22.433372409404512, -27.253035211527823, 1.8499866417312316, 0.11528850497281946
-22.488666055019003, -27.203043249465566, 1.8620090836227625, -0.0
-22.543550502777443, -27.153421250415658, 1.8621426663104461, -0.0
-22.59907921104314, -27.103216764056786, 1.8529254608602725, -0.0
-22.653815419831197, -27.053728790479447, 1.850253807106599, -0.0
-22.708902318950464, -27.003923751576814, 1.860138925995191, -0.0
-22.763956768326242, -26.954148051060674, 1.8632113278119156, -0.0
-22.819026434427705, -26.904358592833955, 1.8545284531124766, -0.0
-22.874849410953797, -26.853888053341013, 1.853593374298691, -0.0
-22.929465549379735, -26.80450863749976, 1.8562650280523645, -0.0
-22.9844700602518, -26.75477808726726, 1.851856799358803, -0.0
-23.039294318825675, -26.70521050632269, 1.854394870424793, -0.0
-23.094279107216007, -26.65549778753443, 1.860539674058242, -0.0
-23.149553149612775, -26.605523549087707, 1.8529254608602725, -0.0
-23.204084420753237, -26.556220863258897, 1.8482500667913437, -0.0
-23.259390593519093, -26.506217575177725, 1.85973817793214, -0.0
-23.315153173770288, -26.455620415566766, 1.866818060379375, -0.2176648512033819
-23.36927354799125, -26.405684600837642, 1.8572001068661501, -0.21654342942974014
-23.423244883085662, -26.35523899720126, 1.8425060112209457, -0.0
-23.475160736117687, -26.30671459920523, 1.771039273310179, -0.0
-23.528612850522283, -26.25675429764767, 1.8328880577077211, -0.0
-23.581737825575335, -26.207099764736245, 1.7964199839700774, -0.0
-23.633579486679466, -26.1586447120062, 1.7829281325140263, -0.0
-23.685335627122466, -26.110269593214543, 1.766898209991985, -0.0
-23.736397062547216, -26.062543797140837, 1.7514026182206786, -0.0
-23.787193410772645, -26.015065771179962, 1.742185412770505, -0.0
-23.83816590326054, -25.967423107756783, 1.7282928132514026, -0.0
-23.88809901192979, -25.920751929364492, 1.7245524979962596, -0.0
-23.938877485127477, -25.873290610727288, 1.7125300561047287, -0.0
-23.98849675200347, -25.826912772099142, 1.7053165909698103, -0.0
-24.03832883853534, -25.780336016472045, 1.7018434410900347, -0.0
-24.087845448510052, -25.734054128580404, 1.6828746994389527, -0.0
-24.13690560619982, -25.688198874771558, 1.6956986374565857, -0.0
-24.1852788361027, -25.64298567450472, 1.65842906759284, -0.0
-24.233849639870602, -25.597587807083244, 1.6593641464066258, -0.0
-24.282767297657283, -25.55186574422876, 1.6612343040341973, -0.0
-24.33230897395137, -25.505560427500136, 1.729762222815923, -0.0
-24.38484703206816, -25.456454470588962, 1.8218006946299758, -0.0
-24.438190872340552, -25.406595370047604, 1.861875500935079, -0.0
-24.49233778946374, -25.355985654454127, 1.8788405022709056, -0.0
-24.547875709212384, -25.304075804873264, 1.8557306973016297, -0.0
-24.599460157074546, -25.255861162672844, 1.7849318728292813, -0.0
-24.653218583497566, -25.2056145592359, 1.849051562917446, -0.0
-24.706354430476594, -25.155949864617938, 1.7997595511621693, -0.0
-24.75885034095966, -25.106883302004146, 1.7960192359070264, -0.0
-24.81079012457933, -25.05833653671005, 1.770237777184077, -0.0
-24.86171416514604, -25.010739160037833, 1.7340368688218006, -0.0
-24.911703895924003, -24.964015058432725, 1.6966337162703713, -0.0
-24.9623174133112, -24.91670791970267, 1.7679668714934544, -0.0
-25.015050711059004, -24.867419477384693, 1.8248730964467006, -0.0
-25.06817341777152, -24.817767064632193, 1.8117819930537002, -0.0
-25.1208024702825, -24.768576057626657, 1.8183275447502003, -0.0
-25.173720977344853, -24.719114504977888, 1.8123163238044349, -0.0
-25.22660164698714, -24.669688317981866, 1.8282126636387923, -0.0
-25.281726228310806, -24.618164805079868, 1.8748330216403954, -0.0
-25.336745039547804, -24.56674015272781, 1.876302431204916, -0.0
-25.39383878198248, -24.513376116134328, 1.8876569596580284, -0.0
-25.447102484549962, -24.463591918222136, 1.881244990649212, -0.0
-25.501990253886984, -24.41228974732684, 1.879909163772375, -0.0
-25.55696169069219, -24.36090937462442, 1.8917980229762223, -0.0
-25.614506110558086, -24.30712410155377, 1.9333422388458457, -0.0
-25.67131445409701, -24.254026819887656, 1.9511087363077746, -0.0
-25.728525035718825, -24.20055357674382, 1.9524445631846112, -0.0
-25.785737191838557, -24.147078861957716, 1.9436281057974887, -0.0
-25.842357742776596, -24.094157105152973, 1.9384183809778253, -0.0
-25.89903560746744, -24.041181778673657, 1.930269837029121, -0.0
-25.955065178456, -23.98881239546197, 1.9209190488912637, -0.0
-26.01107009044052, -23.93646606038022, 1.9088966069997328, -0.0
-26.06714478712598, -23.88405449935293, 1.9091637723751003, -0.0
-26.12239826766886, -23.83241050770216, 1.903018968741651, -0.0
-26.17811179630021, -23.78033652106453, 1.900614480363345, -0.0
-26.233445060406517, -23.728617957791432, 1.8970077477958855, -0.0
-26.288572169759693, -23.677092082005977, 1.8872562115949774, -0.0
-26.345017950926202, -23.624333677962593, 1.895671920919049, -0.0
-26.399213931515064, -23.57367810402342, 1.8930002671653754, -0.0
-26.45453639429197, -23.521969636472072, 1.881512156024579, -0.0
-26.510206789001767, -23.46993596598942, 1.894336094042212, -0.0
-26.565177132968465, -23.418556614734744, 1.8925995191023244, -0.0
-26.618735956691506, -23.36849657475172, 1.7932139994656693, -0.0
-26.6714438649921, -23.319231863289914, 1.8239380176329147, -0.0
-26.724323093690977, -23.26980702310623, 1.8043013625434143, -0.0
-26.776868982528384, -23.220693747024097, 1.7956184878439754, -0.0
-26.82952971284405, -23.171473131598155, 1.7881378573336895, -0.0
-26.884332540917157, -23.120250353093734, 1.9239914507079883, -0.0
-26.94008700648185, -23.068138103768888, 1.898076409297355, -0.0
-26.99683755640424, -23.015094840293493, 1.9261287737109272, -0.0
-27.05261916089401, -22.962957224921002, 1.9217205450173658, -0.0
-27.112258265074125, -22.907214104884485, 1.9111675126903553, -0.0
-27.16425032715495, -22.85861847627201, 1.9008816457387123, -0.0
-27.219578654372597, -22.80690452738038, 1.892332353726957, -0.0
-27.27459042606968, -22.755486454703245, 1.8827144002137324, -0.0
-27.32975667428267, -22.703923996843145, 1.877504675394069, -0.0
-27.384223843209682, -22.653014950215308, 1.8744322735773444, -0.0
-27.4388067805893, -22.601997697824846, 1.8657493988779055, -0.0
-27.493528875358603, -22.550850378640394, 1.8694897141330484, -0.0
-27.548163485248022, -22.49978482929853, 1.867619556505477, -0.0
-27.60268276481707, -22.448827076208477, 1.8592038471814052, -0.0
-27.65582901723691, -22.399152655895538, 1.8095110873630778, -0.0
-27.707602190754617, -22.35076161673182, 1.785466203580016, -0.0
-27.760107232514265, -22.30168651935122, 1.7884050227090569, -0.0
-27.81199157577932, -22.253191572715114, 1.77397809243922, -0.0
-27.863077854313218, -22.205442556433216, 1.7477958856532194, -0.0
-27.914084587184103, -22.15776788941432, 1.7377771840769436, -0.0
-27.964522462426444, -22.110624918830293, 1.7216136788672187, -0.0
-28.01452363429382, -22.063890123536385, 1.7098584023510552, -0.0
-28.065112771153398, -22.01660577265159, 1.7105263157894737, -0.0
-28.11441978363168, -21.970519790090247, 1.6958322201442693, -0.0
-28.164018992029543, -21.924160699600076, 1.6967672989580551, -0.0
-28.213783411795262, -21.877647190339935, 1.7037135987176062, -0.0
-28.263543115218702, -21.831138089322298, 1.7089233235372696, -0.0
-28.315650703688878, -21.782434481197427, 1.6985038738979428, -0.0
-28.362838714373815, -21.738329074517424, 1.6947635586427998, -0.0
-28.412744155283853, -21.691683756460293, 1.7018434410900347, -0.0
-28.46246433103541, -21.64521160092983, 1.7093240716003206, -0.0
-28.512375536958878, -21.59856089446454, 1.7090569062249532, -0.0
-28.5637219775737, -21.550568711449923, 1.7735773443761689, -0.0
-28.617816003173512, -21.500008432188142, 1.8537269569863746, -0.0
-28.67218734588184, -21.44918895183539, 1.9084958589366818, -0.0
-28.727977450710412, -21.397043391417228, 1.9221212930804168, -0.0
-28.78396506569658, -21.34471322339011, 1.9341437349719477, -0.0
-28.840283769782562, -21.29207359498984, 1.9294683409030189, -0.0
-28.896542393823555, -21.23949012184552, 1.9243921987710393, -0.0
-28.952357292806486, -21.18732138697594, 1.9181138124499064, -0.0
-29.008321934487224, -21.13501269150009, 1.9153085760085493, -0.0
-29.06395838295186, -21.083010749690175, 1.8628105797488645, -0.0
-29.117923671805137, -21.032570797318176, 1.881512156024579, -0.0
-29.172262130392966, -20.981782052897852, 1.8489179802297622, -0.0
-29.22600944312031, -20.931545837143297, 1.8246059310713332, -0.0
-29.278400351472314, -20.882577417291316, 1.7962864012823938, -0.0
-29.330674409766313, -20.833718214150398, 1.7779855730697303, -0.0
-29.382035665494136, -20.78571218383485, 1.754074271974352, -0.0
-29.433194598405198, -20.73789525939566, 1.742185412770505, -0.0
-29.48445871405164, -20.6899800233885, 1.727357734437617, -0.0
-29.534032000133365, -20.64364516181324, 1.723216671119423, -0.0
-29.58386959598077, -20.597063256772156, 1.7085225754742186, -0.0
-29.63370960248924, -20.550479098548855, 1.6999732834624632, -0.0
-29.683372202931512, -20.504060757163, 1.6946299759551162, -0.0
-29.732893911368173, -20.45777410387154, 1.6842105263157894, -0.0
-29.782130954712507, -20.41175351964047, 1.6995725353994122, -0.0
-29.8316274942702, -20.365490391045782, 1.6978359604595243, -0.0
-29.881013820978644, -20.319330275535705, 1.6920919048891263, -0.0
-29.930916261031363, -20.27268776230189, 1.7007747795885653, -0.0
-29.981152966708212, -20.225732819680243, 1.7086561581619022, -0.0
-30.03090286305976, -20.17923288507771, 1.7081218274111676, -0.0
-30.080670438563686, -20.13271642623112, 1.7053165909698103, -0.0
-30.130461909653643, -20.08617763280156, 1.6973016297087897, -0.0
-30.18078188052373, -20.03914486436872, 1.7029121025915042, -0.0
-30.229473202979495, -19.993634351263232, 1.7029121025915042, -0.0
-30.27931334520665, -19.947050066187202, 1.6890195030724018, -0.0
-30.328715746686388, -19.900874926006345, 1.6930269837029122, -0.0
-30.37856469321174, -19.854282411781703, 1.7055837563451777, -0.0
-30.42881275042846, -19.807316859170882, 1.7022441891530857, -0.0
-30.477790930661392, -19.76153822755949, 1.6942292278920652, -0.0
-30.527435739101698, -19.715136515895274, 1.6991717873363612, -0.0
-30.577231315873227, -19.668593884991896, 1.7074539139727491, -0.0
-30.627127642576525, -19.621957085746836, 1.7042479294683408, -0.0
-30.677661439970322, -19.57472445922186, 1.7003740315255143, -0.0
-30.726356189623527, -19.529210742804032, 1.6938284798290142, -0.0
-30.775725539372893, -19.483066495216203, 1.6958322201442693, -0.0
-30.825427132563235, -19.436611708322552, 1.6890195030724018, -0.0
-30.874853213492184, -19.390414435576197, 1.6904889126369222, -0.0
-30.92393771988084, -19.344536423671578, 1.6891530857600854, -0.0
-30.97316018294588, -19.29852946724847, 1.6820732033128507, -0.0
-31.02253170262029, -19.252383191488114, 1.6918247395137591, -0.0
-31.07208455699828, -19.206067426895103, 1.7026449372161367, -0.0
-31.121658311529487, -19.159732127472292, 1.6886187550093508, -0.0
-31.17111055283113, -19.113510403305757, 1.6906224953246058, -0.0
-31.22067405246468, -19.067184688869148, 1.6986374565856266, -0.0
-31.270287060216784, -19.02081270048136, 1.7038471814052898, -0.0
-31.319900565570766, -18.97444024699804, 1.6974352123964733, -0.0
-31.36944847268578, -18.9281291064831, 1.6876836761955651, -0.0
-31.41884169171688, -18.88196254889824, 1.6956986374565857, -0.0
-31.46825035495625, -18.835781556013472, 1.6928934010152283, -0.0
-31.517757720629902, -18.789508308529676, 1.6844776916911568, -0.0
-31.56752908513638, -18.742988308200918, 1.6922254875768101, -0.0
-31.616614697682774, -18.69710926239942, 1.6973016297087897, -0.0
-31.666128150289126, -18.650830325617893, 1.6994389527117286, -0.0
-31.71560925343022, -18.604581625040446, 1.6908896606999733, -0.0
-31.76553993378145, -18.557912716333867, 1.6965001335826877, -0.0
-31.815239348333815, -18.511459965756487, 1.7023777718407693, -0.0
-31.865432318553555, -18.46454590152946, 1.7130643868554636, -0.0
-31.914887480200694, -18.41832144779192, 1.7017098584023511, -0.0
-31.96481356901063, -18.371656830679612, 1.6998397007747796, -0.0
-32.01441519875305, -18.325295477021644, 1.7034464333422388, -0.0
-32.06452701566213, -18.278457264684064, 1.71039273310179, -0.0
-32.11385584206742, -18.232350893212317, 1.7090569062249532, -0.0
-32.16355809236556, -18.185895492137096, 1.6951643067058508, -0.0
-32.2134842323944, -18.139230827151813, 1.7018434410900347, -0.0
-32.26384702818627, -18.092158031378048, 1.7086561581619022, -0.0
-32.31301214152254, -18.046204678255307, 1.7110606465402083, -0.0
-32.36295667633493, -17.9995228201441, 1.7002404488378307, -0.0
-32.41268162214287, -17.953046206165958, 1.6971680470211061, -0.0
-32.46241075373823, -17.906565679841144, 1.7006411969008817, -0.0
-32.51260709048033, -17.8596484690132, 1.709190488912637, -0.0
-32.56235722678092, -17.81314831013654, 1.6987710392733102, -0.0
-32.61158747598699, -17.767134076209857, 1.6931605663905958, -0.0
-32.661364403316995, -17.720608876454577, 1.700507614213198, -0.0
-32.710778494735486, -17.674422809991913, 1.6991717873363612, -0.0
-32.76076065023776, -17.627705788800025, 1.7011755276516163, -0.0
-32.81008332693668, -17.58160516529893, 1.6891530857600854, -0.0
-32.86037914821233, -17.534594968864106, 1.6967672989580551, -0.0
-32.90937967708685, -17.488795448558502, 1.7066524178466471, -0.0
-32.961132118101816, -17.44042378752604, 1.709591236975688, -0.0
-33.00925308249726, -17.395446373269998, 1.7006411969008817, -0.0
-33.058664959170656, -17.349262376871994, 1.6936948971413306, -0.1790741994849236
-33.10811869210721, -17.302296999669842, 1.7085225754742186, -0.7212640575632496
-33.15662677342453, -17.25351036054534, 1.7030456852791878, -1.2669634404242573
-33.201477208380226, -17.203811844067147, 1.6904889126369222, -1.5834971706628422
-33.24382354009714, -17.15056365138365, 1.7017098584023511, -1.8956595262807738
-33.282050550668274, -17.094315441141806, 1.7077210793481166, -1.9023558665494475
-33.315937454778464, -17.035284095130795, 1.6985038738979428, -1.8920881448041476
-33.345453751900315, -16.973416350256183, 1.6906224953246058, -1.8833084986741087
-33.3699187984224, -16.91116959256764, 1.6952978893935347, -0.7156811692365286
-33.392484687307345, -16.84756502932822, 1.682340368688218, -0.6179823391473516
-33.41366907045005, -16.782789404851084, 1.696366550895004, -0.0
-33.43423470951874, -16.71855876282656, 1.6975687950841571, -0.0
-33.454879301764436, -16.654081534093415, 1.691423991450708, -0.0
-33.47566524904532, -16.589162825052593, 1.691423991450708, -0.0
-33.496154557985165, -16.525019818121415, 1.6943628105797488, -0.7338948211297499
-33.514965531502696, -16.459582593471374, 1.7017098584023511, -1.8956595262807738
-33.52902807359553, -16.393397381810825, 1.6947635586427998, -1.8879215330814172
-33.53806297256686, -16.326366456251016, 1.6887523376970344, -1.8812251928127435
-33.54203543552117, -16.258595075950552, 1.6938284798290142, -1.8868798801507347
-33.54088652012077, -16.191011045900094, 1.6803366283729628, -1.8718503164366003
-33.534696976863, -16.124080255602202, 1.6906224953246058, -1.8833084986741087
-33.523006073588, -16.055092802608833, 1.76489446967673, -1.9660455028826112
-33.505145311202476, -15.984172279234555, 1.8410366016564252, -2.050865812952478
-33.48149953254133, -15.914744442824484, 1.8418380977825275, -2.051758658321635
-33.45161046783791, -15.846053074300409, 1.8405022709056906, -2.050270582706374
-33.41693742298275, -15.781576996020105, 1.8481164841036601, -2.0587526137133607
-33.376594102824725, -15.719356113072578, 1.8620090836227625, -2.0742286001120736
-33.331142514348905, -15.66053953832713, 1.861875500935079, -2.0740797925505476
-33.281345244309634, -15.606067028003626, 1.8515896339834357, -2.062621610313039
-33.2267056864491, -15.555391312732246, 1.8641464066257014, -2.0766095210964908
-33.167964694041856, -15.509356029810192, 1.8656158161902217, -0.0
-33.10877354481463, -15.465022279827341, 1.851856799358803, -0.0
-33.048912754124906, -15.420186973149534, 1.8566657761154155, -0.0
-32.98924666242574, -15.375497494631551, 1.8701576275714666, -0.0
-32.92973631853134, -15.330924670112129, 1.86628372962864, -0.0
-32.870214086837024, -15.286342941715082, 1.8553299492385786, -0.0
-32.81063654152847, -15.241719783814192, 1.8557306973016297, -0.0
-32.75105803882478, -15.197095908831153, 1.8584023510553032, -0.0
-32.69196407176219, -15.152834947598745, 1.8574672722415175, -0.0
-32.63244258290547, -15.108253775581776, 1.8501202244189152, -0.0
-32.573194636811145, -15.063877485149234, 1.8554635319262625, -0.0
-32.51375215580148, -15.01935548944804, 1.8467806572268235, -0.0
-32.45455481848256, -14.975017104628506, 1.8483836494790276, -0.0
-32.39544137768316, -14.930741557705666, 1.8526582954849051, -0.0
-32.33619889354606, -14.886369358240254, 1.8438418380977826, -0.0
-32.2769907060706, -14.842022846730597, 1.8511888859203847, -0.0
-32.21802357740616, -14.797856886556714, 1.8466470745391397, -0.0
-32.158792706076355, -14.753493385001413, 1.84410900347315, -0.0
-32.0989650701147, -14.708682910979237, 1.8511888859203847, -0.0
-32.04049907835196, -14.664892298782153, 1.8427731765963131, -0.0
-31.981089946513663, -14.620395281373241, 1.8586695164306706, -0.0
-31.92177759593412, -14.57597075243912, 1.8633449104995992, -0.0
-31.862173292371143, -14.53132755279589, 1.8509217205450175, -0.0
-31.802449468467312, -14.48659483326703, 1.85973817793214, -0.0
-31.74265403344472, -14.4418084775193, 1.8693561314453646, -0.0
-31.682859957852184, -14.39702313997502, 1.8697568795084156, -0.0
-31.623573413305042, -14.352617939575714, 1.8610740048089767, -0.0
-31.563992728995547, -14.307992430585436, 1.8487843975420786, -0.0
-31.507329241211075, -14.265551881054124, 1.7333689553833822, -0.0
-31.450736027997426, -14.22316396667678, 1.7940154955917713, -0.0
-31.393697257853407, -14.180442333326042, 1.77397809243922, -0.0
-31.336910651832472, -14.137909569110864, 1.763959390862944, -0.0
-31.28095674412765, -14.096000490014823, 1.7444563184611275, -0.0
-31.225200980852758, -14.054239819688197, 1.736842105263158, -0.0
-31.17016993579659, -14.013021958155395, 1.7233502538071066, -0.0
-31.11513381537064, -13.971800295206707, 1.7196099385519636, -0.0
-31.060244630135085, -13.930688685671065, 1.7093240716003206, -0.0
-31.004631684486498, -13.889034984731257, 1.7059845044082287, -0.0
-30.950608293533097, -13.848571848958041, 1.7035800160299226, -0.0
-30.89628011412475, -13.8078804287988, 1.6932941490782794, -0.0
-30.842590155832255, -13.767667031718238, 1.6899545818861876, -0.0
-30.788812919940277, -13.727388264336117, 1.6864814320064119, -0.0
-30.734779263747747, -13.686917439971767, 1.6783328880577078, -0.0
-30.680588211642295, -13.646328727187564, 1.7018434410900347, -0.0
-30.62654108990901, -13.605847817228916, 1.7051830082821267, -0.0
-30.572039082873136, -13.565026201412396, 1.6994389527117286, -0.0
-30.51763368984918, -13.524276948803976, 1.6956986374565857, -0.0
-30.462298902959102, -13.482831586796866, 1.704648677531392, -0.0
-30.408581448627956, -13.442597595378821, 1.7013091103393, -0.0
-30.354417911074194, -13.402029490798231, 1.6906224953246058, -0.0
-30.299911218064928, -13.361204365220951, 1.6989046219609938, -0.0
-30.24557975813751, -13.32051048797625, 1.7029121025915042, -0.0
-30.19109475999794, -13.279701611702148, 1.6975687950841571, -0.0
-30.136703840436667, -13.238963199614384, 1.6948971413304836, -0.0
-30.08244128558777, -13.19832093178365, 1.6982367085225756, -0.0
-30.028275023319924, -13.157750786411581, 1.6916911568260753, -0.0
-29.974162895819592, -13.117221187595538, 1.6906224953246058, -0.0
-29.920026309653167, -13.076673269412469, 1.6994389527117286, -0.0
-29.865840246401312, -13.036088293244143, 1.6876836761955651, -0.0
-29.811776322401943, -12.995594798507645, 1.6884851723216672, -0.0
-29.756582047076613, -12.95425467866364, 1.7408495858936681, -0.0
-29.699330219523947, -12.911373466828445, 1.8119155757413838, -0.0
-29.640773464329655, -12.867514873466371, 1.8569329414907827, -0.0
-29.581343359510207, -12.823002147443672, 1.8714934544483035, -0.0
-29.521996193753555, -12.778551542189396, 1.8347582153352926, -0.0
-29.464741494816096, -12.735668179707403, 1.7814587229495058, -0.0
-29.406359661232397, -12.691940601388147, 1.8451776649746192, -0.0
-29.348311002218555, -12.648462568453185, 1.8020304568527918, -0.0
-29.291095940439142, -12.60545702649172, 1.788805770772108, 0.13090499671008937
-29.23420166057776, -12.562306933131412, 1.7783863211327813, -0.0
-29.173519544333224, -12.516284046689533, 1.8987443227357734, -0.0
-29.11197173335461, -12.469604594971003, 1.9461661768634786, -0.0
-29.0503948518664, -12.422903095426115, 1.9233235372695698, -0.0
-28.988712611957098, -12.376121689329683, 1.9328079080951108, -0.0
-28.92728830514069, -12.32953590636208, 1.9235907026449373, -0.0
-28.86615221230268, -12.283168712330063, 1.9058242051830083, -0.0
-28.806211469723266, -12.237708102850696, 1.891130109537804, -0.0
-28.745933385817292, -12.191991644984272, 1.881244990649212, -0.0
-28.685979492459705, -12.146521061614607, 1.884050227090569, -0.0
-28.625998816051325, -12.101030165286504, 1.8781725888324874, -0.0
-28.566517603373335, -12.055918075169657, 1.8720277851990381, 0.4016188933449779
-28.50790860862306, -12.009873280453036, 1.8648143200641196, 1.199580968692895
-28.4513888010234, -11.96090484187018, 1.861875500935079, 1.469042485844643
-28.397126839674005, -11.909495489186945, 1.862676997061181, -0.0
-28.34153821972833, -11.856829221752196, 1.9155757413839167, -0.0
-28.285735454771928, -11.803960067136291, 1.9068928666844778, -0.0
-28.230737191059827, -11.751853120283876, 1.9130376703179268, -0.0
-28.175080479115625, -11.699122340518935, 1.898076409297355, -0.0
-28.120582409544028, -11.647489292072317, 1.8928666844776918, -0.0
-28.065699909784545, -11.595492023339157, 1.898076409297355, -0.0
-28.010495172022935, -11.543189456996268, 1.9046219609938553, -0.0
-27.955140155091705, -11.49074451181856, 1.9040876302431204, -0.0
-27.8999911246638, -11.438494724215959, 1.896473417045151, -0.0
-27.844616087016362, -11.386030810832256, 1.9044883783061715, -0.0
-27.78937690019267, -11.333695606450892, 1.9038204648677532, -0.0
-27.734313287529776, -11.281526746111101, 1.8962062516697835, -0.0
-27.67851076587169, -11.228657822003065, 1.8971413304835694, -0.0
-27.62399781550716, -11.177010675062531, 1.8970077477958855, -0.0
-27.56928688412095, -11.12460101298686, 1.889794282660967, 1.2156498541617755
-27.517018706335993, -11.070125239768904, 1.8925995191023244, -0.0
-27.46520348016038, -11.014756816701608, 1.894336094042212, -0.0
-27.41336020889975, -10.959358425375036, 1.8930002671653754, -0.0
-27.361805478385406, -10.90426836129688, 1.8883248730964468, -0.0
-27.309921523750596, -10.848826496759061, 1.900614480363345, -0.0
-27.258129098882797, -10.793482438585071, 1.8996794015495593, -0.0
-27.206171530414306, -10.737961912190736, 1.8940689286668448, -0.0
-27.15451618069266, -10.682764329005746, 1.8959390862944163, -0.0
-27.102497383493787, -10.627178375158945, 1.8971413304835694, -0.0
-27.0509490618357, -10.57209515942037, 1.8954047555436815, -0.0
-26.999232663724158, -10.516832341490138, 1.891530857600855, -0.0
-26.94743809654528, -10.461485994097421, 1.894736842105263, -0.0
-26.895818890283884, -10.406327032887978, 1.888592038471814, -0.0
-26.844034939099778, -10.350992029475265, 1.887790542345712, -0.0
-26.793568508709235, -10.297064895024675, 1.8160566390595778, -0.0
-26.7437757998037, -10.243857682090688, 1.8549292011755276, -0.0
-26.692773880714004, -10.189358338136623, 1.8501202244189152, -0.0
-26.642733830145946, -10.135886822239522, 1.8235372695698637, -0.0
-26.593232532237415, -10.082991003630324, 1.8071065989847717, -0.0
-26.544061120311177, -10.030447692729371, 1.7753139193160565, -0.0
-26.495954376427807, -9.979042058819811, 1.769837029121026, -0.0
-26.447629945767844, -9.927403810398411, 1.76235639861074, -0.0
-26.399953613409053, -9.876458103215898, 1.7395137590168315, -0.0
-26.352467304151904, -9.82571544985097, 1.7324338765695966, -0.0
-26.305395624785262, -9.775415859363276, 1.723617419182474, -0.0
-26.258271634246753, -9.725060370497657, 1.7229495057440556, -0.0
-26.211514932052555, -9.675097356546008, 1.714133048356933, -0.0
-26.164621591010413, -9.62498833382244, 1.7067860005343307, -0.0
-26.117735527509947, -9.574887087693442, 1.7049158429067592, -0.0
-26.07177827106678, -9.525778340987726, 1.6942292278920652, -0.0
-26.025165889387527, -9.475969544240527, 1.6899545818861876, -0.0
-25.978956795799494, -9.42659169081445, 1.6930269837029122, -0.0
-25.93257010009838, -9.3770240563209, 1.6907560780122897, -0.0
-25.886613740234516, -9.327916267676853, 1.6892866684477692, -0.0
-25.840298065831306, -9.278424524722519, 1.6943628105797488, -0.0
-25.79392449198526, -9.228870911907086, 1.7003740315255143, -0.0
-25.74784255624203, -9.179628936095893, 1.6907560780122897, -0.0
-25.70139093848015, -9.12999192755166, 1.6956986374565857, -0.0
-25.654907969577945, -9.080321417982164, 1.6978359604595243, -0.0
-25.608542031720116, -9.030775964788088, 1.6998397007747796, -0.0
-25.562228302416816, -8.981286300317677, 1.6898209991985038, -0.06853260501707115
-25.51500590261234, -8.931091279925145, 1.6954314720812182, -0.1792578073872269
-25.468808130135834, -8.882744391182385, 1.7077210793481166, -0.36629724081367676
-25.421164271502114, -8.83428644087347, 1.6942292278920652, -0.41877740480255127
-25.372557468204658, -8.786607401917212, 1.6936948971413306, -0.0
-25.323544323836778, -8.739059838182303, 1.7001068661501468, -0.0
-25.2747631687113, -8.691737326796744, 1.71039273310179, -0.0
-25.225971851397105, -8.64440495709008, 1.7097248196633716, -0.0
-25.178179601518412, -8.598041780916649, 1.6506812717071868, -0.0
-25.129719114128207, -8.551030348727851, 1.6906224953246058, -0.0
-25.081533399026544, -8.504285472644979, 1.6733903286134117, -0.0
-25.034026775457182, -8.458199382043642, 1.654688752337697, -0.0
-24.986362314588433, -8.41196017376032, 1.6429334758215335, -0.0
-24.93943201261288, -8.366433171706898, 1.640662570130911, -0.0
-24.8933129465142, -8.321693148127455, 1.587897408495859, -0.0
-24.849444538169845, -8.279136483612188, 1.5237777184076944, -0.0
-24.80541766829161, -8.236426095846173, 1.5267165375367353, -0.09507875511020838
-24.76198255616543, -8.194721145713705, 1.4998664173123164, -0.518122243597533
-24.718504808338373, -8.154566809181805, 1.4746192893401016, -0.573989741410547
-24.674842494941682, -8.116060012681578, 1.4508415709324072, -0.5647343583168721
-24.63085104277261, -8.078995696862421, 1.4346780657226823, -0.0
-24.586578026298096, -8.042120311986782, 1.4226556238311514, -0.0
-24.543712819651617, -8.006417504300913, 1.4135720010686614, -0.0
-24.50061090139611, -7.970517537433619, 1.4032861341170184, -0.0
-24.457665368904284, -7.934747825644562, 1.388191290408763, -0.0
-24.41495375095942, -7.899172943339335, 1.3843173924659364, -0.0
-24.372835907912965, -7.864092621370219, 1.372562115949773, -0.0
-24.330568047092218, -7.828887348277242, 1.375768100454181, -0.0
-24.288471796672255, -7.793825010996672, 1.380309911835426, -0.0
-24.2445504085656, -7.757242500481773, 1.4394870424792947, -0.0
-24.196993103561297, -7.717631602798949, 1.5933742986908896, -0.0
-24.145818362556376, -7.675007710849911, 1.6884851723216672, -0.0
-24.090854826231656, -7.629228097950323, 1.8236708522575473, -0.0
-24.03163926103236, -7.579906932797511, 1.9605931071333156, -0.0
-23.96986913717303, -7.528458053265212, 2.01816724552498, -0.0
-23.907612147680346, -7.476603659064106, 2.0336628372962866, -0.0
-23.84475393556656, -7.42424850125314, 2.033930002671654, -0.0
-23.781624347503925, -7.371667312027182, 2.0472882714400216, -0.0
-23.718489350073643, -7.319081617291328, 2.0661234304034197, -0.0
-23.65525557136945, -7.266413646763491, 2.0637189420251136, -0.0
-23.591768472302387, -7.2135346834770475, 2.0605129575207055, -0.0
-23.528650083589824, -7.160962822288281, 2.0500935078813787, -0.0
-23.465340945898912, -7.108232084597496, 2.0423457119957256, -0.14937342380026825
-23.403203990819126, -7.057314801978382, 2.032861341170184, -0.65778682456583
-23.33875353265739, -7.007145588849634, 2.023911301095378, -0.6991512391117048
-23.274047367481586, -6.9589409534922915, 2.024178466470745, -0.0
-23.209042585212774, -6.9105138551278955, 2.023911301095378, -0.0
-23.144265878576586, -6.862256667971723, 2.009484370825541, -0.0
-23.080133265218286, -6.8144793157974615, 2.010285866951643, -0.0
-23.016127311755717, -6.766796322392129, 1.9886454715468875, -0.0
-22.951442332842714, -6.718607470323291, 2.0158963398343577, -0.0
-22.886866290449962, -6.67049977350792, 2.028853860539674, -0.0
-22.82195164684113, -6.622139826414568, 2.031659096981031, -0.0
-22.756785876829962, -6.573592795808845, 2.02978893935346, -0.0
-22.69133767376067, -6.5248353589374615, 2.0265829548490517, -0.0
-22.62660736428803, -6.476612736622895, 2.021373230029388, -0.0
-22.561669404969063, -6.428235419850749, 2.023911301095378, -0.0
-22.49664331810416, -6.379792450042213, 2.023911301095378, -0.0
-22.431906153452346, -6.3315647207736, 2.0170985840235107, -0.0
-22.367390142988032, -6.283501746392517, 2.014694095645204, -0.0
-22.302835831019824, -6.235410238253888, 2.017766497461929, -0.0
-22.238149674556887, -6.187220508936877, 2.00908362276249, -0.0
-22.17364865448323, -6.1391687020591315, 2.0080149612610207, -0.0
-22.108940552635033, -6.090962623924486, 1.9935880309911835, -0.0
-22.047561008857848, -6.045236246567082, 1.8773710927063854, -0.0
-21.984329756615857, -5.998130388118634, 1.992920117552765, -0.0
-21.921234367240217, -5.9511257444449015, 1.9739513759016831, -0.0
-21.85878590090554, -5.904603043862826, 1.9362810579748864, -0.0
-21.797126723194175, -5.858668345524042, 1.9036868821800694, -0.0
-21.736636302714842, -5.813604344993397, 1.8843173924659364, -0.0
-21.67644535047122, -5.768763441551943, 1.8760352658295485, -0.0
-21.616663873323944, -5.7242275878326225, 1.8673523911301095, -0.0
-21.55683983042706, -5.679660023588763, 1.8590702644937216, -0.0
-21.497516609794364, -5.635465560649218, 1.8497194763558642, -0.0
-21.438732074990313, -5.591672406516513, 1.8368955383382313, -0.0
-21.379769844427706, -5.547746873046809, 1.8334223884584557, -0.0
-21.319629155953038, -5.502943414980884, 1.8283462463264761, -0.0
-21.26383024884629, -5.461374486222534, 1.7666310446166178, -0.0
-21.205303373840835, -5.417773282835229, 1.8205984504408228, -0.0
-21.147642182008603, -5.37481699390989, 1.7988244723483837, -0.0
-21.090215346536937, -5.3320352951936005, 1.7753139193160565, -0.0
-21.033224478421303, -5.289578382336094, 1.777184076943628, -0.0
-20.97640623835535, -5.247250073486638, 1.7765161635052098, -0.0
-20.919847267259627, -5.205114914179203, 1.760753406358536, -0.0
-20.863461770923934, -5.163108989659952, 1.7507347047822601, -0.0
-20.807233853135457, -5.121220457608456, 1.7580817526048624, -0.0
-20.75123098196959, -5.0794995802209595, 1.7506011220945765, -0.0
-20.69536509134035, -5.037880750247352, 1.7403152551429335, -0.0
-20.639378804417213, -4.99617222774708, 1.73764360138926, -0.0
-20.58378462378632, -4.954755815601168, 1.737242853326209, -0.0
-20.52806161391772, -4.913243428575431, 1.7316323804434945, -0.0
-20.4721337039058, -4.871578395558902, 1.7316323804434945, -0.0
-20.41698275506435, -4.830492181111013, 1.740582420518301, -0.0
-20.361457761032508, -4.789127311422761, 1.72855997862677, -0.0
-20.305743240034943, -4.747621248414704, 1.73510553032327, -0.1269024397764199
-20.248342118756216, -4.7052520170762255, 1.78960726689821, -0.20866232640942448
-20.189400811180604, -4.662486129575394, 1.8594710125567726, -0.21680820957073887
-20.128159285552485, -4.618846645540672, 1.8936681806037938, -0.22079548698813178
-20.066059240305766, -4.575526805702971, 1.9138391664440288, -0.3480112880966139
-20.002951691344993, -4.532466042678501, 1.9107667646273043, -0.0
-19.939777754363416, -4.489359980496029, 1.912503339567192, -0.0
-19.876412399952184, -4.446123306671796, 1.907560780122896, -0.0
-19.813928660863386, -4.403488193660863, 1.900614480363345, -0.0
-19.750954717457983, -4.360518594962265, 1.9000801496126103, -0.0
-19.688450301533376, -4.317869373332923, 1.895671920919049, -0.0
-19.625871281321718, -4.275169246263927, 1.8955383382313653, -0.0
-19.563313292875712, -4.232483469995934, 1.887389794282661, -0.0
-19.500374082610517, -4.189537571085149, 1.8833823136521506, -0.0
-19.439123272413703, -4.147743733955119, 1.871226289072936, -0.0
-19.37685978906652, -4.105258910100566, 1.88445097515362, -0.0
-19.314966431220284, -4.063026637434389, 1.878306171520171, -0.0
-19.25245502558694, -4.0203726464518335, 1.8788405022709056, -0.0
-19.19040525745474, -3.9780336488950594, 1.8884584557841304, -0.0
-19.127686357251648, -3.9352380762056556, 1.8932674325407428, -0.0
-19.06537213181431, -3.89271862902702, 1.888592038471814, -0.0
-19.003157083673965, -3.8502668544193144, 1.8843173924659364, -0.0
-18.940285111716047, -3.807366834850437, 1.8950040074806305, -0.0
-18.878209579280213, -3.765010257295843, 1.8962062516697835, -0.0
-18.815583496146, -3.7222780173435477, 1.8843173924659364, -0.0
-18.751485269427686, -3.6785412759162743, 1.9603259417579482, -0.0
-18.68725520052176, -3.6347145733783144, 1.9448303499866417, -0.0
-18.62187491193499, -3.5901030307076196, 1.9679401549559177, -0.0
-18.555723525221637, -3.5449653374536085, 1.983034998664173, -0.0
-18.490287306479477, -3.50031563143785, 1.989313384985306, -0.0
-18.42420280265275, -3.4552235750082576, 1.9877103927331017, -0.0
-18.358617030452262, -3.4104718227851176, 1.9866417312316325, -0.0
-18.292968023968655, -3.365676923323254, 1.988111140796153, -0.0
-18.227228897027068, -3.320820531127973, 1.9903820464867754, -0.0
-18.161880279284418, -3.2762305987200118, 1.9841036601656425, -0.0
-18.09623224679138, -3.2314363638502246, 1.9738177932139995, -0.0
-18.03074631421715, -3.1867527361313237, 1.976890195030724, -0.0
-17.96593147151811, -3.1425270194319395, 1.971546887523377, -0.0
-17.900791013499255, -3.0980791225915936, 1.9654020838899278, -0.0
-17.835393117833707, -3.053455565918464, 1.9774245257814587, -0.0
-17.770258519029714, -3.009011667050895, 1.977290943093775, -0.0
-17.705329697909438, -2.9647081783912985, 1.9668714934544482, -0.0
-17.63954757718766, -2.9198224498486107, 1.9730162970878975, -0.0
-17.574588502703996, -2.875498318129145, 1.98183275447502, -0.0
-17.509308878666978, -2.8309554628404383, 1.9831685813518567, -0.0
-17.44365490709907, -2.786157175506249, 1.9699438952711728, -0.0
-17.3786365917141, -2.7417926213895485, 1.9738177932139995, -0.0
-17.313150433203514, -2.6971088395053893, 1.9837029121025915, -0.0
-17.247706869045963, -2.652454121423774, 1.981432006411969, -0.0
-17.182167155778313, -2.6077337970222603, 1.973550627838632, -0.0
-17.117056147674724, -2.563305995017529, 1.9778252738445097, -0.0
-17.05179967892327, -2.518778939490991, 1.9838364947902751, -0.0
-16.98629062110852, -2.4740795325108387, 1.9746192893401016, -0.0
-16.9204987066761, -2.4291871213341407, 1.973550627838632, -0.0
-16.85548583884048, -2.3848262842946446, 1.9837029121025915, -0.0
-16.79018918709021, -2.3402718103273936, 1.980229762222816, -0.0
-16.724835882585115, -2.2956786799570597, 1.973550627838632, -0.0
-16.65908834143095, -2.250816546413561, 1.9758215335292546, -0.0
-16.59364142725247, -2.2061595424808904, 1.9808976756612342, -0.0
-16.528464987008284, -2.161687093552823, 1.980229762222816, -0.0
-16.463154671400044, -2.117123296197805, 1.9812984237242854, -0.0
-16.397602914528328, -2.0723947539714977, 1.973149879775581, -0.0
-16.332720285440903, -2.028122783952904, 1.9743521239647341, -0.0
-16.267185647529832, -1.9834059226668286, 1.9763558642799892, -0.0
-16.202091837311187, -1.9389898554554843, 1.97274913171253, -0.0
-16.13671023822862, -1.894377418581959, 1.9740849585893667, -0.0
-16.071425658753913, -1.8498311820031934, 1.9751536200908362, -0.0
-16.00665266655201, -1.8056340215442177, 1.9629975955116217, -0.0
-15.941246206540457, -1.7610046210809274, 1.9667379107667646, -0.0
-15.878101656802915, -1.717918610971021, 1.8942025113545284, -0.0
-15.816565628233798, -1.6759301581263546, 1.8401015228426396, -0.0
-15.756317610046295, -1.6348205654296288, 1.8427731765963131, -0.0
-15.695755118692773, -1.593496395321761, 1.8262089233235372, -0.0
-15.635919448752619, -1.5526681640541355, 1.7914774245257814, -0.0
-15.577744649772345, -1.5129732103736675, 1.7663638792412504, -0.0
-15.520296397661722, -1.473774008201463, 1.734304034197168, -0.0
-15.4637327350083, -1.4351783962116968, 1.7066524178466471, -0.0
-15.40797246494126, -1.3971309705854884, 1.6810045418113813, -0.0
-15.35281675974099, -1.3594960633487547, 1.663371627037136, -0.0
-15.298288462632758, -1.3222892613326436, 1.6521506812717073, -0.0
-15.24385273505104, -1.2851456231457437, 1.6469409564520439, -0.0
-15.189438704445516, -1.2480167896591625, 1.6351856799358804, -0.0
-15.135766193696918, -1.2113939243390355, 1.6271707186748596, -0.0
-15.082422544669143, -1.1749954543069743, 1.608869890462196, -0.0
-15.029358031362388, -1.1387874495573147, 1.6112743788405022, -0.0
-14.976341572129279, -1.1026122339923343, 1.5979161100721346, -0.0
-14.922781065758675, -1.0660657936650635, 1.6086027250868287, -0.0
-14.868228609491686, -1.0288425069046188, 1.623697568795084, -0.0
-14.815131177784602, -0.9926120406355519, 1.623697568795084, -0.0
-14.763027249167576, -0.9570594806047974, 1.6198236708522575, -0.0
-14.709568702094382, -0.9205826111167711, 1.6132781191557575, -0.0
-14.655903617984139, -0.8839648132841249, 1.623697568795084, -0.0
-14.602274423262894, -0.8473715041933183, 1.628239380176329, -0.0
-14.5488282596287, -0.81090308441283, 1.6131445364680737, -0.0
-14.495161858490363, -0.7742843879201085, 1.61554902484638, -0.0
-14.441658058767821, -0.7377766407693955, 1.6253005610472884, -0.0
-14.3882503478958, -0.7013344588210986, 1.620090836227625, -0.0
-14.333553194236005, -0.6640124393377946, 1.6752604862409832, -0.0
-14.273911231003403, -0.623316381776287, 1.8033662837296287, -0.0
-14.214925354101677, -0.5830679977258365, 1.8203312850654556, -0.0
-14.154191390515582, -0.5416268253687346, 1.8384985305904356, -0.0
-14.092956932525164, -0.4998441459923519, 1.8519903820464867, -0.0
-14.03182584986166, -0.4581320036678469, 1.8541277050494256, -0.0
-13.970420562597015, -0.4162327607580017, 1.8546620358001602, -0.0
-13.909072698291206, -0.37437269979173193, 1.8565321934277317, -0.0
-13.847811304886507, -0.33257164132266714, 1.853593374298691, -0.0
-13.78645719738668, -0.29070732037953867, 1.858535933742987, -0.0
-13.72511277780602, -0.2488496098847372, 1.8574672722415175, -0.0
-13.663932547569004, -0.2071039322375788, 1.8485172321667112, -0.0
-13.60281864411518, -0.16530010750242852, 1.853994122361742, 0.31703638266253104
-13.54228275296297, -0.12270186741152507, 1.851456051295752, 0.9855959211423523
-13.483032044279632, -0.07876443292289083, 1.8458455784130376, -0.0
-13.423320010109755, -0.03453567312806939, 1.8534597916110072, -0.0
-13.363917632294745, 0.009463723913852931, 1.844509751536201, -0.0
-13.304709156491686, 0.053319497553398126, 1.8397007747795886, -0.0
-13.244266991872374, 0.09808906565789809, 1.8287469943895271, -0.0
-13.18705997728621, 0.14046235509419455, 1.8327544750200373, -0.0
-13.12785620810019, 0.18431464253807936, 1.8505209724819662, -0.0
-13.068164815270904, 0.22852811327253691, 1.8625434143734971, -0.0
-13.008519491294159, 0.2727074607646463, 1.8542612877371092, -0.0
-12.949135800339084, 0.316693016431863, 1.8475821533529255, -0.0
-12.88938806532281, 0.3609482198771411, 1.8533262089233236, -0.0
-12.830109999710965, 0.40485553875341723, 1.8557306973016297, -0.0
-12.770546023833042, 0.44897463163232254, 1.847314987977558, -0.0
-12.710891575102815, 0.4931607378379072, 1.8526582954849051, -0.0
-12.65052159060639, 0.5378768420575901, 1.8569329414907827, -0.0
-12.59134861916498, 0.5817063175831139, 1.8600053433075074, -0.0
-12.531518197510657, 0.6260227670988607, 1.8569329414907827, -0.0
-12.471916644338304, 0.6701696935150453, 1.8534597916110072, -0.0
-12.41259468968635, 0.7141095210445549, 1.8530590435479561, -0.0
-12.353101318419133, 0.758176317021993, 1.845311247662303, -0.0
-12.293673988212836, 0.8021941963235792, 1.8489179802297622, -0.0
-12.23423489069279, 0.8462207916855116, 1.8384985305904356, -0.0
-12.175169924100066, 0.8899702679181699, 1.8493187282928132, -0.0
-12.11558121806427, 0.9341076784482403, 1.8594710125567726, -0.0
-12.056147098164635, 0.9781305868820591, 1.850253807106599, -0.0
-11.999496146244299, 1.0200920001794889, 1.7238845845578412, -0.0
-11.940925621491708, 1.0634752428767504, 1.8398343574672722, -0.0
-11.882506199505537, 1.106746563613001, 1.8079080951108737, -0.0
-11.824726776224535, 1.149543836707205, 1.7869356131445364, -0.0
-11.766965634203528, 1.1923275688549606, 1.77144002137323, -0.0
-11.71095499116434, 1.2338147047627073, 1.7559444296019235, -0.0
-11.654174275344003, 1.2758722343027502, 1.750467539406893, -0.0
-11.598857614081606, 1.3168453372565971, 1.73510553032327, -0.0
-11.54330675866121, 1.3578833720649455, 1.7270905690622496, -0.3140530427724661
-11.4874019447529, 1.3980142080683213, 1.715335292546086, -0.7241400909436817
-11.430529534748151, 1.4364677768768095, 1.7121293080416777, -0.0
-11.373846600372593, 1.474176062860564, 1.7025113545284531, -0.0
-11.317039385966678, 1.5119670260553395, 1.7021106064654021, -0.0
-11.260102032082921, 1.5498445644548453, 1.6978359604595243, -0.0
-11.204030821358788, 1.5871459016691833, 1.6936948971413306, -0.0
-11.147822966048395, 1.6245381416074824, 1.6851456051295752, -0.0
-11.09180565184661, 1.6618036241946632, 1.6820732033128507, -0.0
-11.036004894079872, 1.698925042751385, 1.6707186748597382, -0.0
-10.979715562139468, 1.736371484965894, 1.6911568260753407, -0.0
-10.923816208624071, 1.7735584942816016, 1.6812717071867487, -0.0
-10.867633916363559, 1.8109337284172524, 1.6804702110606466, -0.0
-10.811180767361106, 1.8484891498279303, 1.6932941490782794, -0.0
-10.75406078906277, 1.886488179002896, 1.695965802831953, -0.0
-10.698451819629907, 1.9234820104926853, 1.7001068661501468, -0.0
-10.641465344507317, 1.9613922267650328, 1.6907560780122897, -0.0
-10.585679697649239, 1.9985035927993953, 1.6906224953246058, -0.0
-10.529375997523431, 2.035959593440091, 1.6927598183275447, -0.0
-10.471658093667385, 2.0743563922114174, 1.6800694629975954, -0.0
-10.417143916146486, 2.1106219140792035, 1.6932941490782794, -0.0
-10.361125416995637, 2.1478881849529943, 1.6864814320064119, -0.0
-10.304795646178858, 2.185361529104251, 1.6815388725621159, -0.0
-10.24866427937684, 2.2227028851110804, 1.6970344643334223, -0.0
-10.192628216425788, 2.2599808402917665, 1.6864814320064119, -0.0
-10.136144812841433, 2.2975563885437826, 1.6842105263157894, -0.0
-10.07963544740176, 2.3351492079035108, 1.6978359604595243, -0.0
-10.023154949604779, 2.3727228230823267, 1.7047822602190756, -0.0
-9.966333486287798, 2.410523265356112, 1.7015762757146673, -0.0
-9.910055140413268, 2.447962399097297, 1.6919583222014427, -0.0
-9.853164959912672, 2.4858085554337075, 1.7035800160299226, -0.0
-9.796497518502335, 2.5235065347322174, 1.7110606465402083, -0.0
-9.739360716528946, 2.5615167558462937, 1.7121293080416777, -0.0
-9.681543488839344, 2.5999796297346185, 1.7011755276516163, -0.0
-9.625112672279425, 2.6375201945021276, 1.705850921720545, -0.0
-9.568824800612392, 2.6749656652707063, 1.7083889927865348, -0.0
-9.512036885412169, 2.7127437896811903, 1.7146673791076676, -0.0
-9.455047416622218, 2.750655997488842, 1.7014426930269837, -0.0
-9.39816200944766, 2.788498978373146, 1.6981031258348918, -0.0
-9.341461076566354, 2.826219237851382, 1.7075874966604327, -0.0
-9.28483435891274, 2.863890125696675, 1.715335292546086, -0.0
-9.228051538367101, 2.9016648608914415, 1.7051830082821267, -0.0
-9.171327032548152, 2.939400802251427, 1.6962329682073203, -0.0
-9.132278032336357, 2.9653781247663487, 1.714133048356933, -0.0
-9.08275482116081, 2.9983234094523605, 1.6983702912102592, -0.0
-9.028527581572105, 3.0343980460435485, 1.6995725353994122, -0.0
-8.961629556907353, 3.0789019143347134, 1.7162703713598717, -0.0
-8.914200626462847, 3.110453980098552, 1.713732300293882, -0.0
-8.858140049558601, 3.147748243170984, 1.7063852524712797, -0.0
-8.80129412638238, 3.185564957350547, 1.6971680470211061, -0.0
-8.744269996632898, 3.2235002233394474, 1.7010419449639327, -0.0
-8.687762056281858, 3.2610920946598694, 1.7144002137323002, -0.0
-8.636178446063697, 3.2954080584964136, 1.7059845044082287, -0.0
-8.573178844907938, 3.337318503031694, 1.6987710392733102, -0.0
-8.515595121710005, 3.3756260382056893, 1.7025113545284531, -0.0
-8.459686172901037, 3.4128194307843316, 1.7066524178466471, -0.0
-8.402607532245181, 3.45079096011897, 1.7083889927865348, -0.0
-8.346194776926328, 3.4883195096573667, 1.6920919048891263, -0.0
-8.288675184361194, 3.5265843819687466, 1.7010419449639327, -0.0
-8.230535813099776, 3.565261561663003, 1.705450173657494, -0.0
-8.177213366773675, 3.6007342851126376, 1.7042479294683408, -0.0
-8.120398766210172, 3.6385301619440433, 1.6926262356398611, -0.0
-8.062428079541252, 3.677095124320599, 1.7614213197969544, -0.0
-7.998446393960469, 3.7196588998939943, 1.8120491584290677, -0.0
-7.93974235870144, 3.758711721952944, 1.8191290408763023, -0.0
-7.878981265796712, 3.799133000300256, 1.8244723483836496, -0.0
-7.819358990032202, 3.8387966812705163, 1.8332888057707721, -0.0
-7.758369208592108, 3.8793700945202962, 1.8471814052898745, -0.0
-7.696731600682191, 3.9203744739164312, 1.8499866417312316, -0.0
-7.635513345808405, 3.961099878972427, 1.8509217205450175, -0.0
-7.5740042116569795, 4.00201879128257, 1.8491851456051296, -0.0
-7.512349797326269, 4.04303435113943, 1.8470478226021907, -0.0
-7.450526398129837, 4.084162328070562, 1.855597114613946, -0.0
-7.388598618751286, 4.125359743851353, 1.8565321934277317, -0.0
-7.3257846613809035, 4.167146688976675, 1.8728292813251404, -0.0
-7.262222492851367, 4.209431381098979, 1.9086294416243654, -0.0
-7.198084516759845, 4.252099128835079, 1.9229227892065188, -0.0
-7.133494092183489, 4.295067867637485, 1.9225220411434678, -0.0
-7.070098159704064, 4.337241971333354, 1.9167779855730698, -0.0
-7.00625348648365, 4.3797145995212965, 1.916243654822335, -0.0
-6.942228381748265, 4.422307259659631, 1.9090301896874164, -0.0
-6.877786627350452, 4.4651770957204695, 1.9028853860539674, -0.0
-6.815561156809717, 4.5064138854336635, 1.9052898744322735, -0.2635695476323665
-6.75147674773338, 4.548001911928668, 1.9026182206786, -0.2631999626255203
-6.687021329562816, 4.587935600701826, 1.901015228426396, -1.3077229389904448
-6.6208122097288316, 4.624326042008811, 1.896874165108202, -0.0
-6.553813333706373, 4.660006039326176, 1.8908629441624365, -0.0
-6.486853877990131, 4.695665043508976, 1.8944696767298959, -0.0
-6.420142362337628, 4.731192008151201, 1.8920651883515895, -0.0
-6.353226241785609, 4.766827934356652, 1.8780390061448036, -0.0
-6.286967402237559, 4.802113828056326, 1.8887256211594978, -0.0
-6.220530262319791, 4.837494674941649, 1.8720277851990381, -0.0
-6.154042278311777, 4.872902598654395, 1.8909965268501203, -0.0
-6.086933688239413, 4.908641023772922, 1.900614480363345, -0.0
-6.019773497096498, 4.944406928845861, 1.9050227090569063, -0.0
-5.952601278919276, 4.980179238870306, 1.9008816457387123, -0.0
-5.885962067363037, 5.0156676982402955, 1.8967405824205184, -0.0
-5.818796029242257, 5.051436717099121, 1.8982099919850388, -0.0
-5.75163595685008, 5.087202558931806, 1.9011488111140795, -0.0
-5.684763985075002, 5.122814973873542, 1.892332353726957, -0.0
-5.617959409237345, 5.158391497364418, 1.8934010152284264, -0.0
-5.5513551565416375, 5.19386133952582, 1.8831151482767834, -0.0
-5.4845112912258065, 5.229458786479284, 1.8955383382313653, -0.0
-5.41606432134083, 5.265909960690909, 1.8950040074806305, -0.0
-5.350723088135368, 5.300707186613068, 1.8905957787870693, -0.0
-5.283323759092308, 5.336600443667745, 1.894736842105263, -0.0
-5.216389410230306, 5.3722460772905425, 1.905557039807641, -0.0
-5.149878811892243, 5.4076660441789866, 1.9036868821800694, -0.0
-5.082793896779575, 5.4433918612875205, 1.8921987710392734, -0.0
-5.015439164739576, 5.479261368377362, 1.8995458188618755, -0.0
-4.948904506929991, 5.514694148046113, 1.8975420785466204, -0.0
-4.879872264071655, 5.55145700715992, 1.8903286134117019, -0.0
-4.815209693288801, 5.585892813982899, 1.896874165108202, -0.0
-4.748008529009832, 5.6216805391440445, 1.895671920919049, -0.0
-4.681559038547453, 5.6570679632650585, 1.8925995191023244, -0.0
-4.614798253099016, 5.69262116635024, 1.888992786534865, -0.0
-4.547385882120507, 5.728521368838177, 1.89353459791611, -0.0
-4.480930303428446, 5.763912035222817, 1.890195030724018, -0.0
-4.4144059291143405, 5.799339338455053, 1.8855196366550895, -0.0
-4.347207522034031, 5.83512559528051, 1.8963398343574673, -0.0
-4.280835728563997, 5.870471642162934, 1.8948704247929469, -0.0
-4.214063034899904, 5.906031186923199, 1.885786802030457, -0.0
-4.146959291928265, 5.941767030736618, 1.900614480363345, -0.0
-4.080146823562045, 5.977347757363646, 1.8921987710392734, -0.0
-4.013358066632681, 6.012915856554908, 1.8905957787870693, -0.0
-3.946299931479109, 6.048627412097795, 1.902217472615549, -0.0
-3.8799070742978974, 6.083984676379718, 1.8821800694629975, -0.0
-3.8158575765666707, 6.118093993474272, 1.7717071867485974, -0.0
-3.751133458552284, 6.152562577041973, 1.8462463264760887, -0.0
-3.6864695481355394, 6.1869990972819, 1.8209991985038738, -0.0
-3.6231919685919816, 6.220697332273285, 1.7916110072134652, -0.0
-3.5588641227829063, 6.254954882580999, 1.7773176596313118, -0.0
-3.497239139217889, 6.287773033851856, 1.7703713598717605, -0.0
-3.4356042625060175, 6.320596453680549, 1.749532460593107, -0.0
-3.373900794878845, 6.353456401341039, 1.7393801763291477, -0.0
-3.312601547421926, 6.3861010830829565, 1.72855997862677, -0.0
-3.251911455894842, 6.4184213611448016, 1.726956986374566, -0.0
-3.191325157704471, 6.45068636445884, 1.715335292546086, -0.0
-3.1308660745568444, 6.482883619884357, 1.7105263157894737, -0.0
-3.0700252179997007, 6.515284187291151, 1.7079882447234838, -0.0
-3.0107020683882757, 6.546876505620249, 1.6982367085225756, -0.0
-2.95040479964695, 6.578987587397409, 1.6936948971413306, -0.0
-2.8905970218404353, 6.61083799263374, 1.7019770237777183, -0.0
-2.8305732357244624, 6.642803432276012, 1.6989046219609938, -0.0
-2.7709169882250917, 6.674573140621986, 1.6931605663905958, -0.0
-2.710993046861168, 6.706485408320238, 1.6983702912102592, -0.0
-2.6503857894862266, 6.738761573368528, 1.7002404488378307, -0.0
-2.590549792197108, 6.770627006783291, 1.7067860005343307, -0.0
-2.53083557554434, 6.802427586382047, 1.6973016297087897, -0.0
-2.4710021964686577, 6.8342916254771735, 1.6922254875768101, -0.0
-2.410947767946033, 6.86627338361689, 1.7034464333422388, -0.0
-2.351294045810861, 6.898041747089739, 1.6899545818861876, -0.0
-2.2914156460088617, 6.9297780909400215, 1.6918247395137591, -0.3076403269172622
-2.2310190002599186, 6.960897770959515, 1.6990382046486776, -0.25351032036853327
-2.1690128318428403, 6.9919780564633625, 1.7070531659096981, -0.12485074123511201
-2.109020758349304, 7.021669709312873, 1.7041143467806572, -0.0
-2.0481441208332116, 7.05179915613001, 1.6962329682073203, -0.0
-1.9870205063341955, 7.082050838342789, 1.6993053700240448, -0.0
-1.926126066907498, 7.112189095793047, 1.7039807640929736, -0.0
-1.8650836261831514, 7.142400602972732, 1.7105263157894737, -0.0
-1.804114472811765, 7.17257583831656, 1.6969008816457387, -0.0
-1.7430185046031432, 7.202813837654099, 1.6982367085225756, -0.0
-1.682004596839715, 7.233011223122013, 1.7077210793481166, -0.0
-1.6202237347460702, 7.263588194431825, 1.7075874966604327, -0.0
-1.5595677794897422, 7.293608419802437, 1.6971680470211061, -0.0
-1.4989971575479273, 7.323586411474438, 1.6966337162703713, -0.0
-1.437359016399861, 7.3540927464397505, 1.7019770237777183, -0.0
-1.375262711432861, 7.384825838712618, 1.7106598984771573, -0.0
-1.3150416197813304, 7.414630838663627, 1.7078546620358002, -0.0
-1.2543799117021301, 7.444653911257376, 1.6973016297087897, -0.0
-1.1931800885879922, 7.4749433111153785, 1.7027785199038206, -0.2355550041134247
-1.1313949332580624, 7.504779468337475, 1.7118621426663105, -0.4978253330381132
-1.069266026929478, 7.533324658091566, 1.7110606465402083, -0.16231915107247127
-1.00787734171747, 7.560974730731297, 1.7011755276516163, -0.0
-0.9455604506561145, 7.589042876491025, 1.6971680470211061, -0.0
-0.8837478579129573, 7.616883881286874, 1.6958322201442693, -0.0
-0.8215878358571578, 7.644881371690757, 1.7021106064654021, -0.0
-0.7599165372472635, 7.672658736207705, 1.6896874165108202, -0.0
-0.6981355321844768, 7.7004855135990455, 1.6946299759551162, -0.0
-0.6363882911747676, 7.7282970833260265, 1.7006411969008817, -0.0
-0.5747718354297, 7.756049746072755, 1.6907560780122897, -0.0
-0.5125583401019663, 7.784071321368636, 1.6915575741383917, -0.0
-0.4506224600636549, 7.811967855984921, 1.700908362276249, -0.0
-0.3885560163672309, 7.839923197767681, 1.7061180870959123, -0.0
-0.3230018788121665, 7.869346196888924, 1.6903553299492386, -0.3993981832876728
-0.26420701405097075, 7.894663442708365, 1.6955650547689018, -0.6599920090337958
-0.20125194229946633, 7.919969102613143, 1.7081218274111676, -0.0
-0.1379580908026923, 7.944932967079289, 1.7019770237777183, -0.0
-0.07451740457008052, 7.969954744950257, 1.7017098584023511, -0.0
-0.011462036472930016, 7.994824548664453, 1.6944963932674326, -0.0
0.05182461949373954, 8.019785575126054, 1.705850921720545, -0.0
0.11498225297621228, 8.044695713551418, 1.6960993855196367, -0.0
0.17794659314912026, 8.069529614745706, 1.6888859203847182, -0.0
0.2414234690685252, 8.094565666269087, 1.7011755276516163, -0.0
0.3043307633684788, 8.1193770678776, 1.6918247395137591, -0.0
0.36737383334203566, 8.14424202106235, 1.6890195030724018, -0.0
0.43057529326470045, 8.169169445168505, 1.6983702912102592, -0.0
0.49358950091530496, 8.194023014702214, 1.7011755276516163, -0.0
0.5572163633205927, 8.219118222718949, 1.6910232433876569, -0.0
0.6200120468525007, 8.243885603683742, 1.7003740315255143, -0.0
0.6833791373481723, 8.268878354501389, 1.7069195832220145, -0.0
0.747214856716976, 8.294055938243517, 1.7059845044082287, -0.0
0.8140272898114136, 8.320407574065648, 1.8287469943895271, -0.0
0.8815259791992247, 8.347029877712405, 1.8171253005610473, -0.0
0.9502678492126478, 8.373939908918452, 1.8485172321667112, -0.679024901470625
1.020183188533652, 8.399298603443691, 1.8497194763558642, -0.9437402025303695
1.091808048535019, 8.422184531616807, 1.8561314453646807, -1.0701738329392039
1.1624432756129603, 8.441781488518494, 1.8594710125567726, -0.0
1.2339183515567584, 8.461142960731745, 1.8590702644937216, -0.0
1.3058920910376588, 8.480639513042357, 1.8574672722415175, -0.0
1.3775759281605424, 8.500057535370662, 1.855997862676997, -0.0
1.4497066595601884, 8.519596614319159, 1.8572001068661501, -0.0
1.5221478092685516, 8.539219780697845, 1.8594710125567726, -0.0
1.5929803845620372, 8.558407209605457, 1.8537269569863746, -0.0
1.663944385097906, 8.577630239541051, 1.8466470745391397, -0.0
1.7351879174255083, 8.5969289902359, 1.8383649479027517, -0.0
1.8063627405548768, 8.61620912869124, 1.8405022709056906, -0.0
1.87754207587879, 8.635490489429008, 1.855597114613946, -0.0
1.9488057948445499, 8.65479470836616, 1.8521239647341705, -0.0
2.0202304926986656, 8.67414253394846, 1.8471814052898745, -0.0
2.09237389087846, 8.693685044128177, 1.8537269569863746, -0.0
2.164443412464927, 8.713207542302449, 1.8608068394336095, -0.0
2.235202918394442, 8.732375177870335, 1.8523911301095377, -0.0
2.3068692427616875, 8.751788456268995, 1.8463799091637725, -0.0
2.378214563836664, 8.771114779932155, 1.853593374298691, -0.0
2.449662011924865, 8.790468768194513, 1.8459791611007212, -0.0
2.5212184178551027, 8.809852271419999, 1.8566657761154155, -0.0
2.593128120336579, 8.829331477116163, 1.8673523911301095, -0.0
2.665026499248545, 8.848807615435714, 1.8602725086828746, -0.07544545908835833
2.7368969048013527, 8.867992274210565, 1.854795618487844, -0.5191490574813781
2.8093327295657406, 8.885795313157335, 1.8636120758749666, -0.909726160417921
2.8823641577992616, 8.901074252649234, 1.869222548757681, -1.0777216584611933
2.955395241576979, 8.913122525705855, 1.856799358803099, -1.339669970798261
3.0292802569439967, 8.921299161618727, 1.8546620358001602, -1.589219066916062
3.103156156862003, 8.92472782009128, 1.8529254608602725, -1.8848975705105688
3.177075350358498, 8.92270377492794, 1.8427731765963131, -1.8745701092346114
3.250781200891941, 8.91541101498271, 1.856799358803099, -0.0
3.3240079488267202, 8.907056801853777, 1.85065455516965, -0.0
3.397647625307182, 8.898655478984551, 1.8394336094042212, -0.0
3.4710617044423677, 8.890279893818514, 1.853593374298691, -0.0
3.5450353924090865, 8.881840464612159, 1.865081485439487, -0.0
3.618848332214208, 8.87341937466625, 1.8588030991183542, -0.0
3.6927286976441214, 8.864990592339405, 1.8533262089233236, -0.0
3.766281281762801, 8.856599205568296, 1.8538605396740582, -0.13558796360128997
3.8397555401036896, 8.847418347333994, 1.8537269569863746, -1.3374532507026955
3.9133189773619583, 8.834165077328562, 1.851055303232701, -2.0620263800669347
3.98425869479601, 8.8153268958766, 1.849853059043548, -2.0606871120132
4.053644229844172, 8.790672710767412, 1.8391664440288538, -2.048782507091113
4.121017316729088, 8.760300146610042, 1.8418380977825275, -2.051758658321635
4.185239075923832, 8.724736053656788, 1.8398343574672722, -2.0495265448987436
4.246597209570478, 8.683864800764239, 1.8315522308308843, -2.0403004760841266
4.304463682132345, 8.638040805415807, 1.8495858936681806, -2.060389496890148
4.35842001035915, 8.587568291484414, 1.8596045952444564, -2.071550064004604
4.407956343092827, 8.533034084079738, 1.8466470745391397, -0.0
4.4568895758870015, 8.477001086925627, 1.8495858936681806, -0.0
4.5054823110084925, 8.421357990541095, 1.8604060913705585, -0.0
4.554584522984456, 8.365131496872007, 1.847314987977558, -0.0
4.6035720133656035, 8.309036369851487, 1.853593374298691, -0.0
4.652540625897794, 8.252962859683082, 1.8652150681271706, -0.0
4.700740205100099, 8.197769962544399, 1.8641464066257014, -0.0
4.749814527631138, 8.141575404823516, 1.8546620358001602, -0.0
4.798918594643425, 8.085346786969305, 1.8612075874966605, -0.0
4.847861483834862, 8.02930273236304, 1.860940422121293, -0.0
4.896541832609697, 7.973559310385695, 1.8523911301095377, -0.5386924614310976
4.943893507216165, 7.916794113363491, 1.853994122361742, -1.9719591502523681
4.988471433279623, 7.854685658916265, 1.8558642799893135, -2.0673834522818737
5.025260358731171, 7.793128097436358, 1.8451776649746192, -2.055478847359787
5.057977634648013, 7.726782180490999, 1.8529254608602725, -2.0641096859282997
5.085073655186865, 7.658095655256854, 1.8429067592839967, -2.0529491188138436
5.106547602063121, 7.587007026272497, 1.8459791611007212, -2.0563716927289435
5.12243130067413, 7.515544708226185, 1.8526582954849051, -0.0
5.137599947859742, 7.443115074806946, 1.8382313652150681, -0.0
5.152829360770792, 7.370395287680255, 1.8541277050494256, -0.0
5.168113020907453, 7.297416472400497, 1.8661501469409565, -0.0
5.183381067399608, 7.224512211597087, 1.8644135720010686, -0.0
5.198681493403646, 7.151453340026669, 1.860138925995191, -0.0
5.213859172195342, 7.0789805810795015, 1.8590702644937216, -0.0
5.229130502965562, 7.0060606379905614, 1.8588030991183542, -0.0
5.244505365421959, 6.932646335583664, 1.8538605396740582, -0.0
5.259645505263684, 6.860352823496945, 1.845711995725354, -0.0
5.274946490543161, 6.787291281410527, 1.8481164841036601, -0.0
5.289798499754361, 6.71637358060681, 1.8434410900347316, -0.0
5.30497257835023, 6.643918012438803, 1.849853059043548, -0.0
5.320003755952459, 6.572144790326975, 1.8390328613411702, -0.0
5.3351957427005665, 6.499603711507559, 1.848650814854395, -0.0
5.350280917751592, 6.427572653916137, 1.8546620358001602, -0.0
5.365486346396557, 6.35496739062134, 1.8431739246593641, -0.0
5.380669872379157, 6.282466711590825, 1.854394870424793, -0.0
5.395986895375389, 6.209328590101426, 1.8661501469409565, -0.0
5.411154247546059, 6.136905140322449, 1.86227624899813, -0.0
5.426457382199081, 6.063833335070429, 1.8527918781725887, -0.0
5.4416865191468125, 5.991114865656639, 1.865081485439487, -0.0
5.456897861408398, 5.918481365098578, 1.8632113278119156, -0.0
5.472171648446683, 5.845549693435999, 1.855196366550895, -0.0
5.487350180577948, 5.773072859829345, 1.8519903820464867, -0.0
5.502660590459109, 5.699966315678025, 1.8606732567459257, -0.0
5.517826245202576, 5.627550971040438, 1.8576008549292011, -0.0
5.533489776893272, 5.555075013916174, 1.849853059043548, 1.0461371880896055
5.551967458993256, 5.483240735962865, 1.8515896339834357, 1.1498588868379755
5.574508677815275, 5.412171143716063, 1.8529254608602725, -0.31677580100436314
5.59776484338024, 5.3422054323550645, 1.845311247662303, -0.0
5.621011333663868, 5.272268828885456, 1.858135185679936, -0.0
5.644496792736354, 5.201613292569468, 1.858135185679936, -0.0
5.667806450040158, 5.131486652376534, 1.846112743788405, -0.0
5.691056648107506, 5.061538894113378, 1.8517232166711195, -0.0
5.714441208911933, 4.9911869082292135, 1.8565321934277317, -0.0
5.737831718385882, 4.920817025891157, 1.8570665241784665, -0.0
5.761329628153835, 4.850124031905598, 1.8475821533529255, -0.0
5.784397393164082, 4.780082027078976, 1.8558642799893135, -0.7834653285165151
5.805549478815525, 4.7090261569497605, 1.8576008549292011, -0.0
5.82597945655258, 4.637670265217312, 1.846112743788405, -0.0
5.846431049965225, 4.566238876299944, 1.8561314453646807, -0.0
5.866861523481429, 4.494881252957028, 1.866417312316324, -0.0
5.887344277584022, 4.423341028932405, 1.855597114613946, -0.0
5.907875620410588, 4.351631098813536, 1.8562650280523645, -0.0
5.928430840771202, 4.2798377715047025, 1.8669516430670585, -0.0
5.948810568960313, 4.2086573866352, 1.8616083355597115, -0.0
5.96949710216078, 4.136405422273293, 1.8534597916110072, -0.0
5.989953531774808, 4.06495714192967, 1.857734437616885, -0.0
6.010558914655955, 3.9929886117189892, 1.8669516430670585, -0.0
6.03073388355605, 3.922523390705575, 1.857734437616885, -0.0
6.051117900412177, 3.8513280267860117, 1.85065455516965, -0.0
6.0715258530265315, 3.7800490623165834, 1.8517232166711195, -0.0
6.091909646662321, 3.7088544780398753, 1.8446433342238846, -0.0
6.11232960947583, 3.6375335654840795, 1.8569329414907827, -0.0
6.132625219639741, 3.566646980087889, 1.8466470745391397, -0.0
6.153003093716139, 3.495473071087707, 1.8481164841036601, -0.0
6.173618638276119, 3.423469049127401, 1.855196366550895, -0.0
6.193795216854447, 3.3529982059822774, 1.8523911301095377, -0.0
6.21437009040225, 3.281136235882184, 1.8501202244189152, -0.0
6.234661834848948, 3.2102631522970326, 1.861741918247395, -0.0
6.255095523152869, 3.1388943006479866, 1.8554635319262625, -0.0
6.275480744334694, 3.067694730373662, 1.849853059043548, -0.0
6.295853623085974, 2.9965382685720443, 1.854795618487844, -0.0
6.316297529772737, 2.9251337271229816, 1.8503873897942826, -0.0
6.336691295701409, 2.853904312565971, 1.8511888859203847, -0.0
6.357171889564003, 2.7823716336230615, 1.8602725086828746, -0.0
6.377371889558149, 2.711818986374534, 1.8534597916110072, -0.0
6.397809056257007, 2.640437985717019, 1.8487843975420786, -0.0
6.418405648886118, 2.5685001572663033, 1.8653486508148545, -0.0
6.43887421805852, 2.4970094770226847, 1.870825541009885, -0.0
6.459411966388407, 2.4252771743683508, 1.8644135720010686, -0.0
6.479893344481335, 2.353741756339991, 1.8592038471814052, -0.0
6.50049657233601, 2.2817807530017133, 1.865482233502538, -0.0
6.520878521975516, 2.2105926092606203, 1.8645471546887524, -0.0
6.541327628125592, 2.1391699076184327, 1.8569329414907827, -0.0
6.561782673577277, 2.06772646174598, 1.8507881378573336, -0.0
6.582793411704677, 1.9943421451141325, 1.8625434143734971, -0.0
6.6028005209695415, 1.9244632083400788, 1.8652150681271706, -0.0
6.623204788676378, 1.8531971141667036, 1.8576008549292011, -0.0
6.643692609935676, 1.7816391920569472, 1.853593374298691, -0.0
6.664289044038767, 1.709701917290903, 1.8710927063852525, -0.0
6.684799969903048, 1.638063297604633, 1.8718942025113545, -0.0
6.705298516960936, 1.566467913441179, 1.8653486508148545, -0.0
6.725831518775973, 1.494752188964471, 1.8570665241784665, -0.0
6.746395531074694, 1.4229281540067205, 1.862676997061181, -0.0
6.76694030246189, 1.351171321882829, 1.8661501469409565, -0.0
6.787444172920527, 1.2795573446493176, 1.855597114613946, -0.0
6.807987892866236, 1.2078041849006937, 1.853593374298691, -0.0
6.828375384706329, 1.136596683886178, 1.8648143200641196, -0.0
6.848822552690733, 1.0651807516855278, 1.8612075874966605, -0.0
6.86922786482533, 0.99391100963377, 1.851456051295752, -0.0
6.889780996590454, 0.9221249771734954, 1.8557306973016297, -0.0
6.9102021695126625, 0.8507998380646173, 1.8633449104995992, -0.0
6.930785071542334, 0.778909826843265, 1.858936681806038, -0.0
6.9511209653608494, 0.7078825425127188, 1.8553299492385786, -0.0
6.971541610159103, 0.6365592479851816, 1.861741918247395, -0.0
6.991965109968241, 0.5652259817459693, 1.8475821533529255, -0.0
7.0124383568771895, 0.49371896354707345, 1.8529254608602725, -0.0
7.0329178722870305, 0.42219005132182236, 1.8661501469409565, -0.0
7.053211486052853, 0.351310438755835, 1.8588030991183542, -0.0
7.073665934748177, 0.2798690771774909, 1.8505209724819662, -0.0
7.094211555341231, 0.20810927902778875, 1.8625434143734971, -0.0
7.1147349457274, 0.13642712443972596, 1.8656158161902217, -0.0
7.135290518648743, 0.06463256574016052, 1.8576008549292011, -0.0
7.1557364438549, -0.006779025802305716, 1.8527918781725887, -0.0
7.176295776616873, -0.0785867165172038, 1.856799358803099, -0.0
7.19642661598973, -0.1488978060964899, 1.8485172321667112, -0.0
7.216966813470852, -0.22063866291434472, 1.861741918247395, -0.0
7.237394473558485, -0.2919864597803479, 1.8608068394336095, -0.0
7.25786623663979, -0.36348829540655564, 1.849452310980497, -0.0
7.278415968876471, -0.4352624543157869, 1.8604060913705585, -0.0
7.298835179431468, -0.5065807394542853, 1.8661501469409565, -0.0
7.319356801783992, -0.5782567188218479, 1.8629441624365481, -0.0
7.339824703268547, -0.6497450670285767, 1.854394870424793, -0.0
7.360228000484153, -0.7210077715620807, 1.8507881378573336, -0.0
7.38075906799748, -0.7927167400929352, 1.85973817793214, -0.0
7.401369117624529, -0.8647015698718106, 1.8640128239380176, -0.0
7.42165710033156, -0.9355615148088541, 1.8546620358001602, -0.0
7.441979991079531, -1.0065433832458655, 1.8530590435479561, -0.0
7.462416351766789, -1.0779215687423829, 1.8604060913705585, -0.0
7.482814221921784, -1.14916531815247, 1.8507881378573336, -0.0
7.503481390407425, -1.2213496472720717, 1.8995458188618755, -0.0
7.524429721826534, -1.2945159956624666, 1.9262623563986108, -0.0
7.545562890811461, -1.3683279272005473, 1.9326743254074272, -0.0
7.566784560922728, -1.442448967092566, 1.9314720812182742, -0.0
7.588071122369265, -1.5167966532958794, 1.9286668447769169, -0.0
7.609108853820265, -1.5902752496524057, 1.9187817258883249, -0.0
7.6301715954441445, -1.663841199172562, 1.9129040876302432, -0.0
7.651221175962105, -1.737361180828184, 1.9047555436815389, -0.0
7.672225123983036, -1.81072178161911, 1.9068928666844778, -0.0
7.693189165219879, -1.8839429997733304, 1.8998129842372429, -0.0
7.7140194692743, -1.9566971133603148, 1.89353459791611, -0.0
7.735049269489634, -2.030148008247915, 1.9003473149879775, -0.0
7.755852893879174, -2.10280893762769, 1.8921987710392734, -0.0
7.776587595456458, -2.175229139935093, 1.88445097515362, -0.0
7.797361210352257, -2.2477852549967237, 1.8998129842372429, -0.0
7.818174604727276, -2.3204803080566636, 1.8833823136521506, -0.0
7.83901513706918, -2.393270146037655, 1.892733101790008, -0.0
7.860058048353055, -2.4667668340239723, 1.9035532994923858, -0.0
7.88086343960905, -2.539433934547598, 1.90515629174459, -0.0
7.901804993820784, -2.6125766121498057, 1.8974084958589368, -0.0
7.92276140401917, -2.6857711773354818, 1.8960726689821, -0.0
7.944408471295724, -2.7613780041657088, 1.9591236975687951, -0.0
7.965855316344029, -2.836285513756074, 1.9512423189954582, -0.0
7.987545817716862, -2.9120440430850234, 1.9660699973283462, -0.0
8.00931070269223, -2.988062372417547, 1.9742185412770505, -0.0
8.031289256800891, -3.0648269850665772, 1.976890195030724, -0.0
8.05285069427088, -3.1401347322166835, 1.9796954314720812, -0.0
8.074621897922182, -3.2161751308221933, 1.976489446967673, -0.0
8.096868584921328, -3.2938762526417054, 1.9739513759016831, -0.0
8.118135517586945, -3.3681553812976595, 1.9771573604060915, -0.0
8.139849190258126, -3.443994841143391, 1.9635319262623565, -0.0
8.161548923771393, -3.519785615618259, 1.976890195030724, -0.0
8.18335803987481, -3.5959584312465993, 1.983970077477959, -0.0
8.205103415673262, -3.671908620773311, 1.977691691156826, -0.0
8.226883614126606, -3.7479804355716815, 1.976489446967673, -0.0
8.248690214270118, -3.824144463693499, 1.9786267699706117, -0.0
8.270378260195718, -3.8998944168688534, 1.970344643334224, -0.0
8.292402822768292, -3.976819723524114, 1.9712797221480096, -0.0
8.31395200808257, -4.0520846775049035, 1.9739513759016831, -0.0
8.335446728684252, -4.127159402294783, 1.961661768634785, -0.0
8.357167812138592, -4.203024745822209, 1.97528720277852, -0.0
8.378855989756612, -4.278775158960382, 1.973550627838632, -0.0
8.40058478860005, -4.3546674500682805, 1.96620358001603, -0.0
8.422474101019288, -4.431120367794764, 1.981031258348918, -0.0
8.444458270504981, -4.5079045933009745, 1.992519369489714, -0.0
8.466315259079074, -4.584244613361871, 1.990515629174459, -0.0
8.487959347936783, -4.659841037452776, 1.9820999198503875, -0.0
8.509864397155608, -4.736348919182738, 1.9783596045952445, -0.0
8.531670539464226, -4.812511348222195, 1.988111140796153, -0.0
8.55363486760162, -4.88922627374584, 1.9874432273577345, -0.0
8.575441837544265, -4.965391593467055, 1.9815655890996526, -0.0
8.597208611002085, -5.041416518712267, 1.976890195030724, -0.0
8.618718218212676, -5.11654323804014, 1.9381512156024578, -0.0
8.639207791617952, -5.188107279879466, 1.8409030189687416, -0.0
8.659739508187625, -5.2598185153728645, 1.863879241250334, -0.0
8.680139654173233, -5.331070213588619, 1.8433075073470477, -0.0
8.7002293560204, -5.401237621913468, 1.8264760886989047, -0.0
8.720222879291677, -5.471069106815577, 1.8089767566123431, -0.0
8.740013570814892, -5.540192160194113, 1.793748330216404, -0.0
8.75962310276844, -5.608682476581661, 1.7787870691958323, -0.0
8.779103955599957, -5.676723354716359, 1.763558642799893, -0.0
8.798453298225951, -5.744304906457857, 1.7604862409831685, -0.0
8.81776817802095, -5.8117660896865315, 1.7488645471546886, -0.0
8.836944166918876, -5.878742167941439, 1.7411167512690355, -0.0
8.85608244272117, -5.945586525466964, 1.7332353726956986, -0.0
8.875130786707208, -6.012116777660281, 1.7278920651883516, -0.0
8.894038821540592, -6.078156971331032, 1.738845845578413, -0.0
8.913076587148105, -6.144650276365506, 1.7221480096179536, -0.0
8.932273240614919, -6.2116985298699054, 1.734704782260219, -0.0
8.951600501530686, -6.279202956704833, 1.751669783596046, -0.0
8.970774282936254, -6.346171324839459, 1.7514026182206786, -0.0
8.9900240502347, -6.413405089305655, 1.7439219877103926, -0.0
9.009211505863751, -6.48042121747326, 1.740048089767566, -0.0
9.028472559036564, -6.547694400172784, 1.7412503339567191, -0.0
9.047528936495617, -6.614252710919969, 1.7420518300828212, -0.0
9.066671357032309, -6.681111544781334, 1.7336361207587496, -0.0
9.085775506724913, -6.7478367098623275, 1.736441357200107, -0.0
9.104991525957258, -6.81495260227884, 1.7468608068394336, -0.0
9.124142123320697, -6.8818399953864064, 1.743387656959658, -0.0
9.143234376812819, -6.948523610544797, 1.7306973016297087, -0.0
9.162444988859724, -7.0156206172560065, 1.7387122628907294, -0.0
9.181648066716683, -7.0826913092619845, 1.7465936414640661, -0.0
9.200753447820377, -7.1494207752990295, 1.739246593641464, -0.0
9.219895802241417, -7.216279378237903, 1.7340368688218006, -0.31531615347121833
9.238294085748443, -7.283568590949434, 1.74418915308576, -0.7938219419637327
9.25472925876781, -7.351723745452199, 1.7481966337162704, -0.8726576621587817
9.269326956714405, -7.420085163544788, 1.7511354528453114, -0.0
9.28384968040991, -7.488095475172248, 1.740048089767566, -0.0
9.298472689645564, -7.556575426722659, 1.7399145070798825, -0.0
9.313109816871421, -7.62512149320669, 1.747929468340903, -0.0
9.327539148803336, -7.692694448655077, 1.7345711995725355, -0.0
9.342101779330813, -7.76089164506637, 1.7340368688218006, -0.0
9.35662385604925, -7.828898926882557, 1.743387656959658, -0.0
9.371065714302766, -7.896530543437049, 1.740448837830617, -0.0
9.38565340769184, -7.964845109913583, 1.735639861074005, -0.0
9.400135806792823, -8.032666580363784, 1.736040609137056, -0.0
9.414658818883314, -8.100678242552844, 1.7395137590168315, -0.0
9.429082168352366, -8.168223181964285, 1.733101790008015, -0.0
9.443560672513323, -8.236026412303993, 1.730162970878974, -0.0
9.458150786581388, -8.304352314886339, 1.736842105263158, -0.0
9.472530484506818, -8.371692832927032, 1.7237510018701576, -0.0
9.487497543079382, -8.44178397691689, 1.7324338765695966, -0.0
9.502054702466426, -8.509955551828133, 1.827544750200374, -0.0
9.517782875612236, -8.583611016147701, 1.9003473149879775, -0.0
9.533820744377326, -8.658716793508999, 1.92986908896607, -0.0
9.5501389681661, -8.73513548110165, 1.9449639326743253, -0.0
9.566438616221925, -8.811467178029666, 1.9549826342506011, -0.0
9.582713575704764, -8.887683257696242, 1.9573871226289072, -0.0
9.599034083198523, -8.9641126399417, 1.9609938551963666, -0.0
9.615482132400976, -9.041139303491658, 1.9621960993855196, -0.0
9.631762198907614, -9.117379299490134, 1.952978893935346, -0.0
9.64800282964885, -9.193434616722385, 1.9356131445364682, -0.0
9.664013151945452, -9.268411393219562, 1.9048891263692225, -0.0
9.67976118243361, -9.342159850015571, 1.871760619823671, -0.0
9.695123404063926, -9.41410155339531, 1.8455784130376702, -0.0
9.710480881312387, -9.486021038705278, 1.8244723483836496, -0.0
9.72555305743147, -9.55660445103585, 1.8021640395404757, -0.0
9.74046616468701, -9.626442939534874, 1.7822602190756078, -0.0
9.755332806956616, -9.69606383123599, 1.771840769436281, -0.0
9.769988294196292, -9.764695878166087, 1.7640929735506279, -0.0
9.78469585354637, -9.833571780211086, 1.7481966337162704, -0.0
9.79940564380088, -9.902458129642454, 1.7492652952177399, -0.0
9.813704707272572, -9.96942103433448, 1.7253539941223617, -0.0
9.82818617093455, -10.037238124098279, 1.7383115148276784, -0.0
9.842959609885035, -10.10505976796901, 1.7427197435212396, 0.4498352521375272
9.858943876568759, -10.172657076973655, 1.731899545818862, -0.0
9.87527121095589, -10.24028619203708, 1.734304034197168, -0.0
9.891611959389882, -10.307970869147383, 1.7377771840769436, -0.0
9.907914172683745, -10.375495930648423, 1.7391130109537805, -0.0
9.92418436356489, -10.442888352774116, 1.7344376168848517, -0.0
9.940897489442756, -10.512115446815539, 1.7961528185947102, -0.0
9.958147434309877, -10.583566087722094, 1.8467806572268235, -0.0
9.97553247107456, -10.655576289991687, 1.8686882180069464, -0.0
9.993195764867394, -10.72873905495938, 1.887389794282661, -0.0
10.0109485393738, -10.802272456145491, 1.891931605663906, -0.0
10.028672161232485, -10.875685104750671, 1.900213732300294, -0.0
10.046365481019237, -10.948972239768574, 1.896473417045151, -0.0
10.064218611811288, -11.022921324655915, 1.8930002671653754, -0.0
10.081992782151413, -11.096543349083648, 1.8974084958589368, -0.0
10.099763125335661, -11.170149521127948, 1.8946032594175795, -0.0
10.117612144403878, -11.24408157492879, 1.8967405824205184, -0.0
10.135336887830391, -11.317498869156932, 1.8950040074806305, -0.0
10.153206897213584, -11.391517866508567, 1.8883248730964468, -0.0
10.170970110096809, -11.465094504280035, 1.897675661234304, -0.0
10.188830221593202, -11.539072503798874, 1.8946032594175795, -0.0
10.206480286029214, -11.612180471720482, 1.8899278653486509, -0.0
10.224744287717993, -11.687831416476195, 1.890729361474753, -0.0
10.241932228551278, -11.759025231752846, 1.8817793213999465, -0.0
10.259706068602368, -11.832645888097181, 1.890195030724018, -0.0
10.27737593227396, -11.905835866024196, 1.8975420785466204, -0.0
10.295147309043859, -11.979446319262308, 1.8958055036067325, -0.0
10.312953785119706, -12.053202156611773, 1.8891263692225488, -0.0
10.33082112128456, -12.127210081280852, 1.8955383382313653, -0.0
10.348564973913122, -12.200706527340737, 1.9028853860539674, -0.0
10.366385489895734, -12.27452051909848, 1.898877905423457, -0.20076817932630242
10.383486708146542, -12.34821515313765, 1.8917980229762223, -0.6535132894396386
10.398824573006936, -12.422863488118535, 1.894736842105263, -0.0
10.413642052396037, -12.497790523046355, 1.9031525514293348, -0.0
10.42827906704935, -12.571805008193834, 1.9046219609938553, -0.0
10.44308207007768, -12.646658841009419, 1.9074271974352124, -0.0
10.457803691952876, -12.721101156566014, 1.9056906224953245, -0.0
10.472571866102621, -12.795778871397317, 1.897675661234304, -0.0
10.487424764895652, -12.87088501039848, 1.8996794015495593, -0.0
10.502113185912703, -12.94515944032538, 1.899278653486508, -0.0
10.51682799632646, -13.019567312600792, 1.8884584557841304, -0.0
10.531589663603201, -13.094212124352689, 1.8982099919850388, -0.0
10.546204246352453, -13.168113178867676, 1.907560780122896, -0.0
10.560927263300204, -13.242562548839363, 1.8991450707988244, -0.0
10.575746945298661, -13.31750072162563, 1.8954047555436815, -0.0
10.590464038984978, -13.391920139646322, 1.9043547956184879, -0.0
10.605231238602503, -13.466592926594295, 1.90515629174459, -0.0
10.620038899206914, -13.54147031121357, 1.903018968741651, -0.0
10.634734343687127, -13.615780256443426, 1.8940689286668448, -0.0
10.649484351776369, -13.690366111585636, 1.9007480630510285, -0.0
10.664285475361492, -13.765210440685836, 1.9027518033662838, -0.0
10.678891959291335, -13.839070542181162, 1.8942025113545284, -0.0
10.693704330555393, -13.913971747029963, 1.8996794015495593, -0.0
10.708440870850069, -13.988489500041753, 1.9048891263692225, -0.0
10.72317889124505, -14.063014737425505, 1.902217472615549, -0.0
10.73790797555633, -14.137494788024247, 1.8942025113545284, -0.0
10.752674211011884, -14.212162699527768, 1.8970077477958855, -0.17995895576392884
10.76680899630485, -14.286494832174448, 1.900213732300294, -0.469692390074611
10.779618705766191, -14.361105937617925, 1.8849853059043549, -0.0
10.79209965639176, -14.43592096445276, 1.8951375901683143, -0.0
10.804532376169975, -14.510446879324311, 1.8942025113545284, -0.0
10.816962409349818, -14.584956689819254, 1.8845845578413039, -0.0
10.82942518535245, -14.659662771835414, 1.8917980229762223, -0.0
10.841939576840664, -14.734678254477767, 1.899278653486508, -0.0
10.854484259514118, -14.809875312699136, 1.903018968741651, -0.0
10.866963607984701, -14.884680735676715, 1.8948704247929469, -0.0
10.879393100979525, -14.959187308120502, 1.8936681806037938, -0.0
10.891933918492262, -15.034361197265136, 1.9015495591771308, -0.0
10.904361524989547, -15.108856461406505, 1.898477157360406, -0.0
10.916887510892161, -15.183941444878602, 1.8962062516697835, -0.0
10.929276930855432, -15.258207806057946, 1.8903286134117019, -0.0
10.941808652607538, -15.33332717214612, 1.8932674325407428, -0.0
10.954312902284352, -15.408281861350961, 1.8875233769703446, -0.0
10.96060783208393, -15.446015793325182, 1.8925995191023244, -0.0
10.986728656250344, -15.602592821757192, 1.8891263692225488, -0.0
10.998070585269435, -15.670580168985683, 1.8875233769703446, -0.0
11.01024533429989, -15.743559720203113, 1.8831151482767834, -0.0
11.017517608733197, -15.787152185488848, 1.8788405022709056, -0.0
11.028752149414617, -15.854495810808178, 1.8871226289072935, -0.0
11.056868058675706, -16.02303205207373, 1.888592038471814, -0.0
11.064412009122362, -16.068253034997188, 1.885786802030457, -0.0
11.078572542816975, -16.15313604913136, 1.88445097515362, -0.0
11.0929932096538, -16.239578389041192, 1.8928666844776918, -0.0
11.105225874262512, -16.312905105764795, 1.8883248730964468, -0.0
11.118328764849005, -16.391448250453966, 1.8867218808442425, -0.0
11.128470608097624, -16.452241878885257, 1.893133849853059, -0.0
11.139041051272528, -16.515604679805765, 1.890729361474753, -0.0
11.151458864845752, -16.590041241857982, 1.9028853860539674, -0.0
11.165935539882357, -16.676819313804195, 1.8895271172855999, -0.0
11.180790127052537, -16.765862718517354, 1.897675661234304, -0.0
11.196005508090245, -16.85706884333819, 1.893935345979161, -0.0
11.211013631917803, -16.9470325985508, 1.9052898744322735, -0.0
11.221854686096025, -17.01201753307974, 1.8983435746727224, -0.0
11.234371104797033, -17.08704516751919, 1.889393534597916, -0.0
11.247494150420387, -17.165709128295916, 1.898477157360406, -0.0
11.265571493860346, -17.274070820857403, 1.8990114881111408, -0.05639469105709603
11.279705261780952, -17.359734752478662, 1.8996794015495593, -0.05641452599345545
11.291285646434835, -17.431018289372272, 1.8990114881111408, -0.05639469105709603
11.302056933956928, -17.498205120240073, 1.8899278653486509, -0.056124935922607956
11.31447619585562, -17.57674664444078, 1.8944696767298959, -0.05625981348985199
11.325523501890382, -17.647670217183858, 1.8845845578413039, -0.055966256431732614
11.336991996360647, -17.722358243889175, 1.8892599519102324, -0.05610510098624853
11.348354761349226, -17.797482957531148, 1.89353459791611, -0.05623204457894881
11.359473293554387, -17.872129577527506, 1.885786802030457, -0.056001959317179564
11.370388182685996, -17.946552426292985, 1.888191290408763, -0.056073365088073465
11.381189560950212, -18.021366383132673, 1.9011488111140795, -0.05645816285344617
11.391857672014215, -18.09644947103613, 1.898877905423457, -0.05639072406982414
11.40236432895799, -18.171611631072256, 1.8958055036067325, -0.056299483362570825
11.412800628974152, -18.247520883184787, 1.8970077477958855, -0.056335186248017775
11.422913458482517, -18.32233391771868, 1.907160032059845, -0.05663667728068092
11.432967675757672, -18.39799427466142, 1.9015495591771308, -0.05647006381526182
11.442753803029726, -18.472934434676777, 1.8909965268501203, -0.05615667182078302
11.45245859646248, -18.548576597705114, 1.9015495591771308, -0.05647006381526182
11.461912746003446, -18.623608241836806, 1.901415976489447, -0.056466096827989934
11.471516279249402, -18.701242516219832, 1.8934010152284264, -0.056228077591676924
11.480377193482722, -18.774244368680577, 1.8955383382313653, -0.056291549388027065
11.489462094259192, -18.850498906366575, 1.9052898744322735, -0.05658113945887455
11.498244800340675, -18.925670610600573, 1.9024846379909164, -0.056497832726165
11.506899382852092, -19.00122027355601, 1.8942025113545284, -0.056251879515308224
11.515348049338739, -19.076473405835745, 1.8995458188618755, -0.05641055900618357
11.523727085545907, -19.15265580157099, 1.905957787870692, -0.05660097439523397
11.531885060280985, -19.22841225036597, 1.9086294416243654, -0.056680314140671643
11.539828795482448, -19.303778653251147, 1.8978092439219878, -0.05635898817164908
11.547610873454964, -19.379240547909546, 1.898477157360406, -0.05637882310800849
11.555227174072137, -19.454762149898823, 1.902217472615549, -0.056489898751621234
11.562707156176293, -19.53064701169547, 1.9015495591771308, -0.05647006381526182
11.569962744795024, -19.60599944796435, 1.895671920919049, -0.05629551637529894
11.577085634480076, -19.681761228190314, 1.8960726689821, -0.05630741733711459
11.58404828417294, -19.757190206010367, 1.9024846379909164, -0.0
11.59098732876805, -19.83236346101316, 1.8863211327811915, -0.0
11.597992306005272, -19.908250988888934, 1.897675661234304, -0.0
11.605065190806085, -19.984874184697706, 1.9074271974352124, -0.0
11.611958966259023, -20.059557022219874, 1.9092973550627839, -0.0
11.61897680760159, -20.135583911740905, 1.9048891263692225, -0.0
11.625954600053184, -20.211176936707222, 1.896874165108202, -0.0
11.632966082816829, -20.287134941374127, 1.9042212129308043, -0.0
11.640038860699118, -20.363756978894717, 1.9091637723751003, -0.0
11.647016446864631, -20.43934776908705, 1.9087630243120493, -0.0
11.654005776179538, -20.51506577719127, 1.8955383382313653, -0.0
11.661113545076347, -20.59206688540686, 1.9024846379909164, -0.0
11.667973871947419, -20.66638736198156, 1.9054234571199573, -0.0
11.674951879133861, -20.74198271325045, 1.8971413304835694, -0.0
11.682054023942497, -20.8189228936238, 1.898477157360406, -0.0
11.688911768335142, -20.893215393247697, 1.9016831418648144, -0.0
11.695900942049473, -20.968931715672912, 1.892733101790008, -0.0
11.70289356760279, -21.044685433155717, 1.893133849853059, -0.0
11.709841388971732, -21.11995377021893, 1.8955383382313653, -0.0
11.716760084703271, -21.194906578402392, 1.8871226289072935, -0.0
11.72371039884515, -21.27020192060343, 1.8892599519102324, -0.0
11.73062793333362, -21.345142148608147, 1.895671920919049, -0.0
11.737598807914912, -21.42066022970843, 1.886187550093508, -0.0
11.744556007850637, -21.496030168279255, 1.8879241250333956, -0.0
11.751503631037282, -21.571296358359834, 1.898877905423457, -0.0
11.758470775801412, -21.64677403296137, 1.8983435746727224, -0.0
11.765423816320618, -21.722098911023632, 1.8872562115949774, -0.0
11.77242317973093, -21.797925622221232, 1.8979428266096714, -0.0
11.779411069042304, -21.873628030230766, 1.9091637723751003, -0.0
11.786398499675775, -21.949325469211715, 1.9011488111140795, -0.0
11.793343630426207, -22.024564657802333, 1.8888592038471814, -0.0
11.799999882855777, -22.096674319931285, 1.763558642799893, -0.0
11.806559762106701, -22.16773993551542, 1.8044349452310982, -0.0
11.813156010519714, -22.239199551780548, 1.7897408495858937, -0.0
11.819587655117928, -22.308875953602445, 1.7431204915842906, -0.0
11.825972792292466, -22.378048523178926, 1.730162970878974, -0.0
11.832177713472603, -22.44526874575474, 1.6875500935078813, -0.0
11.83833221685952, -22.511942773595166, 1.6525514293347583, -0.0
11.844317664224597, -22.576785354574966, 1.620090836227625, -0.0
11.850126880611604, -22.6397187597205, 1.5703980764092973, -0.0
11.855839617710055, -22.701606968793016, 1.5390061448036334, -0.0
11.861299523527617, -22.760756162416033, 1.4799625968474486, -0.0
11.866665270175863, -22.818885294682065, 1.4425594442960192, -0.0
11.871824512491132, -22.874777288582816, 1.396874165108202, -0.0
11.87683645236748, -22.929073500290244, 1.3244723483836496, -0.0
11.881455871297726, -22.97911738636831, 1.244723483836495, -0.0
11.885746833278628, -23.025602975958698, 1.14680737376436, -0.0
11.889618834663686, -23.067549809344865, 1.0249799625968474, -0.0
11.89300761110302, -23.10426168688505, 0.8903286134117019, -0.0
11.89300761110302, -23.10426168688505, 0.0, -0.0
11.89300761110302, -23.10426168688505, 0.0, -0.0
11.89300761110302, -23.10426168688505, 0.0, -0.0
11.89300761110302, -23.10426168688505, 0.0, -0.0
11.89300761110302, -23.10426168688505, 0.0, -0.0
11.89300761110302, -23.10426168688505, 0.0, -0.0
11.89300761110302, -23.10426168688505, 0.0, -0.0
11.89300761110302, -23.10426168688505, 0.0, -0.0
11.89300761110302, -23.10426168688505, 0.0, -0.0
11.89300761110302, -23.10426168688505, 0.0, -0.0
11.89300761110302, -23.10426168688505, 0.0, -0.0
11.89300761110302, -23.10426168688505, 0.0, -0.0
11.89300761110302, -23.10426168688505, 0.0, -0.0
11.89300761110302, -23.10426168688505, 0.0, -0.0
11.89300761110302, -23.10426168688505, 0.0, -0.0
11.89300761110302, -23.10426168688505, 0.0, -0.0
11.89300761110302, -23.10426168688505, 0.0, -0.0
11.89300761110302, -23.10426168688505, 0.0, -0.0
11.89300761110302, -23.10426168688505, 0.0, -0.0
11.89300761110302, -23.10426168688505, 0.0, -0.0
11.89300761110302, -23.10426168688505, 0.0, -0.0
11.89300761110302, -23.10426168688505, 0.0, -0.0
11.89300761110302, -23.10426168688505, 0.0, -0.0
11.89300761110302, -23.10426168688505, 0.0, -0.0
11.89300761110302, -23.10426168688505, 0.0, -0.0
11.89300761110302, -23.10426168688505, 0.0, -0.0
11.89300761110302, -23.10426168688505, 0.0, -0.0
11.89300761110302, -23.10426168688505, 0.0, -0.0
11.89300761110302, -23.10426168688505, 0.0, -0.0
11.89300761110302, -23.10426168688505, 0.0, -0.0
11.89300761110302, -23.10426168688505, 0.0, -0.0
11.89300761110302, -23.10426168688505, 0.0, -0.0
11.89300761110302, -23.10426168688505, 0.0, -0.0
11.89300761110302, -23.10426168688505, 0.0, -0.0
11.89300761110302, -23.10426168688505, 0.0, -0.0
11.89300761110302, -23.10426168688505, 0.0, -0.0
11.89300761110302, -23.10426168688505, 0.0, -0.0
11.89300761110302, -23.10426168688505, 0.0, -0.0
11.89300761110302, -23.10426168688505, 0.0, -0.0
11.89300761110302, -23.10426168688505, 0.0, -0.0
11.89300761110302, -23.10426168688505, 0.0, -0.0
11.89300761110302, -23.10426168688505, 0.0, -0.0
11.89300761110302, -23.10426168688505, 0.0, -0.0
11.89300761110302, -23.10426168688505, 0.0, -0.0
11.89300761110302, -23.10426168688505, 0.0, -0.0
11.89300761110302, -23.10426168688505, 0.0, -0.0
11.89300761110302, -23.10426168688505, 0.0, -0.0
11.89300761110302, -23.10426168688505, 0.0, -0.0
11.89300761110302, -23.10426168688505, 0.0, -0.0
11.89300761110302, -23.10426168688505, 0.0, -0.0
11.89300761110302, -23.10426168688505, 0.0, -0.0
11.89300761110302, -23.10426168688505, 0.0, -0.0
11.89300761110302, -23.10426168688505, 0.0, -0.0
11.89300761110302, -23.10426168688505, 0.0, -0.0
11.89300761110302, -23.10426168688505, 0.0, -0.0
11.89300761110302, -23.10426168688505, 0.0, -0.0
11.89300761110302, -23.10426168688505, 0.0, -0.0
11.89300761110302, -23.10426168688505, 0.0, -0.0
11.89300761110302, -23.10426168688505, 0.0, -0.0
11.89300761110302, -23.10426168688505, 0.0, -0.0
11.89300761110302, -23.10426168688505, 0.0, -0.0
11.89300761110302, -23.10426168688505, 0.0, -0.0
11.89300761110302, -23.10426168688505, 0.0, -0.0
11.89300761110302, -23.10426168688505, 0.0, -0.0
11.89300761110302, -23.10426168688505, 0.0, -0.0
11.89300761110302, -23.10426168688505, 0.0, -0.0
11.89300761110302, -23.10426168688505, 0.0, -0.0
11.89300761110302, -23.10426168688505, 0.0, -0.0
11.89300761110302, -23.10426168688505, 0.0, -0.0
11.89300761110302, -23.10426168688505, 0.0, -0.0
11.89300761110302, -23.10426168688505, 0.0, -0.0
11.89300761110302, -23.10426168688505, 0.0, -0.0
11.89300761110302, -23.10426168688505, 0.0, -0.0
11.89300761110302, -23.10426168688505, 0.0, -0.0
11.89300761110302, -23.10426168688505, 0.0, -0.0
11.89300761110302, -23.10426168688505, 0.0, -0.0
11.89300761110302, -23.10426168688505, 0.0, -0.0
11.89300761110302, -23.10426168688505, 0.0, -0.0
11.89300761110302, -23.10426168688505, 0.0, -0.0
11.89300761110302, -23.10426168688505, 0.0, -0.0
11.89300761110302, -23.10426168688505, 0.0, -0.0
11.89300761110302, -23.10426168688505, 0.0, -0.0
11.89300761110302, -23.10426168688505, 0.0, -0.0
11.89300761110302, -23.10426168688505, 0.0, -0.0
11.89300761110302, -23.10426168688505, 0.0, -0.0
11.89300761110302, -23.10426168688505, 0.0, -0.0
11.89300761110302, -23.10426168688505, 0.0, -0.0
11.89300761110302, -23.10426168688505, 0.0, -0.0
11.89300761110302, -23.10426168688505, 0.0, -0.0
11.89300761110302, -23.10426168688505, 0.0, -0.0
11.89300761110302, -23.10426168688505, 0.0, -0.0
11.89300761110302, -23.10426168688505, 0.0, -0.0
11.89300761110302, -23.10426168688505, 0.0, -0.0
11.89300761110302, -23.10426168688505, 0.0, -0.0
11.89300761110302, -23.10426168688505, 0.0, -0.0
11.89300761110302, -23.10426168688505, 0.0, -0.0
11.89300761110302, -23.10426168688505, 0.0, -0.0
11.89300761110302, -23.10426168688505, 0.0, -0.0
11.89300761110302, -23.10426168688505, 0.0, -0.0
11.89300761110302, -23.10426168688505, 0.0, -0.0
11.89300761110302, -23.10426168688505, 0.0, -0.0
11.89300761110302, -23.10426168688505, 0.0, -0.0
11.89300761110302, -23.10426168688505, 0.0, -0.0
11.89300761110302, -23.10426168688505, 0.0, -0.0
11.89300761110302, -23.10426168688505, 0.0, -0.0
11.89300761110302, -23.10426168688505, 0.0, -0.0
11.89300761110302, -23.10426168688505, 0.0, -0.0
11.89300761110302, -23.10426168688505, 0.0, -0.0
11.89300761110302, -23.10426168688505, 0.0, -0.0
11.89300761110302, -23.10426168688505, 0.0, -0.0
11.89300761110302, -23.10426168688505, 0.0, -0.0
11.89300761110302, -23.10426168688505, 0.0, -0.0
11.89300761110302, -23.10426168688505, 0.0, -0.0
11.89300761110302, -23.10426168688505, 0.0, -0.0
11.89300761110302, -23.10426168688505, 0.0, -0.0
11.89300761110302, -23.10426168688505, 0.0, -0.0
11.89300761110302, -23.10426168688505, 0.0, -0.0
11.89300761110302, -23.10426168688505, 0.0, -0.0
11.89300761110302, -23.10426168688505, 0.0, -0.0
11.89300761110302, -23.10426168688505, 0.0, -0.0
11.89300761110302, -23.10426168688505, 0.0, -0.0
11.89300761110302, -23.10426168688505, 0.0, -0.0
11.89300761110302, -23.10426168688505, 0.0, -0.0
11.89300761110302, -23.10426168688505, 0.0, -0.0
11.89300761110302, -23.10426168688505, 0.0, -0.0
11.89300761110302, -23.10426168688505, 0.0, -0.0
11.89300761110302, -23.10426168688505, 0.0, -0.0
11.89300761110302, -23.10426168688505, 0.0, -0.0
11.89300761110302, -23.10426168688505, 0.0, -0.0
11.89300761110302, -23.10426168688505, 0.0, -0.0
11.89300761110302, -23.10426168688505, 0.0, -0.0
11.89300761110302, -23.10426168688505, 0.0, -0.0
11.89300761110302, -23.10426168688505, 0.0, -0.0
11.89300761110302, -23.10426168688505, 0.0, -0.0
11.89300761110302, -23.10426168688505, 0.0, -0.0
11.89300761110302, -23.10426168688505, 0.0, -0.0
11.89300761110302, -23.10426168688505, 0.0, -0.0
11.89300761110302, -23.10426168688505, 0.0, -0.0
11.89300761110302, -23.10426168688505, 0.0, -0.0
11.89300761110302, -23.10426168688505, 0.0, -0.0
11.89300761110302, -23.10426168688505, 0.0, -0.0
11.89300761110302, -23.10426168688505, 0.0, -0.0
11.89300761110302, -23.10426168688505, 0.0, -0.0
11.89300761110302, -23.10426168688505, 0.0, -0.0
11.89300761110302, -23.10426168688505, 0.0, -0.0
11.89300761110302, -23.10426168688505, 0.0, -0.0
11.89300761110302, -23.10426168688505, 0.0, -0.0
11.89300761110302, -23.10426168688505, 0.0, -0.0
11.89300761110302, -23.10426168688505, 0.0, -0.0
11.89300761110302, -23.10426168688505, 0.0, -0.0
11.89300761110302, -23.10426168688505, 0.0, -0.0
11.89300761110302, -23.10426168688505, 0.0, -0.0
11.89300761110302, -23.10426168688505, 0.0, -0.0
11.89300761110302, -23.10426168688505, 0.0, -0.0
11.89300761110302, -23.10426168688505, 0.0, -0.0
11.89300761110302, -23.10426168688505, 0.0, -0.0
11.89300761110302, -23.10426168688505, 0.0, -0.0
11.89300761110302, -23.10426168688505, 0.0, -0.0
11.89300761110302, -23.10426168688505, 0.0, -0.0
11.89300761110302, -23.10426168688505, 0.0, -0.0
11.89300761110302, -23.10426168688505, 0.0, -0.0
11.89300761110302, -23.10426168688505, 0.0, -0.0
11.89300761110302, -23.10426168688505, 0.0, -0.0
11.89300761110302, -23.10426168688505, 0.0, -0.0
11.89300761110302, -23.10426168688505, 0.0, -0.0
11.89300761110302, -23.10426168688505, 0.0, -0.0
11.89300761110302, -23.10426168688505, 0.0, -0.0
11.89300761110302, -23.10426168688505, 0.0, -0.0
11.89300761110302, -23.10426168688505, 0.0, -0.0
11.89300761110302, -23.10426168688505, 0.0, -0.0
11.89300761110302, -23.10426168688505, 0.0, -0.0
11.89300761110302, -23.10426168688505, 0.0, -0.0
11.89300761110302, -23.10426168688505, 0.0, -0.0
11.89300761110302, -23.10426168688505, 0.0, -0.0
11.89300761110302, -23.10426168688505, 0.0, -0.0
11.89300761110302, -23.10426168688505, 0.0, -0.0
11.89300761110302, -23.10426168688505, 0.0, -0.0
11.89300761110302, -23.10426168688505, 0.0, -0.0
11.89300761110302, -23.10426168688505, 0.0, -0.0
11.89300761110302, -23.10426168688505, 0.0, -0.0
11.89300761110302, -23.10426168688505, 0.0, -0.0
11.89300761110302, -23.10426168688505, 0.0, -0.0
11.89300761110302, -23.10426168688505, 0.0, -0.0
11.89300761110302, -23.10426168688505, 0.0, -0.0
11.89300761110302, -23.10426168688505, 0.0, -0.0
11.89300761110302, -23.10426168688505, 0.0, -0.0
11.89300761110302, -23.10426168688505, 0.0, -0.0
11.89300761110302, -23.10426168688505, 0.0, -0.0
11.89300761110302, -23.10426168688505, 0.0, -0.0
11.89300761110302, -23.10426168688505, 0.0, -0.0
11.89300761110302, -23.10426168688505, 0.0, -0.0
11.89300761110302, -23.10426168688505, 0.0, -0.0
11.89300761110302, -23.10426168688505, 0.0, -0.0
11.89300761110302, -23.10426168688505, 0.0, -0.0
11.89300761110302, -23.10426168688505, 0.0, -0.0
11.89300761110302, -23.10426168688505, 0.0, -0.0
11.89300761110302, -23.10426168688505, 0.0, -0.0
11.89300761110302, -23.10426168688505, 0.0, -0.0
11.89300761110302, -23.10426168688505, 0.0, -0.0
11.89300761110302, -23.10426168688505, 0.0, -0.0
11.89300761110302, -23.10426168688505, 0.0, -0.0
11.89300761110302, -23.10426168688505, 0.0, -0.0
11.89300761110302, -23.10426168688505, 0.0, -0.0
11.89300761110302, -23.10426168688505, 0.0, -0.0
11.89300761110302, -23.10426168688505, 0.0, -0.0
11.89300761110302, -23.10426168688505, 0.0, -0.0
11.89300761110302, -23.10426168688505, 0.0, -0.0
11.89300761110302, -23.10426168688505, 0.0, -0.0
11.89300761110302, -23.10426168688505, 0.0, -0.0
11.89300761110302, -23.10426168688505, 0.0, -0.0
11.89300761110302, -23.10426168688505, 0.0, -0.0
11.89300761110302, -23.10426168688505, 0.0, -0.0
11.89300761110302, -23.10426168688505, 0.0, -0.0
11.89300761110302, -23.10426168688505, 0.0, -0.0
11.89300761110302, -23.10426168688505, 0.0, -0.0
11.89300761110302, -23.10426168688505, 0.0, -0.0
11.89300761110302, -23.10426168688505, 0.0, -0.0
11.89300761110302, -23.10426168688505, 0.0, -0.0
11.89300761110302, -23.10426168688505, 0.0, -0.0
11.89300761110302, -23.10426168688505, 0.0, -0.0
11.89300761110302, -23.10426168688505, 0.0, -0.0
11.89300761110302, -23.10426168688505, 0.0, -0.0
11.89300761110302, -23.10426168688505, 0.0, -0.0
11.89300761110302, -23.10426168688505, 0.0, -0.0
11.89300761110302, -23.10426168688505, 0.0, -0.0
11.89300761110302, -23.10426168688505, 0.0, -0.0
11.89300761110302, -23.10426168688505, 0.0, -0.0
11.89300761110302, -23.10426168688505, 0.0, -0.0
11.89300761110302, -23.10426168688505, 0.0, -0.0
11.89300761110302, -23.10426168688505, 0.0, -0.0
11.89300761110302, -23.10426168688505, 0.0, -0.0
11.89300761110302, -23.10426168688505, 0.0, -0.0
11.89300761110302, -23.10426168688505, 0.0, -0.0
11.89300761110302, -23.10426168688505, 0.0, -0.0
11.89300761110302, -23.10426168688505, 0.0, -0.0
11.89300761110302, -23.10426168688505, 0.0, -0.0
11.89300761110302, -23.10426168688505, 0.0, -0.0
11.89300761110302, -23.10426168688505, 0.0, -0.0
11.89300761110302, -23.10426168688505, 0.0, -0.0
11.89300761110302, -23.10426168688505, 0.0, -0.0
11.89300761110302, -23.10426168688505, 0.0, -0.0
11.89300761110302, -23.10426168688505, 0.0, -0.0
11.89300761110302, -23.10426168688505, 0.0, -0.0
11.89300761110302, -23.10426168688505, 0.0, -0.0
11.89300761110302, -23.10426168688505, 0.0, -0.0
11.89300761110302, -23.10426168688505, 0.0, -0.0
11.89300761110302, -23.10426168688505, 0.0, -0.0
11.89300761110302, -23.10426168688505, 0.0, -0.0
11.89300761110302, -23.10426168688505, 0.0, -0.0
11.89300761110302, -23.10426168688505, 0.0, -0.0
11.89300761110302, -23.10426168688505, 0.0, -0.0
11.89300761110302, -23.10426168688505, 0.0, -0.0
11.89300761110302, -23.10426168688505, 0.0, -0.0
11.89300761110302, -23.10426168688505, 0.0, -0.0
11.89300761110302, -23.10426168688505, 0.0, -0.0
11.89300761110302, -23.10426168688505, 0.0, -0.0
11.89300761110302, -23.10426168688505, 0.0, -0.0
11.89300761110302, -23.10426168688505, 0.0, -0.0
11.89300761110302, -23.10426168688505, 0.0, -0.0
11.89300761110302, -23.10426168688505, 0.0, -0.0
11.89300761110302, -23.10426168688505, 0.0, -0.0
11.89300761110302, -23.10426168688505, 0.0, -0.0
11.89300761110302, -23.10426168688505, 0.0, -0.0
11.89300761110302, -23.10426168688505, 0.0, -0.0
11.89300761110302, -23.10426168688505, 0.0, -0.0
11.89300761110302, -23.10426168688505, 0.0, -0.0
11.89300761110302, -23.10426168688505, 0.0, -0.0
11.89300761110302, -23.10426168688505, 0.0, -0.0
11.89300761110302, -23.10426168688505, 0.0, -0.0
11.89300761110302, -23.10426168688505, 0.0, -0.0
11.89300761110302, -23.10426168688505, 0.0, -0.0
11.89300761110302, -23.10426168688505, 0.0, -0.0
11.89300761110302, -23.10426168688505, 0.0, -0.0
11.89300761110302, -23.10426168688505, 0.0, -0.0
11.89300761110302, -23.10426168688505, 0.0, -0.0
11.89300761110302, -23.10426168688505, 0.0, -0.0
11.89300761110302, -23.10426168688505, 0.0, -0.0
11.89300761110302, -23.10426168688505, 0.0, -0.0
11.89300761110302, -23.10426168688505, 0.0, -0.0
11.89300761110302, -23.10426168688505, 0.0, -0.0
11.89300761110302, -23.10426168688505, 0.0, -0.0
11.89300761110302, -23.10426168688505, 0.0, -0.0
11.89300761110302, -23.10426168688505, 0.0, -0.0
11.89300761110302, -23.10426168688505, 0.0, -0.0
11.89300761110302, -23.10426168688505, 0.0, -0.0
11.89300761110302, -23.10426168688505, 0.0, -0.0
11.89300761110302, -23.10426168688505, 0.0, -0.0
11.89300761110302, -23.10426168688505, 0.0, -0.0
11.89300761110302, -23.10426168688505, 0.0, -0.0
11.89300761110302, -23.10426168688505, 0.0, -0.0
11.89300761110302, -23.10426168688505, 0.0, -0.0
11.89300761110302, -23.10426168688505, 0.0, -0.0
11.89300761110302, -23.10426168688505, 0.0, -0.0
11.89300761110302, -23.10426168688505, 0.0, -0.0
11.89300761110302, -23.10426168688505, 0.0, -0.0
11.89300761110302, -23.10426168688505, 0.0, -0.0
11.89300761110302, -23.10426168688505, 0.0, -0.0
11.89300761110302, -23.10426168688505, 0.0, -0.0
11.89300761110302, -23.10426168688505, 0.0, -0.0
11.89300761110302, -23.10426168688505, 0.0, -0.0
11.89300761110302, -23.10426168688505, 0.0, -0.0
11.89300761110302, -23.10426168688505, 0.0, -0.0
11.89300761110302, -23.10426168688505, 0.0, -0.0
11.89300761110302, -23.10426168688505, 0.0, -0.0
11.89300761110302, -23.10426168688505, 0.0, -0.0
11.89300761110302, -23.10426168688505, 0.0, -0.0
11.89300761110302, -23.10426168688505, 0.0, -0.0
11.89300761110302, -23.10426168688505, 0.0, -0.0
11.89300761110302, -23.10426168688505, 0.0, -0.0
11.89300761110302, -23.10426168688505, 0.0, -0.0
11.89300761110302, -23.10426168688505, 0.0, -0.0
11.89300761110302, -23.10426168688505, 0.0, -0.0
11.89300761110302, -23.10426168688505, 0.0, -0.0
11.89300761110302, -23.10426168688505, 0.0, -0.0
11.89300761110302, -23.10426168688505, 0.0, -0.0
11.89300761110302, -23.10426168688505, 0.0, -0.0
11.89300761110302, -23.10426168688505, 0.0, -0.0
11.89300761110302, -23.10426168688505, 0.0, -0.0
11.89300761110302, -23.10426168688505, 0.0, -0.0
11.89300761110302, -23.10426168688505, 0.0, -0.0
11.89300761110302, -23.10426168688505, 0.0, -0.0
11.89300761110302, -23.10426168688505, 0.0, -0.0
11.89300761110302, -23.10426168688505, 0.0, -0.0
11.89300761110302, -23.10426168688505, 0.0, -0.0
11.89300761110302, -23.10426168688505, 0.0, -0.0
11.89300761110302, -23.10426168688505, 0.0, -0.0
11.89300761110302, -23.10426168688505, 0.0, -0.0
11.89300761110302, -23.10426168688505, 0.0, -0.0
11.89300761110302, -23.10426168688505, 0.0, -0.0
11.89300761110302, -23.10426168688505, 0.0, -0.0
11.89300761110302, -23.10426168688505, 0.0, -0.0
11.89300761110302, -23.10426168688505, 0.0, -0.0
11.89300761110302, -23.10426168688505, 0.0, -0.0
11.89300761110302, -23.10426168688505, 0.0, -0.0
11.89300761110302, -23.10426168688505, 0.0, -0.0
11.89300761110302, -23.10426168688505, 0.0, -0.0
11.89300761110302, -23.10426168688505, 0.0, -0.0
11.89300761110302, -23.10426168688505, 0.0, -0.0
11.89300761110302, -23.10426168688505, 0.0, -0.0
11.89300761110302, -23.10426168688505, 0.0, -0.0
11.89300761110302, -23.10426168688505, 0.0, -0.0
11.89300761110302, -23.10426168688505, 0.0, -0.0
11.89300761110302, -23.10426168688505, 0.0, -0.0
11.89300761110302, -23.10426168688505, 0.0, -0.0
11.89300761110302, -23.10426168688505, 0.0, -0.0
11.89300761110302, -23.10426168688505, 0.0, -0.0
11.89300761110302, -23.10426168688505, 0.0, -0.0
11.89300761110302, -23.10426168688505, 0.0, -0.0
11.89300761110302, -23.10426168688505, 0.0, -0.0
11.89300761110302, -23.10426168688505, 0.0, -0.0
11.89300761110302, -23.10426168688505, 0.0, -0.0
11.89300761110302, -23.10426168688505, 0.0, -0.0
11.89300761110302, -23.10426168688505, 0.0, -0.0
11.89300761110302, -23.10426168688505, 0.0, -0.0
11.89300761110302, -23.10426168688505, 0.0, -0.0
11.89300761110302, -23.10426168688505, 0.0, -0.0
11.89300761110302, -23.10426168688505, 0.0, -0.0
11.89300761110302, -23.10426168688505, 0.0, -0.0
11.89300761110302, -23.10426168688505, 0.0, -0.0
11.89300761110302, -23.10426168688505, 0.0, -0.0
11.89300761110302, -23.10426168688505, 0.0, -0.0
11.89300761110302, -23.10426168688505, 0.0, -0.0
11.89300761110302, -23.10426168688505, 0.0, -0.0
11.89300761110302, -23.10426168688505, 0.0, -0.0
11.89300761110302, -23.10426168688505, 0.0, -0.0
11.89300761110302, -23.10426168688505, 0.0, -0.0
11.89300761110302, -23.10426168688505, 0.0, -0.0
11.89300761110302, -23.10426168688505, 0.0, -0.0
11.89300761110302, -23.10426168688505, 0.0, -0.0
11.89300761110302, -23.10426168688505, 0.0, -0.0
11.89300761110302, -23.10426168688505, 0.0, -0.0
11.89300761110302, -23.10426168688505, 0.0, -0.0
11.89300761110302, -23.10426168688505, 0.0, -0.0
11.89300761110302, -23.10426168688505, 0.0, -0.0
11.89300761110302, -23.10426168688505, 0.0, -0.0
11.89300761110302, -23.10426168688505, 0.0, -0.0
11.89300761110302, -23.10426168688505, 0.0, -0.0
11.89300761110302, -23.10426168688505, 0.0, -0.0
11.89300761110302, -23.10426168688505, 0.0, -0.0
11.89300761110302, -23.10426168688505, 0.0, -0.0
11.89300761110302, -23.10426168688505, 0.0, -0.0
11.89300761110302, -23.10426168688505, 0.0, -0.0
11.89300761110302, -23.10426168688505, 0.0, -0.0
11.89300761110302, -23.10426168688505, 0.0, -0.0
11.89300761110302, -23.10426168688505, 0.0, -0.0
11.89300761110302, -23.10426168688505, 0.0, -0.0
11.89300761110302, -23.10426168688505, 0.0, -0.0
11.89300761110302, -23.10426168688505, 0.0, -0.0
11.89300761110302, -23.10426168688505, 0.0, -0.0
11.89300761110302, -23.10426168688505, 0.0, -0.0
11.89300761110302, -23.10426168688505, 0.0, -0.0
11.89300761110302, -23.10426168688505, 0.0, -0.0
11.89300761110302, -23.10426168688505, 0.0, -0.0
11.89300761110302, -23.10426168688505, 0.0, -0.0
11.89300761110302, -23.10426168688505, 0.0, -0.0
11.89300761110302, -23.10426168688505, 0.0, -0.0
11.89300761110302, -23.10426168688505, 0.0, -0.0
11.89300761110302, -23.10426168688505, 0.0, -0.0
11.89300761110302, -23.10426168688505, 0.0, -0.0
11.89300761110302, -23.10426168688505, 0.0, -0.0
11.89300761110302, -23.10426168688505, 0.0, -0.0
11.89300761110302, -23.10426168688505, 0.0, -0.0
11.89300761110302, -23.10426168688505, 0.0, -0.0
11.89300761110302, -23.10426168688505, 0.0, -0.0
11.89300761110302, -23.10426168688505, 0.0, -0.0
11.89300761110302, -23.10426168688505, 0.0, -0.0
11.89300761110302, -23.10426168688505, 0.0, -0.0
11.89300761110302, -23.10426168688505, 0.0, -0.0
11.89300761110302, -23.10426168688505, 0.0, -0.0
11.89300761110302, -23.10426168688505, 0.0, -0.0
11.89300761110302, -23.10426168688505, 0.0, -0.0
11.89300761110302, -23.10426168688505, 0.0, -0.0
11.89300761110302, -23.10426168688505, 0.0, -0.0
11.89300761110302, -23.10426168688505, 0.0, -0.0
11.89300761110302, -23.10426168688505, 0.0, -0.0
11.89300761110302, -23.10426168688505, 0.0, -0.0
11.89300761110302, -23.10426168688505, 0.0, -0.0
11.89300761110302, -23.10426168688505, 0.0, -0.0
11.89300761110302, -23.10426168688505, 0.0, -0.0
11.89300761110302, -23.10426168688505, 0.0, -0.0
11.89300761110302, -23.10426168688505, 0.0, -0.0
11.89300761110302, -23.10426168688505, 0.0, -0.0
11.89300761110302, -23.10426168688505, 0.0, -0.0
11.89300761110302, -23.10426168688505, 0.0, -0.0
11.89300761110302, -23.10426168688505, 0.0, -0.0
11.89300761110302, -23.10426168688505, 0.0, -0.0
11.89300761110302, -23.10426168688505, 0.0, -0.0
11.89300761110302, -23.10426168688505, 0.0, -0.0
11.89300761110302, -23.10426168688505, 0.0, -0.0
11.89300761110302, -23.10426168688505, 0.0, -0.0
11.89300761110302, -23.10426168688505, 0.0, -0.0
11.89300761110302, -23.10426168688505, 0.0, -0.0
11.89300761110302, -23.10426168688505, 0.0, -0.0
11.89300761110302, -23.10426168688505, 0.0, -0.0
11.89300761110302, -23.10426168688505, 0.0, -0.0
11.89300761110302, -23.10426168688505, 0.0, -0.0
11.89300761110302, -23.10426168688505, 0.0, -0.0
11.89300761110302, -23.10426168688505, 0.0, -0.0
11.89300761110302, -23.10426168688505, 0.0, -0.0
11.89300761110302, -23.10426168688505, 0.0, -0.0
11.89300761110302, -23.10426168688505, 0.0, -0.0
11.89300761110302, -23.10426168688505, 0.0, -0.0
11.89300761110302, -23.10426168688505, 0.0, -0.0
11.89300761110302, -23.10426168688505, 0.0, -0.0
11.89300761110302, -23.10426168688505, 0.0, -0.0
11.89300761110302, -23.10426168688505, 0.0, -0.0
11.89300761110302, -23.10426168688505, 0.0, -0.0
11.89300761110302, -23.10426168688505, 0.0, -0.0
11.89300761110302, -23.10426168688505, 0.0, -0.0
11.89300761110302, -23.10426168688505, 0.0, -0.0
11.89300761110302, -23.10426168688505, 0.0, -0.0
11.89300761110302, -23.10426168688505, 0.0, -0.0
11.89300761110302, -23.10426168688505, 0.0, -0.0
11.89300761110302, -23.10426168688505, 0.0, -0.0
11.89300761110302, -23.10426168688505, 0.0, -0.0
11.89300761110302, -23.10426168688505, 0.0, -0.0
11.89300761110302, -23.10426168688505, 0.0, -0.0
11.89300761110302, -23.10426168688505, 0.0, -0.0
11.89300761110302, -23.10426168688505, 0.0, -0.0
11.89300761110302, -23.10426168688505, 0.0, -0.0
11.89300761110302, -23.10426168688505, 0.0, -0.0
11.89300761110302, -23.10426168688505, 0.0, -0.0
11.89300761110302, -23.10426168688505, 0.0, -0.0
11.89300761110302, -23.10426168688505, 0.0, -0.0
11.89300761110302, -23.10426168688505, 0.0, -0.0
11.89300761110302, -23.10426168688505, 0.0, -0.0
11.89300761110302, -23.10426168688505, 0.0, -0.0
11.89300761110302, -23.10426168688505, 0.0, -0.0
11.89300761110302, -23.10426168688505, 0.0, -0.0
11.89300761110302, -23.10426168688505, 0.0, -0.0
11.89300761110302, -23.10426168688505, 0.0, -0.0
11.89300761110302, -23.10426168688505, 0.0, -0.0
11.89300761110302, -23.10426168688505, 0.0, -0.0
11.89300761110302, -23.10426168688505, 0.0, -0.0
11.89300761110302, -23.10426168688505, 0.0, -0.0
11.89300761110302, -23.10426168688505, 0.0, -0.0
11.89300761110302, -23.10426168688505, 0.0, -0.0
11.89300761110302, -23.10426168688505, 0.0, -0.0
11.89300761110302, -23.10426168688505, 0.0, -0.0
11.89300761110302, -23.10426168688505, 0.0, -0.0
11.89300761110302, -23.10426168688505, 0.0, -0.0
11.89300761110302, -23.10426168688505, 0.0, -0.0
11.89300761110302, -23.10426168688505, 0.0, -0.0
11.89300761110302, -23.10426168688505, 0.0, -0.0
11.89300761110302, -23.10426168688505, 0.0, -0.0
11.89300761110302, -23.10426168688505, 0.0, -0.0
11.89300761110302, -23.10426168688505, 0.0, -0.0
11.89300761110302, -23.10426168688505, 0.0, -0.0
11.89300761110302, -23.10426168688505, 0.0, -0.0
11.89300761110302, -23.10426168688505, 0.0, -0.0
11.89300761110302, -23.10426168688505, 0.0, -0.0
11.89300761110302, -23.10426168688505, 0.0, -0.0
11.89300761110302, -23.10426168688505, 0.0, -0.0
11.89300761110302, -23.10426168688505, 0.0, -0.0
11.89300761110302, -23.10426168688505, 0.0, -0.0
11.89300761110302, -23.10426168688505, 0.0, -0.0
11.89300761110302, -23.10426168688505, 0.0, -0.0
11.89300761110302, -23.10426168688505, 0.0, -0.0
11.89300761110302, -23.10426168688505, 0.0, -0.0
