-22.357751,29.295413,-1.678944,3.200000
-22.362282,29.255671,-1.681256,3.200000
-22.366790,29.215926,-1.683528,3.200000
-22.371252,29.176175,-1.685864,3.200000
-22.375649,29.136418,-1.688361,3.200000
-22.379968,29.096652,-1.691079,3.200000
-22.384242,29.056881,-1.694049,3.200000
-22.388550,29.017113,-1.697329,3.200000
-22.392975,28.977358,-1.701000,3.200000
-22.397604,28.937627,-1.705099,3.200000
-22.402509,28.897929,-1.709570,3.200000
-22.407680,28.858264,-1.714363,3.200000
-22.413089,28.818631,-1.719461,3.200000
-22.418746,28.779033,-1.724859,3.200000
-22.424688,28.739476,-1.730513,3.200000
-22.430940,28.699968,-1.736358,3.200000
-22.437513,28.660511,-1.742378,3.200000
-22.444424,28.621111,-1.748558,3.200000
-22.451713,28.581780,-1.754850,3.200000
-22.459411,28.542528,-1.761110,3.200000
-22.467481,28.503350,-1.767180,3.200000
-22.475854,28.464235,-1.773002,3.200000
-22.484482,28.425177,-1.778606,3.200000
-22.493334,28.386168,-1.783978,3.200000
-22.502372,28.347203,-1.789012,3.200000
-22.511529,28.308265,-1.793635,3.200000
-22.520753,28.269343,-1.797949,3.200000
-22.530073,28.230444,-1.802068,3.200000
-22.539543,28.191581,-1.805961,3.200000
-22.549164,28.152755,-1.809540,3.200000
-22.558893,28.113956,-1.812782,3.200000
-22.568701,28.075177,-1.815777,3.200000
-22.578580,28.036416,-1.818608,3.200000
-22.588516,27.997670,-1.821314,3.200000
-22.598466,27.958927,-1.823929,3.200000
-22.608380,27.920175,-1.826518,3.200000
-22.618299,27.881425,-1.829160,3.200000
-22.628329,27.842703,-1.831879,3.200000
-22.638533,27.804026,-1.834628,3.200000
-22.648889,27.765389,-1.837383,3.200000
-22.659371,27.726787,-1.840243,3.200000
-22.669981,27.688220,-1.843315,3.200000
-22.680725,27.649690,-1.846544,3.200000
-22.691606,27.611198,-1.849805,3.200000
-22.702621,27.572745,-1.853069,3.200000
-22.713768,27.534329,-1.856461,3.200000
-22.725043,27.495951,-1.860065,3.200000
-22.736446,27.457611,-1.863796,3.200000
-22.747986,27.419311,-1.867558,3.200000
-22.759681,27.381059,-1.871324,3.200000
-22.771565,27.342865,-1.875076,3.200000
-22.783686,27.304745,-1.878802,3.200000
-22.796045,27.266703,-1.882542,3.200000
-22.808548,27.228707,-1.886338,3.200000
-22.821106,27.190729,-1.890177,3.200000
-22.833729,27.152773,-1.894029,3.200000
-22.846461,27.114853,-1.897858,3.200000
-22.859339,27.076983,-1.901613,3.200000
-22.872387,27.039170,-1.905257,3.200000
-22.885614,27.001421,-1.908871,3.200000
-22.898984,26.963721,-1.912551,3.200000
-22.912461,26.926060,-1.916250,3.200000
-22.926056,26.888441,-1.919845,3.200000
-22.939810,26.850880,-1.923363,3.200000
-22.953740,26.813384,-1.926947,3.200000
-22.967823,26.775945,-1.930675,3.200000
-22.982032,26.738554,-1.934491,3.200000
-22.996328,26.701195,-1.938333,3.200000
-23.010670,26.663855,-1.942165,3.200000
-23.025087,26.626543,-1.945960,3.200000
-23.039670,26.589296,-1.949741,3.200000
-23.054483,26.552140,-1.953551,3.200000
-23.069491,26.515062,-1.957399,3.200000
-23.084646,26.478043,-1.961246,3.200000
-23.099936,26.441081,-1.965105,3.200000
-23.115372,26.404179,-1.969036,3.200000
-23.130963,26.367343,-1.972988,3.200000
-23.146703,26.330570,-1.976885,3.200000
-23.162589,26.293859,-1.980740,3.200000
-23.178622,26.257213,-1.984659,3.200000
-23.194803,26.220632,-1.988608,3.200000
-23.211131,26.184116,-1.992411,3.200000
-23.227592,26.147660,-1.995973,3.200000
-23.244179,26.111261,-1.999326,3.200000
-23.260922,26.074933,-2.002565,3.200000
-23.277867,26.038700,-2.005714,3.200000
-23.295002,26.002556,-2.008684,3.200000
-23.312245,25.966463,-2.011370,3.200000
-23.329523,25.930387,-2.013731,3.200000
-23.346859,25.894339,-2.015821,3.200000
-23.364311,25.858347,-2.017680,3.190286
-23.381887,25.822415,-2.019230,3.178286
-23.399528,25.786515,-2.020373,3.166286
-23.417180,25.750620,-2.021076,3.154286
-23.434855,25.714737,-2.021384,3.142286
-23.452588,25.678883,-2.021288,3.130286
-23.470369,25.643053,-2.020642,3.118286
-23.488125,25.607210,-2.019396,3.106286
-23.505788,25.571321,-2.017586,3.094286
-23.523369,25.535391,-2.015269,3.082286
-23.540906,25.499440,-2.012375,3.070286
-23.558393,25.463465,-2.008783,3.058286
-23.575753,25.427428,-2.004477,3.046286
-23.592913,25.391297,-1.999559,3.034286
-23.609885,25.355076,-1.994164,3.022286
-23.626714,25.318787,-1.988306,3.010286
-23.643384,25.282426,-1.981850,2.998286
-23.659800,25.245949,-1.974757,2.986286
-23.675867,25.209318,-1.967143,2.974286
-23.691570,25.172528,-1.959122,2.962286
-23.706915,25.135587,-1.950666,2.950286
-23.721883,25.098491,-1.941683,2.938286
-23.736421,25.061226,-1.932217,2.926286
-23.750494,25.023784,-1.922464,2.914286
-23.764158,24.986189,-1.912572,2.902286
-23.777486,24.948472,-1.902560,2.890286
-23.790456,24.910632,-1.892442,2.878286
-23.802976,24.872642,-1.882327,2.866286
-23.814995,24.834490,-1.872285,2.854286
-23.826554,24.796195,-1.862322,2.842286
-23.837694,24.757775,-1.852319,2.830286
-23.848396,24.719233,-1.842164,2.818286
-23.858622,24.680562,-1.831911,2.806286
-23.868393,24.641773,-1.821663,2.794286
-23.877787,24.602890,-1.811397,2.782286
-23.886877,24.563937,-1.800960,2.770286
-23.895716,24.524925,-1.790251,2.758286
-23.904342,24.485866,-1.779358,2.746286
-23.912726,24.446754,-1.768374,2.734286
-23.920811,24.407579,-1.757209,2.722286
-23.928523,24.368328,-1.745707,2.710286
-23.935769,24.328990,-1.733723,2.698286
-23.942499,24.289559,-1.721169,2.686286
-23.948733,24.250046,-1.708062,2.674286
-23.954488,24.210461,-1.694456,2.662286
-23.959731,24.170805,-1.680373,2.650286
-23.964422,24.131080,-1.665826,2.638286
-23.968540,24.091291,-1.650833,2.626286
-23.972075,24.051446,-1.635413,2.614286
-23.974986,24.011550,-1.619653,2.602286
-23.977198,23.971609,-1.603640,2.590286
-23.978625,23.931630,-1.587495,2.578286
-23.979153,23.891631,-1.571312,2.566286
-23.978702,23.851632,-1.555046,2.554286
-23.977344,23.811650,-1.538635,2.542286
-23.975192,23.771705,-1.522132,2.530286
-23.972335,23.731806,-1.505637,2.518286
-23.968846,23.691957,-1.489226,2.506286
-23.964772,23.652163,-1.472941,2.494286
-23.960133,23.612432,-1.456748,2.482286
-23.954945,23.572769,-1.440584,2.470286
-23.949219,23.533179,-1.424405,2.458286
-23.942961,23.493670,-1.408203,2.446286
-23.936144,23.454254,-1.391992,2.434286
-23.928733,23.414945,-1.375721,2.422286
-23.920738,23.375750,-1.359208,2.410978
-23.912203,23.336670,-1.342307,2.400761
-23.903164,23.297704,-1.324933,2.391710
-23.893648,23.258851,-1.307014,2.384124
-23.883659,23.220116,-1.288575,2.378478
-23.873108,23.181532,-1.269657,2.375098
-23.861884,23.143135,-1.250292,2.374114
-23.849887,23.104973,-1.230482,2.375638
-23.837021,23.067095,-1.210257,2.379854
-23.823216,23.029547,-1.189708,2.387053
-23.808445,22.992368,-1.168918,2.397614
-23.792689,22.955595,-1.147904,2.409614
-23.775954,22.919257,-1.126689,2.421614
-23.758258,22.883379,-1.105316,2.433614
-23.739636,22.847972,-1.083833,2.445614
-23.720147,22.813034,-1.062377,2.457614
-23.699846,22.778561,-1.041170,2.469614
-23.678765,22.744562,-1.020419,2.481614
-23.656925,22.711045,-1.000301,2.493614
-23.634358,22.678014,-0.980984,2.505614
-23.611109,22.645457,-0.962572,2.517614
-23.587229,22.613362,-0.945144,2.529614
-23.562770,22.581708,-0.928757,2.541614
-23.537787,22.550465,-0.913440,2.553614
-23.512337,22.519603,-0.899204,2.565614
-23.486474,22.489086,-0.886013,2.577614
-23.460254,22.458876,-0.873824,2.589614
-23.433729,22.428934,-0.862613,2.601614
-23.406939,22.399229,-0.852388,2.613614
-23.379915,22.369737,-0.843155,2.625614
-23.352687,22.340434,-0.834886,2.637614
-23.325282,22.311297,-0.827537,2.649614
-23.297721,22.282306,-0.821063,2.661614
-23.270028,22.253442,-0.815403,2.673614
-23.242219,22.224690,-0.810490,2.685614
-23.214307,22.196038,-0.806256,2.697614
-23.186306,22.167474,-0.802627,2.709614
-23.158228,22.138985,-0.799521,2.721614
-23.130088,22.110557,-0.796864,2.733614
-23.101901,22.082176,-0.794606,2.745614
-23.073678,22.053829,-0.792700,2.757614
-23.045430,22.025509,-0.791102,2.769614
-23.017162,21.997208,-0.789777,2.781614
-22.988883,21.968919,-0.788688,2.793614
-22.960597,21.940636,-0.787802,2.805614
-22.932309,21.912356,-0.787094,2.817614
-22.904023,21.884073,-0.786547,2.829614
-22.875739,21.855789,-0.786142,2.841614
-22.847455,21.827504,-0.785858,2.853614
-22.819171,21.799220,-0.785667,2.865614
-22.790886,21.770936,-0.785534,2.877614
-22.762602,21.742652,-0.785434,2.889614
-22.734317,21.714368,-0.785347,2.901614
-22.706033,21.686084,-0.785252,2.913614
-22.677748,21.657800,-0.785134,2.925614
-22.649463,21.629517,-0.784978,2.937614
-22.621178,21.601234,-0.784770,2.949614
-22.592893,21.572950,-0.784497,2.961614
-22.564611,21.544663,-0.784155,2.973614
-22.536331,21.516375,-0.783738,2.985614
-22.508049,21.488088,-0.783240,2.997614
-22.479759,21.459810,-0.782654,3.009614
-22.451456,21.431544,-0.781970,3.021614
-22.423135,21.403296,-0.781179,3.033614
-22.394793,21.375070,-0.780274,3.045614
-22.366427,21.346868,-0.779249,3.057614
-22.338032,21.318695,-0.778097,3.069614
-22.309603,21.290556,-0.776811,3.081614
-22.281137,21.262454,-0.775376,3.093614
-22.252629,21.234395,-0.773769,3.105614
-22.224075,21.206383,-0.771979,3.117614
-22.195471,21.178423,-0.770019,3.129614
-22.166812,21.150518,-0.767924,3.141614
-22.138093,21.122675,-0.765723,3.153614
-22.109310,21.094899,-0.763442,3.165614
-22.080458,21.067193,-0.761102,3.177614
-22.051534,21.039564,-0.758721,3.189614
-22.022534,21.012013,-0.756324,3.200000
-21.993454,20.984548,-0.753934,3.200000
-21.964283,20.957178,-0.751577,3.200000
-21.935013,20.929915,-0.749278,3.200000
-21.905638,20.902765,-0.747059,3.200000
-21.876168,20.875718,-0.744946,3.200000
-21.846617,20.848760,-0.742963,3.200000
-21.816999,20.821876,-0.741136,3.200000
-21.787320,20.795058,-0.739491,3.200000
-21.757590,20.768298,-0.738051,3.200000
-21.727817,20.741585,-0.736836,3.200000
-21.698009,20.714911,-0.735865,3.200000
-21.668177,20.688264,-0.735170,3.200000
-21.638331,20.661633,-0.734792,3.200000
-21.608480,20.635008,-0.734772,3.200000
-21.578633,20.608378,-0.735113,3.200000
-21.548799,20.581733,-0.735777,3.200000
-21.518989,20.555062,-0.736720,3.200000
-21.489211,20.528355,-0.737910,3.200000
-21.459476,20.501599,-0.739327,3.200000
-21.429792,20.474788,-0.740950,3.200000
-21.400167,20.447911,-0.742758,3.200000
-21.370609,20.420961,-0.744724,3.200000
-21.341130,20.393924,-0.746824,3.200000
-21.311744,20.366786,-0.749032,3.200000
-21.282462,20.339535,-0.751322,3.200000
-21.253282,20.312176,-0.753672,3.200000
-21.224192,20.284721,-0.756055,3.200000
-21.195184,20.257179,-0.758449,3.200000
-21.166251,20.229558,-0.760832,3.200000
-21.137391,20.201861,-0.763183,3.200000
-21.108600,20.174093,-0.765476,3.200000
-21.079874,20.146257,-0.767683,3.200000
-21.051208,20.118360,-0.769769,3.200000
-21.022598,20.090406,-0.771697,3.200000
-20.994038,20.062400,-0.773427,3.200000
-20.965524,20.034347,-0.774935,3.200000
-20.937052,20.006252,-0.776224,3.200000
-20.908617,19.978118,-0.777309,3.200000
-20.880218,19.949950,-0.778198,3.200000
-20.851850,19.921749,-0.778893,3.200000
-20.823510,19.893521,-0.779393,3.200000
-20.795188,19.865274,-0.779696,3.200000
-20.766876,19.837017,-0.779803,3.200000
-20.738565,19.808760,-0.779713,3.200000
-20.710245,19.780512,-0.779426,3.200000
-20.681907,19.752282,-0.778942,3.200000
-20.653541,19.724079,-0.778262,3.200000
-20.625144,19.695908,-0.777388,3.200000
-20.596713,19.667771,-0.776319,3.200000
-20.568244,19.639672,-0.775045,3.200000
-20.539734,19.611616,-0.773554,3.200000
-20.511179,19.583605,-0.771839,3.200000
-20.482573,19.555646,-0.769923,3.200000
-20.453911,19.527744,-0.767845,3.200000
-20.425190,19.499903,-0.765645,3.200000
-20.396405,19.472129,-0.763355,3.200000
-20.367550,19.444427,-0.761006,3.200000
-20.338623,19.416800,-0.758622,3.200000
-20.309621,19.389253,-0.756226,3.200000
-20.280537,19.361791,-0.753839,3.200000
-20.251363,19.334425,-0.751485,3.200000
-20.222089,19.307166,-0.749187,3.200000
-20.192710,19.280021,-0.746971,3.200000
-20.163236,19.252978,-0.744861,3.200000
-20.133682,19.226022,-0.742883,3.200000
-20.104061,19.199142,-0.741062,3.200000
-20.074380,19.172327,-0.739425,3.200000
-20.044648,19.145568,-0.737993,3.200000
-20.014873,19.118858,-0.736786,3.200000
-19.985064,19.092186,-0.735825,3.200000
-19.955231,19.065540,-0.735141,3.200000
-19.925384,19.038910,-0.734776,3.200000
-19.895532,19.012285,-0.734771,3.200000
-19.865685,18.985655,-0.735127,3.200000
-19.835852,18.959010,-0.735803,3.200000
-19.806042,18.932338,-0.736758,3.200000
-19.776266,18.905629,-0.737959,3.200000
-19.746533,18.878872,-0.739385,3.200000
-19.716851,18.852058,-0.741017,3.200000
-19.687228,18.825179,-0.742834,3.200000
-19.657672,18.798225,-0.744808,3.200000
-19.628197,18.771184,-0.746913,3.200000
-19.598815,18.744042,-0.749125,3.200000
-19.569538,18.716787,-0.751420,3.200000
-19.540361,18.689423,-0.753773,3.200000
-19.511275,18.661964,-0.756160,3.200000
-19.482271,18.634419,-0.758557,3.200000
-19.453342,18.606794,-0.760938,3.200000
-19.424485,18.579094,-0.763279,3.200000
-19.395697,18.551322,-0.765561,3.200000
-19.366975,18.523483,-0.767767,3.200000
-19.338311,18.495583,-0.769875,3.200000
-19.309703,18.467626,-0.771852,3.200000
-19.281145,18.439618,-0.773653,3.200000
-19.252633,18.411563,-0.775254,3.200000
-19.224164,18.383465,-0.776658,3.200000
-19.195733,18.355329,-0.777878,3.200000
-19.167335,18.327159,-0.778925,3.200000
-19.138965,18.298960,-0.779803,3.200000
-19.110620,18.270736,-0.780507,3.200000
-19.082297,18.242491,-0.781038,3.200000
-19.053994,18.214225,-0.781396,3.200000
-19.025707,18.185944,-0.781582,3.200000
-18.997427,18.157655,-0.781597,3.200000
-18.969142,18.129372,-0.781442,3.200000
-18.940843,18.101103,-0.781116,3.200000
-18.912524,18.072853,-0.780616,3.200000
-18.884183,18.044625,-0.779943,3.200000
-18.855818,18.016422,-0.779097,3.200000
-18.827426,17.988246,-0.778080,3.200000
-18.799001,17.960103,-0.776891,3.200000
-18.770539,17.931997,-0.775521,3.200000
-18.742036,17.903934,-0.773956,3.200000
-18.713486,17.875917,-0.772189,3.200000
-18.684887,17.847951,-0.770240,3.200000
-18.656234,17.820040,-0.768151,3.200000
-18.627523,17.792190,-0.765959,3.200000
-18.598747,17.764406,-0.763688,3.200000
-18.569903,17.736693,-0.761356,3.200000
-18.540987,17.709054,-0.758979,3.200000
-18.511996,17.681495,-0.756582,3.200000
-18.482925,17.654020,-0.754190,3.200000
-18.453765,17.626639,-0.751829,3.200000
-18.424506,17.599364,-0.749522,3.200000
-18.395142,17.572202,-0.747293,3.200000
-18.365681,17.545145,-0.745167,3.200000
-18.336139,17.518177,-0.743168,3.200000
-18.306527,17.491286,-0.741322,3.200000
-18.276854,17.464461,-0.739656,3.200000
-18.247129,17.437695,-0.738192,3.200000
-18.217360,17.410979,-0.736950,3.200000
-18.187555,17.384301,-0.735951,3.200000
-18.157725,17.357652,-0.735224,3.200000
-18.127880,17.331020,-0.734809,3.200000
-18.098028,17.304395,-0.734748,3.200000
-18.068180,17.277767,-0.735053,3.200000
-18.038344,17.251125,-0.735684,3.200000
-18.008530,17.224457,-0.736600,3.200000
-17.978748,17.197754,-0.737765,3.200000
-17.949008,17.171005,-0.739160,3.200000
-17.919318,17.144200,-0.740763,3.200000
-17.889686,17.117331,-0.742554,3.200000
-17.860120,17.090390,-0.744506,3.200000
-17.830631,17.063363,-0.746594,3.200000
-17.801235,17.036236,-0.748792,3.200000
-17.771942,17.008998,-0.751076,3.200000
-17.742751,16.981650,-0.753422,3.200000
-17.713652,16.954204,-0.755807,3.200000
-17.684636,16.926671,-0.758204,3.200000
-17.655696,16.899058,-0.760589,3.200000
-17.626829,16.871368,-0.762938,3.200000
-17.598031,16.843607,-0.765230,3.200000
-17.569299,16.815777,-0.767449,3.200000
-17.540628,16.787886,-0.769573,3.200000
-17.512012,16.759937,-0.771572,3.200000
-17.483447,16.731936,-0.773402,3.200000
-17.454929,16.703887,-0.775033,3.200000
-17.426454,16.675795,-0.776464,3.200000
-17.398017,16.647664,-0.777711,3.200000
-17.369615,16.619499,-0.778783,3.200000
-17.341241,16.591304,-0.779685,3.200000
-17.312893,16.563084,-0.780415,3.200000
-17.284567,16.534841,-0.780971,3.200000
-17.256261,16.506578,-0.781354,3.200000
-17.227972,16.478299,-0.781564,3.200000
-17.199692,16.450010,-0.781604,3.200000
-17.171408,16.421725,-0.781473,3.200000
-17.143111,16.393454,-0.781171,3.200000
-17.114795,16.365201,-0.780696,3.200000
-17.086458,16.336971,-0.780048,3.200000
-17.058097,16.308763,-0.779226,3.200000
-17.029708,16.280583,-0.778233,3.200000
-17.001288,16.252435,-0.777069,3.200000
-16.972832,16.224324,-0.775726,3.200000
-16.944335,16.196255,-0.774190,3.200000
-16.915792,16.168231,-0.772452,3.200000
-16.887200,16.140258,-0.770527,3.200000
-16.858555,16.112339,-0.768456,3.200000
-16.829852,16.084480,-0.766277,3.200000
-16.801085,16.056686,-0.764017,3.200000
-16.772251,16.028962,-0.761693,3.200000
-16.743346,16.001313,-0.759322,3.200000
-16.714366,15.973742,-0.756927,3.200000
-16.685306,15.946254,-0.754533,3.200000
-16.656160,15.918859,-0.752166,3.200000
-16.626916,15.891568,-0.749850,3.200000
-16.597567,15.864390,-0.747609,3.200000
-16.568119,15.837319,-0.745467,3.200000
-16.538588,15.810339,-0.743448,3.200000
-16.508985,15.783437,-0.741579,3.200000
-16.479321,15.756604,-0.739886,3.200000
-16.449604,15.729829,-0.738392,3.200000
-16.419840,15.703106,-0.737117,3.200000
-16.390040,15.676423,-0.736082,3.200000
-16.360213,15.649771,-0.735313,3.200000
-16.330370,15.623137,-0.734851,3.200000
-16.300518,15.596512,-0.734737,3.200000
-16.270669,15.569884,-0.734991,3.200000
-16.240831,15.543245,-0.735577,3.200000
-16.211013,15.516581,-0.736454,3.200000
-16.181227,15.489884,-0.737585,3.200000
-16.151480,15.463142,-0.738947,3.200000
-16.121782,15.436346,-0.740521,3.200000
-16.092141,15.409487,-0.742285,3.200000
-16.062565,15.382556,-0.744216,3.200000
-16.033064,15.355542,-0.746286,3.200000
-16.003654,15.328431,-0.748469,3.200000
-15.974345,15.301209,-0.750743,3.200000
-15.945140,15.273876,-0.753081,3.200000
-15.916029,15.246444,-0.755461,3.200000
-15.887001,15.218923,-0.757858,3.200000
-15.858050,15.191321,-0.760247,3.200000
-15.829173,15.163643,-0.762603,3.200000
-15.800366,15.135891,-0.764907,3.200000
-15.771624,15.108071,-0.767138,3.200000
-15.742944,15.080188,-0.769274,3.200000
-15.714321,15.052248,-0.771285,3.200000
-15.685749,15.024254,-0.773139,3.200000
-15.657224,14.996212,-0.774811,3.200000
-15.628743,14.968126,-0.776306,3.200000
-15.600301,14.940000,-0.777644,3.200000
-15.571894,14.911839,-0.778842,3.200000
-15.543517,14.883648,-0.779910,3.200000
-15.515167,14.855430,-0.780857,3.200000
-15.486838,14.827189,-0.781690,3.200000
-15.458529,14.798930,-0.782419,3.200000
-15.430234,14.770656,-0.783047,3.200000
-15.401950,14.742373,-0.783574,3.200000
-15.373670,14.714084,-0.783998,3.200000
-15.345389,14.685796,-0.784319,3.200000
-15.317105,14.657511,-0.784537,3.200000
-15.288820,14.629228,-0.784653,3.200000
-15.260534,14.600946,-0.784669,3.200000
-15.232248,14.572663,-0.784584,3.200000
-15.203964,14.544379,-0.784398,3.200000
-15.175682,14.516092,-0.784109,3.200000
-15.147402,14.487803,-0.783717,3.200000
-15.119120,14.459517,-0.783222,3.200000
-15.090829,14.431239,-0.782625,3.200000
-15.062525,14.402975,-0.781927,3.200000
-15.034203,14.374728,-0.781127,3.200000
-15.005860,14.346503,-0.780216,3.200000
-14.977492,14.318303,-0.779185,3.200000
-14.949094,14.290132,-0.778028,3.200000
-14.920664,14.261995,-0.776734,3.200000
-14.892195,14.233896,-0.775289,3.200000
-14.863685,14.205840,-0.773673,3.200000
-14.835128,14.177831,-0.771873,3.200000
-14.806521,14.149873,-0.769906,3.200000
-14.777858,14.121972,-0.767804,3.200000
-14.749136,14.094132,-0.765600,3.200000
-14.720349,14.066359,-0.763316,3.200000
-14.691494,14.038658,-0.760973,3.200000
-14.662566,14.011033,-0.758591,3.200000
-14.633562,13.983486,-0.756194,3.200000
-14.604477,13.956026,-0.753806,3.200000
-14.575301,13.928661,-0.751452,3.200000
-14.546026,13.901405,-0.749156,3.200000
-14.516645,13.874261,-0.746942,3.200000
-14.487171,13.847219,-0.744835,3.200000
-14.457616,13.820264,-0.742859,3.200000
-14.427994,13.793384,-0.741041,3.200000
-14.398313,13.766569,-0.739407,3.200000
-14.368580,13.739812,-0.737978,3.200000
-14.338805,13.713102,-0.736775,3.200000
-14.308996,13.686429,-0.735818,3.200000
-14.279163,13.659783,-0.735138,3.200000
-14.249316,13.633153,-0.734778,3.200000
-14.219464,13.606529,-0.734777,3.200000
-14.189617,13.579898,-0.735137,3.200000
-14.159784,13.553253,-0.735816,3.200000
-14.129975,13.526580,-0.736773,3.200000
-14.100200,13.499870,-0.737976,3.200000
-14.070467,13.473113,-0.739405,3.200000
-14.040786,13.446298,-0.741039,3.200000
-14.011164,13.419418,-0.742856,3.200000
-13.981609,13.392464,-0.744832,3.200000
-13.952135,13.365422,-0.746938,3.200000
-13.922754,13.338278,-0.749152,3.200000
-13.893478,13.311021,-0.751447,3.200000
-13.864302,13.283657,-0.753801,3.200000
-13.835217,13.256197,-0.756188,3.200000
-13.806213,13.228651,-0.758585,3.200000
-13.777285,13.201025,-0.760967,3.200000
-13.748429,13.173324,-0.763309,3.200000
-13.719642,13.145552,-0.765593,3.200000
-13.690920,13.117712,-0.767798,3.200000
-13.662257,13.089811,-0.769899,3.200000
-13.633650,13.061854,-0.771866,3.200000
-13.605093,13.033845,-0.773666,3.200000
-13.576582,13.005789,-0.775283,3.200000
-13.548113,12.977691,-0.776728,3.200000
-13.519682,12.949554,-0.778022,3.200000
-13.491285,12.921383,-0.779180,3.200000
-13.462916,12.893183,-0.780211,3.200000
-13.434573,12.864958,-0.781122,3.200000
-13.406251,12.836711,-0.781923,3.200000
-13.377947,12.808447,-0.782622,3.200000
-13.349656,12.780170,-0.783219,3.200000
-13.321373,12.751884,-0.783715,3.200000
-13.293093,12.723595,-0.784108,3.200000
-13.264812,12.695308,-0.784397,3.200000
-13.236528,12.667024,-0.784584,3.200000
-13.208242,12.638741,-0.784670,3.200000
-13.179956,12.610458,-0.784655,3.200000
-13.151671,12.582175,-0.784539,3.200000
-13.123387,12.553890,-0.784322,3.200000
-13.095106,12.525602,-0.784002,3.200000
-13.066826,12.497314,-0.783579,3.200000
-13.038542,12.469030,-0.783052,3.200000
-13.010247,12.440756,-0.782424,3.200000
-12.981938,12.412496,-0.781696,3.200000
-12.953610,12.384256,-0.780863,3.200000
-12.925260,12.356037,-0.779917,3.200000
-12.896883,12.327846,-0.778849,3.200000
-12.868476,12.299685,-0.777652,3.200000
-12.840035,12.271559,-0.776315,3.200000
-12.811554,12.243472,-0.774821,3.200000
-12.783030,12.215430,-0.773150,3.200000
-12.754458,12.187436,-0.771297,3.200000
-12.725835,12.159495,-0.769286,3.200000
-12.697155,12.131612,-0.767150,3.200000
-12.668414,12.103792,-0.764920,3.200000
-12.639607,12.076040,-0.762617,3.200000
-12.610730,12.048361,-0.760260,3.200000
-12.581779,12.020759,-0.757872,3.200000
-12.552752,11.993237,-0.755475,3.200000
-12.523641,11.965804,-0.753095,3.200000
-12.494436,11.938471,-0.750756,3.200000
-12.465129,11.911248,-0.748483,3.200000
-12.435719,11.884137,-0.746299,3.200000
-12.406219,11.857122,-0.744229,3.200000
-12.376643,11.830191,-0.742298,3.200000
-12.347002,11.803332,-0.740533,3.200000
-12.317305,11.776535,-0.738958,3.200000
-12.287559,11.749792,-0.737595,3.200000
-12.257772,11.723095,-0.736463,3.200000
-12.227955,11.696431,-0.735585,3.200000
-12.198117,11.669791,-0.734997,3.200000
-12.168268,11.643164,-0.734740,3.200000
-12.138416,11.616538,-0.734852,3.200000
-12.108573,11.589905,-0.735312,3.200000
-12.078746,11.563252,-0.736079,3.200000
-12.048946,11.536569,-0.737113,3.200000
-12.019183,11.509846,-0.738385,3.200000
-11.989465,11.483072,-0.739877,3.200000
-11.959800,11.456238,-0.741569,3.200000
-11.930197,11.429337,-0.743436,3.200000
-11.900666,11.402358,-0.745454,3.200000
-11.871218,11.375287,-0.747595,3.200000
-11.841868,11.348110,-0.749835,3.200000
-11.812623,11.320820,-0.752150,3.200000
-11.783476,11.293425,-0.754516,3.200000
-11.754416,11.265938,-0.756909,3.200000
-11.725435,11.238368,-0.759303,3.200000
-11.696529,11.210719,-0.761675,3.200000
-11.667694,11.182996,-0.764002,3.200000
-11.638927,11.155203,-0.766264,3.200000
-11.610223,11.127345,-0.768440,3.200000
-11.581578,11.099426,-0.770505,3.200000
-11.552986,11.071453,-0.772425,3.200000
-11.524443,11.043430,-0.774169,3.200000
-11.495945,11.015361,-0.775732,3.200000
-11.467488,10.987250,-0.777129,3.200000
-11.439068,10.959103,-0.778380,3.200000
-11.410679,10.930923,-0.779501,3.200000
-11.382319,10.902715,-0.780497,3.200000
-11.353982,10.874483,-0.781374,3.200000
-11.325666,10.846231,-0.782139,3.200000
-11.297366,10.817962,-0.782799,3.200000
-11.269078,10.789682,-0.783365,3.200000
-11.240797,10.761394,-0.783842,3.200000
-11.212517,10.733106,-0.784240,3.200000
-11.184234,10.704820,-0.784566,3.200000
-11.155949,10.676537,-0.784826,3.200000
-11.127663,10.648254,-0.785028,3.200000
-11.099378,10.619970,-0.785179,3.200000
-11.071094,10.591686,-0.785286,3.200000
-11.042810,10.563401,-0.785354,3.200000
-11.014526,10.535117,-0.785392,3.200000
-10.986242,10.506833,-0.785407,3.200000
-10.957957,10.478548,-0.785412,3.200000
-10.929673,10.450264,-0.785412,3.200000
-10.901389,10.421980,-0.785407,3.200000
-10.873105,10.393695,-0.785389,3.200000
-10.844821,10.365411,-0.785347,3.200000
-10.816537,10.337126,-0.785274,3.200000
-10.788253,10.308842,-0.785161,3.200000
-10.759968,10.280558,-0.785002,3.200000
-10.731683,10.252275,-0.784792,3.200000
-10.703398,10.223991,-0.784522,3.200000
-10.675116,10.195705,-0.784186,3.200000
-10.646836,10.167416,-0.783776,3.200000
-10.618554,10.139129,-0.783285,3.200000
-10.590265,10.110850,-0.782706,3.200000
-10.561962,10.082584,-0.782029,3.200000
-10.533643,10.054334,-0.781247,3.200000
-10.505303,10.026106,-0.780351,3.200000
-10.476939,9.997902,-0.779335,3.200000
-10.448546,9.969727,-0.778195,3.200000
-10.420120,9.941585,-0.776922,3.200000
-10.391657,9.913481,-0.775500,3.200000
-10.363152,9.885418,-0.773910,3.200000
-10.334602,9.857403,-0.772136,3.200000
-10.306002,9.829438,-0.770191,3.200000
-10.277347,9.801528,-0.768108,3.200000
-10.248634,9.773680,-0.765916,3.200000
-10.219856,9.745897,-0.763643,3.200000
-10.191011,9.718186,-0.761309,3.200000
-10.162093,9.690549,-0.758932,3.200000
-10.133100,9.662992,-0.756536,3.200000
-10.104027,9.635518,-0.754146,3.200000
-10.074865,9.608139,-0.751786,3.200000
-10.045605,9.580866,-0.749482,3.200000
-10.016239,9.553707,-0.747255,3.200000
-9.986777,9.526651,-0.745132,3.200000
-9.957234,9.499684,-0.743136,3.200000
-9.927621,9.472794,-0.741295,3.200000
-9.897948,9.445970,-0.739633,3.200000
-9.868222,9.419204,-0.738173,3.200000
-9.838453,9.392488,-0.736937,3.200000
-9.808648,9.365811,-0.735942,3.200000
-9.778818,9.339161,-0.735220,3.200000
-9.748973,9.312530,-0.734811,3.200000
-9.719121,9.285905,-0.734757,3.200000
-9.689273,9.259276,-0.735067,3.200000
-9.659438,9.232633,-0.735703,3.200000
-9.629624,9.205965,-0.736622,3.200000
-9.599843,9.179261,-0.737790,3.200000
-9.570104,9.152511,-0.739186,3.200000
-9.540415,9.125705,-0.740792,3.200000
-9.510784,9.098835,-0.742584,3.200000
-9.481219,9.071892,-0.744538,3.200000
-9.451732,9.044864,-0.746628,3.200000
-9.422337,9.017735,-0.748828,3.200000
-9.393046,8.990495,-0.751113,3.200000
-9.363856,8.963146,-0.753460,3.200000
-9.334758,8.935699,-0.755845,3.200000
-9.305743,8.908165,-0.758242,3.200000
-9.276804,8.880550,-0.760628,3.200000
-9.247938,8.852860,-0.762978,3.200000
-9.219141,8.825098,-0.765272,3.200000
-9.190410,8.797267,-0.767489,3.200000
-9.161739,8.769375,-0.769608,3.200000
-9.133124,8.741425,-0.771597,3.200000
-9.104561,8.713423,-0.773423,3.200000
-9.076044,8.685373,-0.775066,3.200000
-9.047569,8.657280,-0.776534,3.200000
-9.019134,8.629148,-0.777848,3.200000
-8.990732,8.600982,-0.779026,3.200000
-8.962360,8.572786,-0.780077,3.200000
-8.934014,8.544564,-0.781006,3.200000
-8.905689,8.516320,-0.781820,3.200000
-8.877382,8.488058,-0.782525,3.200000
-8.849090,8.459782,-0.783131,3.200000
-8.820807,8.431496,-0.783646,3.200000
-8.792527,8.403208,-0.784078,3.200000
-8.764245,8.374921,-0.784433,3.200000
-8.735961,8.346636,-0.784720,3.200000
-8.707676,8.318353,-0.784946,3.200000
-8.679391,8.290070,-0.785117,3.200000
-8.651106,8.261786,-0.785242,3.200000
-8.622822,8.233501,-0.785326,3.200000
-8.594538,8.205217,-0.785376,3.200000
-8.566254,8.176932,-0.785399,3.200000
-8.537969,8.148648,-0.785407,3.200000
-8.509685,8.120364,-0.785409,3.200000
-8.481400,8.092080,-0.785406,3.200000
-8.453116,8.063796,-0.785396,3.200000
-8.424831,8.035512,-0.785366,3.200000
-8.396547,8.007228,-0.785308,3.200000
-8.368263,7.978944,-0.785213,3.200000
-8.339978,7.950660,-0.785076,3.200000
-8.311693,7.922377,-0.784889,3.200000
-8.283407,7.894093,-0.784647,3.200000
-8.255124,7.865808,-0.784342,3.200000
-8.226843,7.837520,-0.783966,3.200000
-8.198563,7.809232,-0.783512,3.200000
-8.170278,7.780949,-0.782972,3.200000
-8.141982,7.752676,-0.782340,3.200000
-8.113671,7.724418,-0.781606,3.200000
-8.085341,7.696180,-0.780761,3.200000
-8.056988,7.667964,-0.779800,3.200000
-8.028608,7.639776,-0.778715,3.200000
-8.000198,7.611619,-0.777501,3.200000
-7.971751,7.583497,-0.776146,3.200000
-7.943266,7.555416,-0.774632,3.200000
-7.914736,7.527379,-0.772939,3.200000
-7.886158,7.499391,-0.771064,3.200000
-7.857528,7.471457,-0.769036,3.200000
-7.828842,7.443581,-0.766887,3.200000
-7.800093,7.415769,-0.764646,3.200000
-7.771277,7.388026,-0.762335,3.200000
-7.742392,7.360356,-0.759973,3.200000
-7.713432,7.332763,-0.757582,3.200000
-7.684395,7.305252,-0.755186,3.200000
-7.655273,7.277830,-0.752810,3.200000
-7.626057,7.250510,-0.750478,3.200000
-7.596736,7.223301,-0.748215,3.200000
-7.567315,7.196202,-0.746044,3.200000
-7.537805,7.169199,-0.743990,3.200000
-7.508220,7.142277,-0.742078,3.200000
-7.478572,7.115425,-0.740335,3.200000
-7.448869,7.088636,-0.738785,3.200000
-7.419117,7.061899,-0.737449,3.200000
-7.389326,7.035206,-0.736347,3.200000
-7.359506,7.008546,-0.735502,3.200000
-7.329667,6.981908,-0.734952,3.200000
-7.299817,6.955280,-0.734738,3.200000
-7.269967,6.928654,-0.734894,3.200000
-7.240125,6.902018,-0.735393,3.200000
-7.210301,6.875362,-0.736194,3.200000
-7.180505,6.848675,-0.737257,3.200000
-7.150747,6.821946,-0.738556,3.200000
-7.121036,6.795165,-0.740073,3.200000
-7.091378,6.768324,-0.741787,3.200000
-7.061784,6.741413,-0.743673,3.200000
-7.032261,6.714424,-0.745706,3.200000
-7.002824,6.687341,-0.747859,3.200000
-6.973487,6.660150,-0.750109,3.200000
-6.944254,6.632847,-0.752430,3.200000
-6.915118,6.605441,-0.754800,3.200000
-6.886068,6.577944,-0.757193,3.200000
-6.857096,6.550364,-0.759585,3.200000
-6.828198,6.522707,-0.761951,3.200000
-6.799371,6.494975,-0.764271,3.200000
-6.770612,6.467174,-0.766523,3.200000
-6.741915,6.439309,-0.768688,3.200000
-6.713276,6.411384,-0.770737,3.200000
-6.684690,6.383405,-0.772638,3.200000
-6.656152,6.355376,-0.774361,3.200000
-6.627659,6.327302,-0.775903,3.200000
-6.599206,6.299187,-0.777283,3.200000
-6.570790,6.271036,-0.778519,3.200000
-6.542405,6.242852,-0.779625,3.200000
-6.514047,6.214642,-0.780608,3.200000
-6.485713,6.186407,-0.781472,3.200000
-6.457399,6.158153,-0.782224,3.200000
-6.429101,6.129883,-0.782874,3.200000
-6.400814,6.101601,-0.783429,3.200000
-6.372534,6.073313,-0.783897,3.200000
-6.344254,6.045024,-0.784286,3.200000
-6.315971,6.016739,-0.784604,3.200000
-6.287686,5.988455,-0.784857,3.200000
-6.259401,5.960171,-0.785053,3.200000
-6.231116,5.931887,-0.785198,3.200000
-6.202832,5.903603,-0.785300,3.200000
-6.174549,5.875318,-0.785364,3.200000
-6.146265,5.847033,-0.785399,3.200000
-6.117981,5.818749,-0.785412,3.200000
-6.089696,5.790464,-0.785415,3.200000
-6.061412,5.762180,-0.785413,3.200000
-6.033128,5.733896,-0.785406,3.200000
-6.004844,5.705612,-0.785385,3.200000
-5.976560,5.677327,-0.785339,3.200000
-5.948276,5.649042,-0.785260,3.200000
-5.919991,5.620758,-0.785140,3.200000
-5.891706,5.592475,-0.784975,3.200000
-5.863421,5.564192,-0.784757,3.200000
-5.835136,5.535908,-0.784480,3.200000
-5.806854,5.507622,-0.784135,3.200000
-5.778574,5.479333,-0.783716,3.200000
-5.750291,5.451047,-0.783215,3.200000
-5.722000,5.422770,-0.782625,3.200000
-5.693696,5.394505,-0.781937,3.200000
-5.665374,5.366259,-0.781142,3.200000
-5.637031,5.338033,-0.780233,3.200000
-5.608663,5.309833,-0.779203,3.200000
-5.580266,5.281662,-0.778047,3.200000
-5.551836,5.253524,-0.776758,3.200000
-5.523368,5.225425,-0.775317,3.200000
-5.494858,5.197368,-0.773705,3.200000
-5.466302,5.169357,-0.771909,3.200000
-5.437696,5.141399,-0.769946,3.200000
-5.409035,5.113496,-0.767847,3.200000
-5.380315,5.085655,-0.765645,3.200000
-5.351529,5.057881,-0.763363,3.200000
-5.322675,5.030178,-0.761021,3.200000
-5.293749,5.002550,-0.758641,3.200000
-5.264747,4.975002,-0.756244,3.200000
-5.235664,4.947540,-0.753855,3.200000
-5.206490,4.920173,-0.751500,3.200000
-5.177217,4.892914,-0.749202,3.200000
-5.147838,4.865768,-0.746986,3.200000
-5.118366,4.838724,-0.744876,3.200000
-5.088813,4.811768,-0.742897,3.200000
-5.059192,4.784886,-0.741074,3.200000
-5.029512,4.758071,-0.739435,3.200000
-4.999780,4.731312,-0.738001,3.200000
-4.970005,4.704601,-0.736793,3.200000
-4.940196,4.677928,-0.735830,3.200000
-4.910364,4.651282,-0.735144,3.200000
-4.880517,4.624652,-0.734777,3.200000
-4.850665,4.598028,-0.734769,3.200000
-4.820817,4.571398,-0.735123,3.200000
-4.790984,4.544753,-0.735797,3.200000
-4.761174,4.518082,-0.736749,3.200000
-4.731397,4.491373,-0.737948,3.200000
-4.701663,4.464616,-0.739373,3.200000
-4.671981,4.437803,-0.741004,3.200000
-4.642357,4.410925,-0.742819,3.200000
-4.612801,4.383972,-0.744793,3.200000
-4.583325,4.356932,-0.746898,3.200000
-4.553943,4.329790,-0.749110,3.200000
-4.524665,4.302535,-0.751405,3.200000
-4.495488,4.275173,-0.753759,3.200000
-4.466401,4.247714,-0.756147,3.200000
-4.437396,4.220169,-0.758544,3.200000
-4.408467,4.192545,-0.760926,3.200000
-4.379610,4.164845,-0.763270,3.200000
-4.350822,4.137073,-0.765555,3.200000
-4.322099,4.109235,-0.767762,3.200000
-4.293435,4.081334,-0.769865,3.200000
-4.264827,4.053378,-0.771835,3.200000
-4.236269,4.025370,-0.773638,3.200000
-4.207758,3.997315,-0.775257,3.200000
-4.179288,3.969217,-0.776703,3.200000
-4.150857,3.941081,-0.777999,3.200000
-4.122459,3.912910,-0.779159,3.200000
-4.094090,3.884711,-0.780193,3.200000
-4.065746,3.856486,-0.781107,3.200000
-4.037424,3.828240,-0.781906,3.200000
-4.009119,3.799977,-0.782598,3.200000
-3.980827,3.771699,-0.783192,3.200000
-3.952544,3.743414,-0.783697,3.200000
-3.924264,3.715125,-0.784119,3.200000
-3.895982,3.686839,-0.784467,3.200000
-3.867697,3.658555,-0.784747,3.200000
-3.839412,3.630272,-0.784967,3.200000
-3.811126,3.601989,-0.785134,3.200000
-3.782842,3.573705,-0.785254,3.200000
-3.754558,3.545421,-0.785335,3.200000
-3.726273,3.517137,-0.785382,3.200000
-3.697989,3.488852,-0.785404,3.200000
-3.669705,3.460568,-0.785412,3.200000
-3.641421,3.432284,-0.785414,3.200000
-3.613136,3.403999,-0.785411,3.200000
-3.584852,3.375715,-0.785398,3.200000
-3.556568,3.347430,-0.785366,3.200000
-3.528285,3.319145,-0.785304,3.200000
-3.500001,3.290861,-0.785204,3.200000
-3.471717,3.262576,-0.785061,3.200000
-3.443432,3.234293,-0.784868,3.200000
-3.415147,3.206009,-0.784618,3.200000
-3.386864,3.177724,-0.784304,3.200000
-3.358584,3.149435,-0.783918,3.200000
-3.330303,3.121147,-0.783453,3.200000
-3.302017,3.092865,-0.782902,3.200000
-3.273719,3.064594,-0.782256,3.200000
-3.245406,3.036339,-0.781508,3.200000
-3.217073,3.008103,-0.780649,3.200000
-3.188717,2.979891,-0.779671,3.200000
-3.160333,2.951706,-0.778570,3.200000
-3.131918,2.923553,-0.777339,3.200000
-3.103467,2.895437,-0.775967,3.200000
-3.074976,2.867361,-0.774432,3.200000
-3.046441,2.839330,-0.772718,3.200000
-3.017857,2.811349,-0.770824,3.200000
-2.989220,2.783421,-0.768780,3.200000
-2.960525,2.755553,-0.766620,3.200000
-2.931769,2.727749,-0.764371,3.200000
-2.902945,2.700015,-0.762055,3.200000
-2.874050,2.672354,-0.759690,3.200000
-2.845082,2.644771,-0.757298,3.200000
-2.816035,2.617270,-0.754904,3.200000
-2.786902,2.589860,-0.752533,3.200000
-2.757674,2.562552,-0.750209,3.200000
-2.728342,2.535357,-0.747956,3.200000
-2.698909,2.508269,-0.745798,3.200000
-2.669390,2.481275,-0.743760,3.200000
-2.639798,2.454362,-0.741867,3.200000
-2.610144,2.427518,-0.740146,3.200000
-2.580434,2.400734,-0.738620,3.200000
-2.550678,2.374003,-0.737311,3.200000
-2.520884,2.347314,-0.736237,3.200000
-2.491061,2.320657,-0.735424,3.200000
-2.461220,2.294020,-0.734911,3.200000
-2.431370,2.267394,-0.734738,3.200000
-2.401520,2.240767,-0.734936,3.200000
-2.371680,2.214129,-0.735472,3.200000
-2.341859,2.187470,-0.736305,3.200000
-2.312067,2.160779,-0.737395,3.200000
-2.282313,2.134044,-0.738721,3.200000
-2.252607,2.107257,-0.740261,3.200000
-2.222957,2.080408,-0.741996,3.200000
-2.193369,2.053490,-0.743900,3.200000
-2.163856,2.026490,-0.745949,3.200000
-2.134430,1.999396,-0.748115,3.200000
-2.105105,1.972192,-0.750375,3.200000
-2.075884,1.944877,-0.752704,3.200000
-2.046758,1.917459,-0.755079,3.200000
-2.017717,1.889952,-0.757475,3.200000
-1.988754,1.862363,-0.759867,3.200000
-1.959865,1.834697,-0.762230,3.200000
-1.931046,1.806957,-0.764544,3.200000
-1.902294,1.779148,-0.766789,3.200000
-1.873605,1.751275,-0.768943,3.200000
-1.844972,1.723343,-0.770977,3.200000
-1.816392,1.695357,-0.772860,3.200000
-1.787861,1.667323,-0.774561,3.200000
-1.759373,1.639243,-0.776083,3.200000
-1.730926,1.611123,-0.777445,3.200000
-1.702514,1.582967,-0.778665,3.200000
-1.674133,1.554780,-0.779756,3.200000
-1.645779,1.526565,-0.780724,3.200000
-1.617448,1.498328,-0.781574,3.200000
-1.589136,1.470071,-0.782313,3.200000
-1.560840,1.441799,-0.782949,3.200000
-1.532554,1.413516,-0.783492,3.200000
-1.504274,1.385227,-0.783950,3.200000
-1.475994,1.356939,-0.784330,3.200000
-1.447711,1.328654,-0.784638,3.200000
-1.419426,1.300370,-0.784881,3.200000
-1.391140,1.272087,-0.785066,3.200000
-1.362856,1.243803,-0.785204,3.200000
-1.334571,1.215519,-0.785303,3.200000
-1.306287,1.187234,-0.785372,3.200000
-1.278003,1.158950,-0.785409,3.200000
-1.249718,1.130666,-0.785411,3.200000
-1.221434,1.102382,-0.785379,3.200000
-1.193149,1.074098,-0.785315,3.200000
-1.164865,1.045814,-0.785220,3.200000
-1.136580,1.017530,-0.785089,3.200000
-1.108295,0.989247,-0.784913,3.200000
-1.080009,0.960964,-0.784680,3.200000
-1.051725,0.932680,-0.784384,3.200000
-1.023443,0.904393,-0.784017,3.200000
-0.995163,0.876104,-0.783574,3.200000
-0.966879,0.847820,-0.783048,3.200000
-0.938585,0.819546,-0.782429,3.200000
-0.910276,0.791286,-0.781710,3.200000
-0.881948,0.763045,-0.780881,3.200000
-0.853599,0.734827,-0.779936,3.200000
-0.825223,0.706634,-0.778869,3.200000
-0.796816,0.678472,-0.777673,3.200000
-0.768376,0.650346,-0.776339,3.200000
-0.739896,0.622258,-0.774848,3.200000
-0.711372,0.594215,-0.773180,3.200000
-0.682802,0.566220,-0.771329,3.200000
-0.654179,0.538278,-0.769319,3.200000
-0.625501,0.510393,-0.767185,3.200000
-0.596761,0.482572,-0.764955,3.200000
-0.567955,0.454819,-0.762652,3.200000
-0.539079,0.427139,-0.760295,3.200000
-0.510130,0.399536,-0.757906,3.200000
-0.481103,0.372013,-0.755508,3.200000
-0.451993,0.344579,-0.753126,3.200000
-0.422790,0.317244,-0.750786,3.200000
-0.393484,0.290020,-0.748511,3.200000
-0.364075,0.262907,-0.746325,3.200000
-0.334576,0.235892,-0.744252,3.200000
-0.305001,0.208960,-0.742319,3.200000
-0.275361,0.182100,-0.740551,3.200000
-0.245664,0.155303,-0.738973,3.200000
-0.215918,0.128560,-0.737607,3.200000
-0.186131,0.101862,-0.736473,3.200000
-0.156314,0.075199,-0.735591,3.200000
-0.126476,0.048559,-0.734999,3.200000
-0.096627,0.021931,-0.734738,3.200000
-0.066776,-0.004694,-0.734846,3.200000
-0.036932,-0.031328,-0.735302,3.200000
-0.007105,-0.057980,-0.736066,3.200000
0.022696,-0.084662,-0.737097,3.200000
0.052460,-0.111385,-0.738367,3.200000
0.082178,-0.138158,-0.739857,3.200000
0.111843,-0.164991,-0.741547,3.200000
0.141447,-0.191892,-0.743413,3.200000
0.170979,-0.218870,-0.745429,3.200000
0.200428,-0.245940,-0.747568,3.200000
0.229779,-0.273115,-0.749807,3.200000
0.259025,-0.300404,-0.752121,3.200000
0.288174,-0.327798,-0.754487,3.200000
0.317234,-0.355284,-0.756879,3.200000
0.346216,-0.382853,-0.759273,3.200000
0.375123,-0.410501,-0.761644,3.200000
0.403959,-0.438223,-0.763971,3.200000
0.432726,-0.466015,-0.766233,3.200000
0.461431,-0.493873,-0.768410,3.200000
0.490078,-0.521790,-0.770476,3.200000
0.518670,-0.549763,-0.772398,3.200000
0.547214,-0.577785,-0.774144,3.200000
0.575713,-0.605854,-0.775709,3.200000
0.604171,-0.633963,-0.777108,3.200000
0.632592,-0.662110,-0.778361,3.200000
0.660981,-0.690289,-0.779483,3.200000
0.689342,-0.718496,-0.780481,3.200000
0.717679,-0.746728,-0.781360,3.200000
0.745996,-0.774979,-0.782126,3.200000
0.774296,-0.803248,-0.782789,3.200000
0.802584,-0.831528,-0.783356,3.200000
0.830866,-0.859815,-0.783836,3.200000
0.859146,-0.888104,-0.784235,3.200000
0.887429,-0.916389,-0.784562,3.200000
0.915714,-0.944673,-0.784824,3.200000
0.943999,-0.972956,-0.785028,3.200000
0.972284,-1.001240,-0.785180,3.200000
1.000568,-1.029524,-0.785288,3.200000
1.028851,-1.057809,-0.785358,3.200000
1.057135,-1.086094,-0.785396,3.200000
1.085419,-1.114379,-0.785412,3.200000
1.113703,-1.142663,-0.785417,3.200000
1.141987,-1.170947,-0.785416,3.200000
1.170271,-1.199232,-0.785410,3.200000
1.198555,-1.227517,-0.785392,3.200000
1.226839,-1.255801,-0.785350,3.200000
1.255123,-1.284086,-0.785276,3.200000
1.283407,-1.312371,-0.785163,3.200000
1.311692,-1.340655,-0.785004,3.200000
1.339977,-1.368938,-0.784794,3.200000
1.368262,-1.397222,-0.784524,3.200000
1.396544,-1.425508,-0.784189,3.200000
1.424824,-1.453796,-0.783779,3.200000
1.453106,-1.482083,-0.783289,3.200000
1.481396,-1.510362,-0.782710,3.200000
1.509698,-1.538628,-0.782035,3.200000
1.538017,-1.566877,-0.781254,3.200000
1.566357,-1.595106,-0.780360,3.200000
1.594722,-1.623310,-0.779346,3.200000
1.623115,-1.651485,-0.778208,3.200000
1.651540,-1.679627,-0.776937,3.200000
1.680003,-1.707732,-0.775518,3.200000
1.708507,-1.735794,-0.773930,3.200000
1.737057,-1.763811,-0.772160,3.200000
1.765656,-1.791777,-0.770218,3.200000
1.794310,-1.819687,-0.768137,3.200000
1.823022,-1.847536,-0.765948,3.200000
1.851799,-1.875320,-0.763676,3.200000
1.880643,-1.903032,-0.761343,3.200000
1.909560,-1.930670,-0.758968,3.200000
1.938551,-1.958229,-0.756573,3.200000
1.967623,-1.985704,-0.754183,3.200000
1.996783,-2.013085,-0.751823,3.200000
2.026042,-2.040359,-0.749517,3.200000
2.055407,-2.067521,-0.747289,3.200000
2.084867,-2.094578,-0.745164,3.200000
2.114409,-2.121546,-0.743166,3.200000
2.144021,-2.148437,-0.741321,3.200000
2.173693,-2.175262,-0.739656,3.200000
2.203418,-2.202029,-0.738193,3.200000
2.233187,-2.228746,-0.736952,3.200000
2.262991,-2.255424,-0.735954,3.200000
2.292821,-2.282073,-0.735228,3.200000
2.322666,-2.308705,-0.734814,3.200000
2.352518,-2.335330,-0.734754,3.200000
2.382366,-2.361959,-0.735059,3.200000
2.412202,-2.388601,-0.735690,3.200000
2.442016,-2.415268,-0.736606,3.200000
2.471797,-2.441971,-0.737771,3.200000
2.501537,-2.468721,-0.739165,3.200000
2.531227,-2.495525,-0.740768,3.200000
2.560860,-2.522394,-0.742558,3.200000
2.590426,-2.549336,-0.744510,3.200000
2.619914,-2.576363,-0.746598,3.200000
2.649310,-2.603490,-0.748796,3.200000
2.678603,-2.630729,-0.751081,3.200000
2.707794,-2.658077,-0.753428,3.200000
2.736892,-2.685523,-0.755813,3.200000
2.765909,-2.713056,-0.758211,3.200000
2.794848,-2.740669,-0.760597,3.200000
2.823715,-2.768359,-0.762948,3.200000
2.852513,-2.796121,-0.765243,3.200000
2.881245,-2.823950,-0.767462,3.200000
2.909916,-2.851842,-0.769582,3.200000
2.938532,-2.879791,-0.771573,3.200000
2.967096,-2.907792,-0.773402,3.200000
2.995614,-2.935841,-0.775046,3.200000
3.024088,-2.963934,-0.776516,3.200000
3.052525,-2.992065,-0.777831,3.200000
3.080927,-3.020231,-0.779010,3.200000
3.109299,-3.048427,-0.780062,3.200000
3.137646,-3.076649,-0.780992,3.200000
3.165971,-3.104893,-0.781807,3.200000
3.194278,-3.133154,-0.782513,3.200000
3.222570,-3.161430,-0.783120,3.200000
3.250854,-3.189715,-0.783636,3.200000
3.279134,-3.218004,-0.784069,3.200000
3.307416,-3.246291,-0.784426,3.200000
3.335700,-3.274575,-0.784714,3.200000
3.363986,-3.302858,-0.784939,3.200000
3.392271,-3.331141,-0.785110,3.200000
3.420556,-3.359425,-0.785235,3.200000
3.448840,-3.387709,-0.785326,3.200000
3.477124,-3.415993,-0.785386,3.200000
3.505409,-3.444277,-0.785413,3.200000
3.533693,-3.472561,-0.785406,3.200000
3.561978,-3.500845,-0.785365,3.200000
3.590262,-3.529130,-0.785292,3.200000
3.618546,-3.557414,-0.785189,3.200000
3.646830,-3.585698,-0.785045,3.200000
3.675116,-3.613981,-0.784853,3.200000
3.703401,-3.642265,-0.784602,3.200000
3.731684,-3.670550,-0.784285,3.200000
3.759964,-3.698839,-0.783896,3.200000
3.788245,-3.727127,-0.783428,3.200000
3.816531,-3.755409,-0.782873,3.200000
3.844829,-3.783679,-0.782224,3.200000
3.873143,-3.811934,-0.781471,3.200000
3.901477,-3.840168,-0.780606,3.200000
3.929834,-3.868379,-0.779623,3.200000
3.958219,-3.896563,-0.778516,3.200000
3.986635,-3.924715,-0.777279,3.200000
4.015088,-3.952830,-0.775898,3.200000
4.043581,-3.980904,-0.774354,3.200000
4.072118,-4.008933,-0.772629,3.200000
4.100704,-4.036912,-0.770726,3.200000
4.129344,-4.064837,-0.768675,3.200000
4.158041,-4.092702,-0.766508,3.200000
4.186801,-4.120502,-0.764254,3.200000
4.215628,-4.148233,-0.761933,3.200000
4.244527,-4.175890,-0.759564,3.200000
4.273500,-4.203468,-0.757170,3.200000
4.302551,-4.230965,-0.754775,3.200000
4.331688,-4.258370,-0.752405,3.200000
4.360922,-4.285672,-0.750082,3.200000
4.390261,-4.312861,-0.747833,3.200000
4.419698,-4.339943,-0.745680,3.200000
4.449222,-4.366931,-0.743648,3.200000
4.478818,-4.393840,-0.741764,3.200000
4.508476,-4.420681,-0.740052,3.200000
4.538188,-4.447461,-0.738538,3.200000
4.567947,-4.474189,-0.737241,3.200000
4.597744,-4.500876,-0.736182,3.200000
4.627568,-4.527531,-0.735385,3.200000
4.657410,-4.554167,-0.734890,3.200000
4.687261,-4.580792,-0.734738,3.200000
4.717110,-4.607419,-0.734956,3.200000
4.746950,-4.634058,-0.735509,3.200000
4.776769,-4.660718,-0.736358,3.200000
4.806560,-4.687412,-0.737463,3.200000
4.836310,-4.714150,-0.738801,3.200000
4.866013,-4.740940,-0.740353,3.200000
4.895660,-4.767793,-0.742098,3.200000
4.925243,-4.794716,-0.744011,3.200000
4.954752,-4.821721,-0.746067,3.200000
4.984173,-4.848821,-0.748238,3.200000
5.013492,-4.876031,-0.750502,3.200000
5.042707,-4.903353,-0.752834,3.200000
5.071828,-4.930775,-0.755210,3.200000
5.100864,-4.958287,-0.757605,3.200000
5.129823,-4.985881,-0.759995,3.200000
5.158709,-5.013551,-0.762355,3.200000
5.187524,-5.041294,-0.764665,3.200000
5.216272,-5.069107,-0.766904,3.200000
5.244959,-5.096983,-0.769051,3.200000
5.273588,-5.124918,-0.771076,3.200000
5.302166,-5.152906,-0.772949,3.200000
5.330695,-5.180943,-0.774640,3.200000
5.359181,-5.209024,-0.776152,3.200000
5.387627,-5.237146,-0.777505,3.200000
5.416038,-5.265303,-0.778719,3.200000
5.444417,-5.293492,-0.779803,3.200000
5.472771,-5.321707,-0.780765,3.200000
5.501101,-5.349945,-0.781610,3.200000
5.529412,-5.378203,-0.782344,3.200000
5.557708,-5.406475,-0.782977,3.200000
5.585993,-5.434759,-0.783516,3.200000
5.614273,-5.463047,-0.783971,3.200000
5.642554,-5.491335,-0.784347,3.200000
5.670837,-5.519620,-0.784653,3.200000
5.699122,-5.547903,-0.784894,3.200000
5.727408,-5.576187,-0.785077,3.200000
5.755692,-5.604471,-0.785214,3.200000
5.783976,-5.632756,-0.785312,3.200000
5.812259,-5.661041,-0.785379,3.200000
5.840543,-5.689325,-0.785415,3.200000
5.868828,-5.717609,-0.785416,3.200000
5.897112,-5.745894,-0.785382,3.200000
5.925396,-5.774178,-0.785316,3.200000
5.953680,-5.802463,-0.785220,3.200000
5.981964,-5.830747,-0.785086,3.200000
6.010250,-5.859030,-0.784906,3.200000
6.038535,-5.887313,-0.784669,3.200000
6.066819,-5.915598,-0.784369,3.200000
6.095100,-5.943885,-0.783997,3.200000
6.123381,-5.972173,-0.783549,3.200000
6.151665,-6.000457,-0.783017,3.200000
6.179960,-6.028731,-0.782392,3.200000
6.208270,-6.056989,-0.781667,3.200000
6.236599,-6.085229,-0.780832,3.200000
6.264951,-6.113446,-0.779880,3.200000
6.293328,-6.141637,-0.778806,3.200000
6.321736,-6.169796,-0.777604,3.200000
6.350180,-6.197921,-0.776263,3.200000
6.378662,-6.226006,-0.774764,3.200000
6.407188,-6.254046,-0.773088,3.200000
6.435761,-6.282039,-0.771230,3.200000
6.464386,-6.309978,-0.769215,3.200000
6.493068,-6.337859,-0.767076,3.200000
6.521812,-6.365677,-0.764844,3.200000
6.550621,-6.393426,-0.762539,3.200000
6.579500,-6.421102,-0.760181,3.200000
6.608453,-6.448702,-0.757792,3.200000
6.637483,-6.476221,-0.755396,3.200000
6.666597,-6.503651,-0.753017,3.200000
6.695805,-6.530981,-0.750680,3.200000
6.725116,-6.558200,-0.748410,3.200000
6.754529,-6.585308,-0.746229,3.200000
6.784031,-6.612320,-0.744163,3.200000
6.813609,-6.639248,-0.742237,3.200000
6.843252,-6.666106,-0.740478,3.200000
6.872951,-6.692901,-0.738910,3.200000
6.902699,-6.719642,-0.737554,3.200000
6.932486,-6.746338,-0.736430,3.200000
6.962304,-6.773000,-0.735560,3.200000
6.992143,-6.799640,-0.734982,3.200000
7.021993,-6.826267,-0.734737,3.200000
7.051844,-6.852892,-0.734861,3.200000
7.081687,-6.879526,-0.735332,3.200000
7.111513,-6.906180,-0.736108,3.200000
7.141312,-6.932863,-0.737149,3.200000
7.171074,-6.959588,-0.738430,3.200000
7.200791,-6.986364,-0.739929,3.200000
7.230453,-7.013199,-0.741627,3.200000
7.260054,-7.040103,-0.743500,3.200000
7.289584,-7.067085,-0.745522,3.200000
7.319028,-7.094159,-0.747668,3.200000
7.348375,-7.121340,-0.749911,3.200000
7.377616,-7.148634,-0.752229,3.200000
7.406760,-7.176031,-0.754597,3.200000
7.435817,-7.203522,-0.756991,3.200000
7.464796,-7.231095,-0.759385,3.200000
7.493699,-7.258746,-0.761756,3.200000
7.522532,-7.286471,-0.764082,3.200000
7.551296,-7.314267,-0.766341,3.200000
7.579998,-7.342127,-0.768515,3.200000
7.608642,-7.370048,-0.770575,3.200000
7.637232,-7.398023,-0.772490,3.200000
7.665773,-7.426048,-0.774228,3.200000
7.694269,-7.454119,-0.775785,3.200000
7.722724,-7.482231,-0.777176,3.200000
7.751144,-7.510380,-0.778424,3.200000
7.779531,-7.538561,-0.779540,3.200000
7.807890,-7.566770,-0.780531,3.200000
7.836226,-7.595003,-0.781405,3.200000
7.864542,-7.623255,-0.782166,3.200000
7.892841,-7.651525,-0.782823,3.200000
7.921129,-7.679805,-0.783384,3.200000
7.949410,-7.708093,-0.783859,3.200000
7.977690,-7.736381,-0.784253,3.200000
8.005973,-7.764667,-0.784576,3.200000
8.034258,-7.792950,-0.784833,3.200000
8.062544,-7.821233,-0.785033,3.200000
8.090828,-7.849517,-0.785183,3.200000
8.119113,-7.877801,-0.785288,3.200000
8.147397,-7.906086,-0.785355,3.200000
8.175681,-7.934370,-0.785392,3.200000
8.203965,-7.962655,-0.785407,3.200000
8.232249,-7.990939,-0.785412,3.200000
8.260534,-8.019223,-0.785412,3.200000
8.288818,-8.047507,-0.785406,3.200000
8.317102,-8.075791,-0.785388,3.200000
8.345386,-8.104076,-0.785345,3.200000
8.373670,-8.132360,-0.785271,3.200000
8.401955,-8.160645,-0.785156,3.200000
8.430239,-8.188928,-0.784996,3.200000
8.458525,-8.217212,-0.784783,3.200000
8.486809,-8.245496,-0.784511,3.200000
8.515091,-8.273782,-0.784172,3.200000
8.543371,-8.302071,-0.783760,3.200000
8.571653,-8.330358,-0.783265,3.200000
8.599943,-8.358637,-0.782682,3.200000
8.628245,-8.386902,-0.782002,3.200000
8.656565,-8.415151,-0.781216,3.200000
8.684906,-8.443379,-0.780315,3.200000
8.713271,-8.471582,-0.779295,3.200000
8.741666,-8.499756,-0.778150,3.200000
8.770093,-8.527896,-0.776871,3.200000
8.798557,-8.555999,-0.775443,3.200000
8.827064,-8.584059,-0.773845,3.200000
8.855616,-8.612073,-0.772064,3.200000
8.884218,-8.640036,-0.770112,3.200000
8.912875,-8.667943,-0.768023,3.200000
8.941591,-8.695789,-0.765828,3.200000
8.970371,-8.723569,-0.763551,3.200000
8.999219,-8.751278,-0.761214,3.200000
9.028140,-8.778911,-0.758836,3.200000
9.057136,-8.806466,-0.756440,3.200000
9.086212,-8.833936,-0.754051,3.200000
9.115377,-8.861311,-0.751693,3.200000
9.144642,-8.888579,-0.749391,3.200000
9.174012,-8.915734,-0.747169,3.200000
9.203477,-8.942786,-0.745050,3.200000
9.233024,-8.969749,-0.743061,3.200000
9.262640,-8.996637,-0.741226,3.200000
9.292315,-9.023458,-0.739572,3.200000
9.322043,-9.050221,-0.738121,3.200000
9.351814,-9.076936,-0.736894,3.200000
9.381620,-9.103612,-0.735910,3.200000
9.411450,-9.130260,-0.735200,3.200000
9.441296,-9.156892,-0.734804,3.200000
9.471147,-9.183517,-0.734765,3.200000
9.500995,-9.210146,-0.735089,3.200000
9.530829,-9.236790,-0.735737,3.200000
9.560641,-9.263460,-0.736667,3.200000
9.590421,-9.290165,-0.737845,3.200000
9.620158,-9.316918,-0.739250,3.200000
9.649845,-9.343726,-0.740864,3.200000
9.679473,-9.370599,-0.742663,3.200000
9.709035,-9.397545,-0.744623,3.200000
9.738519,-9.424578,-0.746717,3.200000
9.767910,-9.451710,-0.748919,3.200000
9.797197,-9.478955,-0.751206,3.200000
9.826383,-9.506308,-0.753555,3.200000
9.855477,-9.533759,-0.755939,3.200000
9.884489,-9.561297,-0.758336,3.200000
9.913425,-9.588914,-0.760720,3.200000
9.942288,-9.616607,-0.763067,3.200000
9.971082,-9.644373,-0.765357,3.200000
9.999811,-9.672205,-0.767571,3.200000
10.028479,-9.700100,-0.769685,3.200000
10.057093,-9.728052,-0.771668,3.200000
10.085655,-9.756055,-0.773487,3.200000
10.114170,-9.784107,-0.775122,3.200000
10.142643,-9.812201,-0.776584,3.200000
10.171078,-9.840334,-0.777892,3.200000
10.199479,-9.868501,-0.779065,3.200000
10.227850,-9.896698,-0.780111,3.200000
10.256196,-9.924921,-0.781035,3.200000
10.284520,-9.953166,-0.781845,3.200000
10.312826,-9.981428,-0.782546,3.200000
10.341118,-10.009705,-0.783149,3.200000
10.369401,-10.037990,-0.783661,3.200000
10.397681,-10.066279,-0.784091,3.200000
10.425962,-10.094566,-0.784445,3.200000
10.454247,-10.122850,-0.784730,3.200000
10.482532,-10.151133,-0.784953,3.200000
10.510817,-10.179416,-0.785121,3.200000
10.539102,-10.207701,-0.785245,3.200000
10.567386,-10.235985,-0.785334,3.200000
10.595670,-10.264270,-0.785392,3.200000
10.623954,-10.292554,-0.785418,3.200000
10.652238,-10.320838,-0.785408,3.200000
10.680522,-10.349122,-0.785365,3.200000
10.708806,-10.377407,-0.785290,3.200000
10.737091,-10.405691,-0.785183,3.200000
10.765375,-10.433975,-0.785037,3.200000
10.793661,-10.462258,-0.784841,3.200000
10.821946,-10.490542,-0.784586,3.200000
10.850229,-10.518827,-0.784265,3.200000
10.878509,-10.547116,-0.783871,3.200000
10.906790,-10.575403,-0.783399,3.200000
10.935077,-10.603685,-0.782839,3.200000
10.963376,-10.631954,-0.782185,3.200000
10.991691,-10.660208,-0.781427,3.200000
11.020026,-10.688441,-0.780557,3.200000
11.048385,-10.716651,-0.779569,3.200000
11.076771,-10.744832,-0.778456,3.200000
11.105190,-10.772982,-0.777212,3.200000
11.133644,-10.801095,-0.775825,3.200000
11.162139,-10.829167,-0.774273,3.200000
11.190679,-10.857193,-0.772540,3.200000
11.219268,-10.885170,-0.770630,3.200000
11.247910,-10.913092,-0.768573,3.200000
11.276610,-10.940954,-0.766403,3.200000
11.305373,-10.968752,-0.764146,3.200000
11.334204,-10.996479,-0.761822,3.200000
11.363105,-11.024132,-0.759453,3.200000
11.392081,-11.051707,-0.757059,3.200000
11.421136,-11.079200,-0.754666,3.200000
11.450278,-11.106601,-0.752297,3.200000
11.479516,-11.133897,-0.749978,3.200000
11.508860,-11.161081,-0.747732,3.200000
11.538302,-11.188159,-0.745584,3.200000
11.567829,-11.215143,-0.743558,3.200000
11.597427,-11.242049,-0.741681,3.200000
11.627088,-11.268887,-0.739977,3.200000
11.656803,-11.295664,-0.738472,3.200000
11.686564,-11.322390,-0.737185,3.200000
11.716362,-11.349075,-0.736136,3.200000
11.746187,-11.375730,-0.735351,3.200000
11.776030,-11.402364,-0.734871,3.200000
11.805881,-11.428990,-0.734736,3.200000
11.835730,-11.455617,-0.734970,3.200000
11.865569,-11.482256,-0.735539,3.200000
11.895388,-11.508918,-0.736400,3.200000
11.925177,-11.535613,-0.737516,3.200000
11.954926,-11.562352,-0.738865,3.200000
11.984627,-11.589145,-0.740427,3.200000
12.014271,-11.616000,-0.742181,3.200000
12.043852,-11.642927,-0.744102,3.200000
12.073357,-11.669935,-0.746164,3.200000
12.102773,-11.697041,-0.748341,3.200000
12.132087,-11.724256,-0.750610,3.200000
12.161298,-11.751583,-0.752945,3.200000
12.190414,-11.779010,-0.755324,3.200000
12.219447,-11.806526,-0.757720,3.200000
12.248402,-11.834123,-0.760111,3.200000
12.277284,-11.861797,-0.762470,3.200000
12.306095,-11.889544,-0.764777,3.200000
12.334840,-11.917360,-0.767013,3.200000
12.363524,-11.945239,-0.769156,3.200000
12.392151,-11.973177,-0.771175,3.200000
12.420725,-12.001168,-0.773040,3.200000
12.449252,-12.029207,-0.774722,3.200000
12.477736,-12.057291,-0.776226,3.200000
12.506180,-12.085415,-0.777572,3.200000
12.534589,-12.113574,-0.778779,3.200000
12.562967,-12.141764,-0.779857,3.200000
12.591318,-12.169981,-0.780812,3.200000
12.619648,-12.198220,-0.781650,3.200000
12.647958,-12.226479,-0.782379,3.200000
12.676253,-12.254752,-0.783006,3.200000
12.704538,-12.283036,-0.783541,3.200000
12.732818,-12.311324,-0.783990,3.200000
12.761099,-12.339612,-0.784362,3.200000
12.789382,-12.367897,-0.784663,3.200000
12.817668,-12.396180,-0.784902,3.200000
12.845953,-12.424463,-0.785085,3.200000
12.874237,-12.452747,-0.785220,3.200000
12.902521,-12.481032,-0.785313,3.200000
12.930805,-12.509316,-0.785369,3.200000
12.959090,-12.537601,-0.785398,3.200000
12.987374,-12.565885,-0.785408,3.200000
13.015658,-12.594169,-0.785411,3.200000
13.043943,-12.622453,-0.785409,3.200000
13.072227,-12.650737,-0.785400,3.200000
13.100512,-12.679021,-0.785375,3.200000
13.128796,-12.707306,-0.785324,3.200000
13.157080,-12.735590,-0.785238,3.200000
13.185364,-12.763874,-0.785110,3.200000
13.213650,-12.792157,-0.784934,3.200000
13.241935,-12.820441,-0.784705,3.200000
13.270219,-12.848725,-0.784413,3.200000
13.298501,-12.877012,-0.784053,3.200000
13.326780,-12.905301,-0.783617,3.200000
13.355064,-12.933586,-0.783097,3.200000
13.383357,-12.961861,-0.782485,3.200000
13.411665,-12.990122,-0.781774,3.200000
13.439990,-13.018365,-0.780954,3.200000
13.468338,-13.046586,-0.780018,3.200000
13.496712,-13.074780,-0.778961,3.200000
13.525116,-13.102945,-0.777775,3.200000
13.553554,-13.131074,-0.776453,3.200000
13.582030,-13.159165,-0.774976,3.200000
13.610550,-13.187212,-0.773323,3.200000
13.639117,-13.215211,-0.771487,3.200000
13.667735,-13.243157,-0.769490,3.200000
13.696409,-13.271046,-0.767365,3.200000
13.725144,-13.298873,-0.765142,3.200000
13.753944,-13.326631,-0.762845,3.200000
13.782815,-13.354317,-0.760493,3.200000
13.811758,-13.381927,-0.758106,3.200000
13.840777,-13.409457,-0.755709,3.200000
13.869880,-13.436899,-0.753326,3.200000
13.899075,-13.464242,-0.750983,3.200000
13.928372,-13.491476,-0.748702,3.200000
13.957772,-13.518598,-0.746509,3.200000
13.987264,-13.545622,-0.744427,3.200000
14.016833,-13.572560,-0.742482,3.200000
14.046468,-13.599426,-0.740699,3.200000
14.076160,-13.626229,-0.739105,3.200000
14.105902,-13.652976,-0.737721,3.200000
14.135685,-13.679678,-0.736566,3.200000
14.165499,-13.706344,-0.735662,3.200000
14.195336,-13.732986,-0.735044,3.200000
14.225184,-13.759615,-0.734753,3.200000
14.255035,-13.786240,-0.734828,3.200000
14.284880,-13.812873,-0.735256,3.200000
14.314708,-13.839524,-0.735994,3.200000
14.344511,-13.866203,-0.737003,3.200000
14.374279,-13.892922,-0.738252,3.200000
14.404001,-13.919691,-0.739724,3.200000
14.433671,-13.946518,-0.741396,3.200000
14.463280,-13.973413,-0.743247,3.200000
14.492819,-14.000384,-0.745251,3.200000
14.522276,-14.027445,-0.747380,3.200000
14.551636,-14.054611,-0.749611,3.200000
14.580891,-14.081890,-0.751919,3.200000
14.610048,-14.109275,-0.754281,3.200000
14.639116,-14.136753,-0.756671,3.200000
14.668104,-14.164315,-0.759066,3.200000
14.697018,-14.191956,-0.761440,3.200000
14.725860,-14.219672,-0.763772,3.200000
14.754633,-14.247458,-0.766040,3.200000
14.783343,-14.275310,-0.768226,3.200000
14.811995,-14.303223,-0.770303,3.200000
14.840592,-14.331191,-0.772239,3.200000
14.869139,-14.359209,-0.774002,3.200000
14.897642,-14.387274,-0.775582,3.200000
14.926103,-14.415380,-0.776995,3.200000
14.954527,-14.443524,-0.778261,3.200000
14.982918,-14.471701,-0.779395,3.200000
15.011282,-14.499906,-0.780404,3.200000
15.039620,-14.528136,-0.781293,3.200000
15.067939,-14.556386,-0.782069,3.200000
15.096240,-14.584653,-0.782740,3.200000
15.124529,-14.612933,-0.783315,3.200000
15.152810,-14.641220,-0.783801,3.200000
15.181090,-14.669508,-0.784207,3.200000
15.209373,-14.697794,-0.784539,3.200000
15.237657,-14.726078,-0.784805,3.200000
15.265943,-14.754362,-0.785013,3.200000
15.294227,-14.782646,-0.785169,3.200000
15.322511,-14.810930,-0.785280,3.200000
15.350795,-14.839215,-0.785352,3.200000
15.379079,-14.867500,-0.785392,3.200000
15.407363,-14.895784,-0.785409,3.200000
15.435647,-14.924068,-0.785415,3.200000
15.463931,-14.952353,-0.785414,3.200000
15.492216,-14.980637,-0.785409,3.200000
15.520500,-15.008921,-0.785392,3.200000
15.548784,-15.037206,-0.785352,3.200000
15.577068,-15.065490,-0.785281,3.200000
15.605352,-15.093775,-0.785172,3.200000
15.633637,-15.122058,-0.785017,3.200000
15.661922,-15.150341,-0.784811,3.200000
15.690207,-15.178625,-0.784547,3.200000
15.718490,-15.206911,-0.784218,3.200000
15.746770,-15.235199,-0.783815,3.200000
15.775052,-15.263486,-0.783333,3.200000
15.803340,-15.291766,-0.782762,3.200000
15.831641,-15.320034,-0.782096,3.200000
15.859959,-15.348285,-0.781325,3.200000
15.888297,-15.376515,-0.780441,3.200000
15.916659,-15.404722,-0.779438,3.200000
15.945049,-15.432900,-0.778310,3.200000
15.973472,-15.461045,-0.777050,3.200000
16.001931,-15.489153,-0.775644,3.200000
16.030432,-15.517219,-0.774071,3.200000
16.058977,-15.545240,-0.772316,3.200000
16.087572,-15.573210,-0.770386,3.200000
16.116221,-15.601125,-0.768313,3.200000
16.144928,-15.628980,-0.766131,3.200000
16.173699,-15.656769,-0.763865,3.200000
16.202538,-15.684488,-0.761535,3.200000
16.231448,-15.712132,-0.759161,3.200000
16.260434,-15.739698,-0.756766,3.200000
16.289498,-15.767180,-0.754374,3.200000
16.318651,-15.794568,-0.752009,3.200000
16.347902,-15.821852,-0.749698,3.200000
16.377258,-15.849022,-0.747462,3.200000
16.406711,-15.876087,-0.745327,3.200000
16.436248,-15.903061,-0.743317,3.200000
16.465855,-15.929958,-0.741459,3.200000
16.495523,-15.956788,-0.739778,3.200000
16.525244,-15.983558,-0.738297,3.200000
16.555010,-16.010278,-0.737038,3.200000
16.584812,-16.036959,-0.736019,3.200000
16.614640,-16.063610,-0.735270,3.200000
16.644485,-16.090243,-0.734829,3.200000
16.674336,-16.116868,-0.734740,3.200000
16.704185,-16.143495,-0.735018,3.200000
16.734023,-16.170136,-0.735625,3.200000
16.763839,-16.196801,-0.736520,3.200000
16.793623,-16.223501,-0.737667,3.200000
16.823367,-16.250246,-0.739044,3.200000
16.853062,-16.277046,-0.740632,3.200000
16.882699,-16.303909,-0.742409,3.200000
16.912271,-16.330845,-0.744350,3.200000
16.941765,-16.357865,-0.746428,3.200000
16.971170,-16.384983,-0.748619,3.200000
17.000471,-16.412213,-0.750898,3.200000
17.029669,-16.439553,-0.753240,3.200000
17.058774,-16.466991,-0.755623,3.200000
17.087797,-16.494518,-0.758020,3.200000
17.116742,-16.522125,-0.760408,3.200000
17.145615,-16.549809,-0.762762,3.200000
17.174417,-16.577566,-0.765062,3.200000
17.203154,-16.605390,-0.767287,3.200000
17.231830,-16.633277,-0.769416,3.200000
17.260450,-16.661222,-0.771418,3.200000
17.289019,-16.689219,-0.773261,3.200000
17.317540,-16.717264,-0.774920,3.200000
17.346018,-16.745353,-0.776403,3.200000
17.374458,-16.773482,-0.777729,3.200000
17.402863,-16.801645,-0.778919,3.200000
17.431237,-16.829838,-0.779980,3.200000
17.459586,-16.858058,-0.780919,3.200000
17.487913,-16.886299,-0.781742,3.200000
17.516221,-16.914560,-0.782457,3.200000
17.544515,-16.942835,-0.783072,3.200000
17.572799,-16.971119,-0.783595,3.200000
17.601079,-16.999407,-0.784034,3.200000
17.629361,-17.027694,-0.784397,3.200000
17.657645,-17.055979,-0.784691,3.200000
17.685931,-17.084262,-0.784923,3.200000
17.714216,-17.112545,-0.785101,3.200000
17.742501,-17.140828,-0.785231,3.200000
17.770785,-17.169113,-0.785320,3.200000
17.799069,-17.197397,-0.785376,3.200000
17.827354,-17.225681,-0.785403,3.200000
17.855638,-17.253965,-0.785410,3.200000
17.883923,-17.282249,-0.785405,3.200000
17.912207,-17.310534,-0.785398,3.200000
17.940491,-17.338818,-0.785396,3.200000
17.968775,-17.367103,-0.785398,3.200000
17.997059,-17.395387,-0.785400,3.200000
18.025343,-17.423672,-0.785402,3.200000
18.053627,-17.451956,-0.785403,3.200000
18.081911,-17.480241,-0.785403,3.200000
18.110195,-17.508525,-0.785403,3.200000
18.138479,-17.536810,-0.785401,3.200000
18.166763,-17.565094,-0.785399,3.200000
18.195047,-17.593379,-0.785399,3.200000
18.223331,-17.621663,-0.785403,3.200000
18.251616,-17.649948,-0.785410,3.200000
18.279900,-17.678232,-0.785412,3.200000
18.308184,-17.706516,-0.785399,3.200000
18.336468,-17.734801,-0.785362,3.200000
18.364752,-17.763085,-0.785295,3.200000
18.393036,-17.791370,-0.785192,3.200000
18.421321,-17.819653,-0.785046,3.200000
18.449607,-17.847936,-0.784851,3.200000
18.477892,-17.876220,-0.784598,3.200000
18.506175,-17.904505,-0.784281,3.200000
18.534456,-17.932793,-0.783893,3.200000
18.562737,-17.961080,-0.783425,3.200000
18.591024,-17.989362,-0.782871,3.200000
18.619322,-18.017632,-0.782223,3.200000
18.647636,-18.045886,-0.781472,3.200000
18.675970,-18.074121,-0.780609,3.200000
18.704328,-18.102332,-0.779628,3.200000
18.732713,-18.130515,-0.778524,3.200000
18.761129,-18.158666,-0.777288,3.200000
18.789582,-18.186782,-0.775910,3.200000
18.818074,-18.214856,-0.774369,3.200000
18.846611,-18.242885,-0.772647,3.200000
18.875197,-18.270865,-0.770747,3.200000
18.903835,-18.298791,-0.768698,3.200000
18.932532,-18.326657,-0.766533,3.200000
18.961291,-18.354459,-0.764281,3.200000
18.990117,-18.382190,-0.761961,3.200000
19.019014,-18.409848,-0.759593,3.200000
19.047985,-18.437429,-0.757200,3.200000
19.077035,-18.464926,-0.754805,3.200000
19.106171,-18.492333,-0.752434,3.200000
19.135404,-18.519636,-0.750110,3.200000
19.164741,-18.546826,-0.747859,3.200000
19.194178,-18.573909,-0.745703,3.200000
19.223701,-18.600899,-0.743668,3.200000
19.253296,-18.627809,-0.741780,3.200000
19.282953,-18.654650,-0.740065,3.200000
19.312665,-18.681430,-0.738547,3.200000
19.342424,-18.708159,-0.737246,3.200000
19.372220,-18.734845,-0.736183,3.200000
19.402045,-18.761501,-0.735382,3.200000
19.431887,-18.788136,-0.734883,3.200000
19.461738,-18.814761,-0.734727,3.200000
19.491589,-18.841388,-0.734942,3.200000
19.521429,-18.868025,-0.735493,3.200000
19.551249,-18.894685,-0.736339,3.200000
19.581040,-18.921377,-0.737443,3.200000
19.610792,-18.948114,-0.738780,3.200000
19.640496,-18.974903,-0.740331,3.200000
19.670144,-19.001755,-0.742076,3.200000
19.699728,-19.028677,-0.743989,3.200000
19.729238,-19.055680,-0.746045,3.200000
19.758659,-19.082780,-0.748218,3.200000
19.787979,-19.109989,-0.750482,3.200000
19.817196,-19.137310,-0.752815,3.200000
19.846317,-19.164732,-0.755193,3.200000
19.875354,-19.192244,-0.757589,3.200000
19.904313,-19.219837,-0.759980,3.200000
19.933198,-19.247507,-0.762342,3.200000
19.962013,-19.275251,-0.764653,3.200000
19.990761,-19.303063,-0.766893,3.200000
20.019448,-19.330939,-0.769041,3.200000
20.048078,-19.358874,-0.771068,3.200000
20.076655,-19.386862,-0.772941,3.200000
20.105185,-19.414899,-0.774633,3.200000
20.133670,-19.442980,-0.776146,3.200000
20.162117,-19.471102,-0.777499,3.200000
20.190527,-19.499259,-0.778712,3.200000
20.218907,-19.527447,-0.779796,3.200000
20.247261,-19.555662,-0.780757,3.200000
20.275591,-19.583900,-0.781601,3.200000
20.303903,-19.612157,-0.782334,3.200000
20.332199,-19.640430,-0.782967,3.200000
20.360484,-19.668713,-0.783506,3.200000
20.388765,-19.697001,-0.783960,3.200000
20.417046,-19.725288,-0.784337,3.200000
20.445330,-19.753573,-0.784643,3.200000
20.473615,-19.781856,-0.784885,3.200000
20.501901,-19.810139,-0.785072,3.200000
20.530186,-19.838422,-0.785210,3.200000
20.558470,-19.866707,-0.785307,3.200000
20.586754,-19.894991,-0.785368,3.200000
20.615039,-19.923275,-0.785401,3.200000
20.643323,-19.951560,-0.785411,3.200000
20.671607,-19.979844,-0.785407,3.200000
20.699891,-20.008128,-0.785400,3.200000
20.728175,-20.036413,-0.785398,3.200000
20.756459,-20.064697,-0.785399,3.200000
20.784743,-20.092982,-0.785402,3.200000
20.813027,-20.121267,-0.785403,3.200000
20.841311,-20.149551,-0.785404,3.200000
20.869595,-20.177836,-0.785403,3.200000
20.897879,-20.206120,-0.785403,3.200000
20.926163,-20.234405,-0.785402,3.200000
20.954447,-20.262689,-0.785402,3.200000
20.982731,-20.290974,-0.785402,3.200000
21.011015,-20.319258,-0.785401,3.200000
21.039300,-20.347542,-0.785400,3.200000
21.067584,-20.375827,-0.785399,3.200000
21.095868,-20.404111,-0.785398,3.200000
21.124152,-20.432395,-0.785396,3.200000
21.152437,-20.460679,-0.785395,3.200000
21.180721,-20.488964,-0.785395,3.200000
21.209006,-20.517248,-0.785394,3.200000
21.237290,-20.545532,-0.785394,3.200000
21.265575,-20.573816,-0.785394,3.200000
21.293859,-20.602100,-0.785392,3.200000
21.322144,-20.630384,-0.785391,3.200000
21.350428,-20.658668,-0.785391,3.200000
21.378713,-20.686952,-0.785396,3.200000
21.406998,-20.715236,-0.785405,3.200000
21.435282,-20.743519,-0.785407,3.200000
21.463567,-20.771803,-0.785394,3.200000
21.491851,-20.800088,-0.785357,3.200000
21.520135,-20.828372,-0.785289,3.200000
21.548419,-20.856657,-0.785185,3.200000
21.576704,-20.884941,-0.785037,3.200000
21.604989,-20.913224,-0.784839,3.200000
21.633274,-20.941508,-0.784582,3.200000
21.661557,-20.969794,-0.784261,3.200000
21.689836,-20.998082,-0.783867,3.200000
21.718117,-21.026370,-0.783393,3.200000
21.746404,-21.054652,-0.782832,3.200000
21.774703,-21.082921,-0.782176,3.200000
21.803018,-21.111175,-0.781415,3.200000
21.831353,-21.139408,-0.780543,3.200000
21.859713,-21.167617,-0.779551,3.200000
21.888099,-21.195798,-0.778435,3.200000
21.916518,-21.223947,-0.777188,3.200000
21.944974,-21.252060,-0.775796,3.200000
21.973470,-21.280131,-0.774239,3.200000
22.002010,-21.308156,-0.772502,3.200000
22.030600,-21.336131,-0.770587,3.200000
22.059244,-21.364052,-0.768526,3.200000
22.087945,-21.391913,-0.766353,3.200000
22.116710,-21.419709,-0.764093,3.200000
22.145542,-21.447435,-0.761768,3.200000
22.174445,-21.475086,-0.759398,3.200000
22.203423,-21.502659,-0.757004,3.200000
22.232480,-21.530150,-0.754611,3.200000
22.261624,-21.557548,-0.752244,3.200000
22.290865,-21.584842,-0.749926,3.200000
22.320211,-21.612023,-0.747684,3.200000
22.349655,-21.639098,-0.745539,3.200000
22.379184,-21.666081,-0.743517,3.200000
22.408784,-21.692985,-0.741643,3.200000
22.438446,-21.719821,-0.739945,3.200000
22.468162,-21.746597,-0.738445,3.200000
22.497923,-21.773323,-0.737164,3.200000
22.527722,-21.800007,-0.736122,3.200000
22.557547,-21.826661,-0.735344,3.200000
22.587390,-21.853296,-0.734871,3.200000
22.617240,-21.879922,-0.734744,3.200000
22.647090,-21.906550,-0.734986,3.200000
22.676928,-21.933190,-0.735562,3.200000
22.706746,-21.959852,-0.736429,3.200000
22.736533,-21.986549,-0.737550,3.200000
22.766281,-22.013290,-0.738903,3.200000
22.795980,-22.040084,-0.740468,3.200000
22.825623,-22.066941,-0.742225,3.200000
22.855202,-22.093869,-0.744148,3.200000
22.884705,-22.120880,-0.746211,3.200000
22.914119,-22.147988,-0.748389,3.200000
22.943431,-22.175205,-0.750658,3.200000
22.972640,-22.202534,-0.752993,3.200000
23.001755,-22.229963,-0.755371,3.200000
23.030786,-22.257481,-0.757766,3.200000
23.059740,-22.285079,-0.760155,3.200000
23.088620,-22.312754,-0.762512,3.200000
23.117431,-22.340503,-0.764817,3.200000
23.146175,-22.368320,-0.767051,3.200000
23.174857,-22.396200,-0.769191,3.200000
23.203484,-22.424138,-0.771208,3.200000
23.232058,-22.452130,-0.773069,3.200000
23.260584,-22.480170,-0.774748,3.200000
23.289067,-22.508254,-0.776250,3.200000
23.317511,-22.536378,-0.777593,3.200000
23.345919,-22.564538,-0.778798,3.200000
23.374297,-22.592728,-0.779874,3.200000
23.402648,-22.620945,-0.780828,3.200000
23.430977,-22.649185,-0.781665,3.200000
23.459287,-22.677444,-0.782393,3.200000
23.487581,-22.705717,-0.783019,3.200000
23.515866,-22.734002,-0.783552,3.200000
23.544146,-22.762290,-0.784001,3.200000
23.572426,-22.790578,-0.784372,3.200000
23.600710,-22.818863,-0.784673,3.200000
23.628995,-22.847147,-0.784911,3.200000
23.657280,-22.875430,-0.785093,3.200000
23.685564,-22.903715,-0.785226,3.200000
23.713848,-22.932000,-0.785319,3.200000
23.742131,-22.960284,-0.785376,3.200000
23.770415,-22.988569,-0.785405,3.200000
23.798700,-23.016853,-0.785411,3.200000
23.826984,-23.045137,-0.785406,3.200000
23.855268,-23.073422,-0.785397,3.200000
23.883553,-23.101706,-0.785393,3.200000
23.911837,-23.129990,-0.785393,3.200000
23.940122,-23.158274,-0.785394,3.200000
23.968406,-23.186558,-0.785395,3.200000
23.996691,-23.214842,-0.785394,3.200000
24.024975,-23.243126,-0.785393,3.200000
24.053260,-23.271410,-0.785393,3.200000
24.081544,-23.299694,-0.785393,3.200000
24.109829,-23.327978,-0.785394,3.200000
24.138114,-23.356262,-0.785395,3.200000
24.166398,-23.384546,-0.785395,3.200000
24.194683,-23.412830,-0.785393,3.200000
24.222967,-23.441114,-0.785393,3.200000
24.251251,-23.469398,-0.785397,3.200000
24.279536,-23.497682,-0.785405,3.200000
24.307820,-23.525967,-0.785411,3.200000
24.336104,-23.554251,-0.785405,3.200000
24.364388,-23.582535,-0.785378,3.200000
24.392672,-23.610820,-0.785322,3.200000
24.420956,-23.639105,-0.785232,3.200000
24.449240,-23.667389,-0.785100,3.200000
24.477525,-23.695673,-0.784921,3.200000
24.505810,-23.723956,-0.784686,3.200000
24.534094,-23.752241,-0.784388,3.200000
24.562374,-23.780529,-0.784021,3.200000
24.590654,-23.808818,-0.783576,3.200000
24.618938,-23.837103,-0.783047,3.200000
24.647232,-23.865377,-0.782425,3.200000
24.675541,-23.893637,-0.781703,3.200000
24.703869,-23.921877,-0.780872,3.200000
24.732219,-23.950096,-0.779924,3.200000
24.760595,-23.978287,-0.778854,3.200000
24.789002,-24.006449,-0.777655,3.200000
24.817444,-24.034575,-0.776319,3.200000
24.845925,-24.062661,-0.774825,3.200000
24.874449,-24.090703,-0.773155,3.200000
24.903021,-24.118697,-0.771303,3.200000
24.931644,-24.146638,-0.769293,3.200000
24.960324,-24.174521,-0.767158,3.200000
24.989065,-24.202341,-0.764926,3.200000
25.017872,-24.230093,-0.762622,3.200000
25.046749,-24.257772,-0.760269,3.200000
25.075700,-24.285374,-0.757890,3.200000
25.104727,-24.312896,-0.755500,3.200000
25.133837,-24.340329,-0.753114,3.200000
25.163041,-24.367663,-0.750743,3.200000
25.192348,-24.394887,-0.748404,3.200000
25.221757,-24.422000,-0.746113,3.200000
25.251256,-24.449015,-0.743886,3.200000
25.280832,-24.475946,-0.741740,3.200000
25.310474,-24.502805,-0.739694,3.200000
25.340170,-24.529602,-0.737764,3.200000
25.369913,-24.556349,-0.735963,3.200000
25.399694,-24.583052,-0.734304,3.200000
25.429511,-24.609717,-0.732800,3.200000
25.459359,-24.636345,-0.731484,3.200000
25.489235,-24.662943,-0.730389,3.200000
25.519134,-24.689514,-0.729546,3.200000
25.549051,-24.716065,-0.728927,3.200000
25.578981,-24.742602,-0.728483,3.200000
25.608919,-24.769129,-0.728170,3.200000
25.638860,-24.795654,-0.727945,3.200000
25.668800,-24.822180,-0.727774,3.200000
25.698734,-24.848711,-0.727618,3.200000
25.728660,-24.875253,-0.727468,3.200000
25.758571,-24.901811,-0.727322,3.200000
25.788459,-24.928394,-0.727181,3.200000
25.818314,-24.955016,-0.727036,3.200000
25.848134,-24.981676,-0.726877,3.200000
25.877931,-25.008363,-0.726691,3.200000
25.907718,-25.035060,-0.726471,3.200000
25.937508,-25.061753,-0.726212,3.200000
25.967314,-25.088429,-0.725908,3.200000
25.997147,-25.115074,-0.725544,3.200000
26.027014,-25.141682,-0.725103,3.200000
26.056913,-25.168253,-0.724568,3.200000
26.086842,-25.194792,-0.723911,3.200000
26.116797,-25.221300,-0.723103,3.200000
26.146780,-25.247777,-0.722115,3.200000
26.176793,-25.274220,-0.720961,3.200000
26.206835,-25.300629,-0.719670,3.200000
26.236906,-25.327006,-0.718272,3.200000
26.267003,-25.353353,-0.716780,3.200000
26.297128,-25.379669,-0.715201,3.200000
26.327284,-25.405948,-0.713541,3.200000
26.357479,-25.432183,-0.711791,3.200000
26.387720,-25.458365,-0.709932,3.200000
26.418012,-25.484488,-0.707948,3.200000
26.448362,-25.510543,-0.705834,3.200000
26.478775,-25.536524,-0.703587,3.200000
26.509249,-25.562435,-0.701199,3.200000
26.539779,-25.588280,-0.698634,3.200000
26.570366,-25.614056,-0.695847,3.200000
26.601017,-25.639757,-0.692809,3.200000
26.631739,-25.665373,-0.689547,3.200000
26.662539,-25.690895,-0.686095,3.200000
26.693422,-25.716315,-0.682476,3.200000
26.724396,-25.741626,-0.678699,3.200000
26.755464,-25.766822,-0.674769,3.200000
26.786628,-25.791898,-0.670688,3.200000
26.817891,-25.816851,-0.666436,3.200000
26.849264,-25.841666,-0.661992,3.200000
26.880767,-25.866314,-0.657391,3.200000
26.912419,-25.890772,-0.652700,3.200000
26.944218,-25.915038,-0.647983,3.200000
26.976153,-25.939125,-0.643254,3.200000
27.008212,-25.963048,-0.638518,3.200000
27.040392,-25.986805,-0.633770,3.200000
27.072697,-26.010394,-0.628984,3.200000
27.105130,-26.033807,-0.624131,3.200000
27.137697,-26.057032,-0.619240,3.200000
27.170405,-26.080058,-0.614384,3.200000
27.203251,-26.102887,-0.609655,3.200000
27.236206,-26.125558,-0.605044,3.200000
27.269244,-26.148108,-0.600512,3.200000
27.302352,-26.170556,-0.595998,3.200000
27.335532,-26.192897,-0.591509,3.200000
27.368789,-26.215122,-0.587065,3.200000
27.402136,-26.237213,-0.582693,3.200000
27.435589,-26.259142,-0.578412,3.200000
27.469154,-26.280900,-0.574237,3.200000
27.502806,-26.302523,-0.570101,3.200000
27.536515,-26.324057,-0.565919,3.200000
27.570280,-26.345504,-0.561592,3.200000
27.604127,-26.366820,-0.557062,3.200000
27.638084,-26.387960,-0.552282,3.200000
27.672150,-26.408925,-0.547302,3.200000
27.706310,-26.429738,-0.542199,3.200000
27.740549,-26.450417,-0.537012,3.200000
27.774862,-26.470976,-0.531685,3.200000
27.809242,-26.491422,-0.526161,3.200000
27.843706,-26.511726,-0.520448,3.200000
27.878295,-26.531816,-0.514575,3.200000
27.913045,-26.551628,-0.508537,3.200000
27.947962,-26.571143,-0.502306,3.200000
27.983043,-26.590362,-0.495871,3.200000
28.018275,-26.609300,-0.489238,3.200000
28.053634,-26.628005,-0.482367,3.200000
28.089094,-26.646517,-0.475245,3.200000
28.124670,-26.664803,-0.467945,3.200000
28.160398,-26.682789,-0.460542,3.200000
28.196291,-26.700443,-0.453028,3.200000
28.232320,-26.717821,-0.445447,3.200000
28.268451,-26.734985,-0.437843,3.200000
28.304691,-26.751919,-0.430202,3.200000
28.341065,-26.768559,-0.422465,3.200000
28.377595,-26.784857,-0.414680,3.200000
28.414281,-26.800801,-0.406866,3.200000
28.451121,-26.816385,-0.398921,3.200000
28.488091,-26.831658,-0.390719,3.200000
28.525158,-26.846693,-0.382287,3.200000
28.562306,-26.861527,-0.373768,3.200000
28.599545,-26.876132,-0.365180,3.200000
28.636886,-26.890475,-0.356437,3.200000
28.674347,-26.904500,-0.347483,3.200000
28.711947,-26.918148,-0.338358,3.200000
28.749683,-26.931416,-0.329082,3.200000
28.787533,-26.944356,-0.319664,3.200000
28.825486,-26.956993,-0.310180,3.200000
28.863560,-26.969258,-0.300680,3.200000
28.901775,-26.981074,-0.291124,3.200000
28.940126,-26.992442,-0.281475,3.200000
28.978597,-27.003403,-0.271769,3.200000
29.017173,-27.013980,-0.262060,3.200000
29.055855,-27.024171,-0.252426,3.200000
29.094640,-27.033960,-0.242983,3.200000
29.133534,-27.043304,-0.233819,3.200000
29.172541,-27.052161,-0.224866,3.200000
29.211652,-27.060552,-0.216035,3.200000
29.250849,-27.068534,-0.207388,3.200000
29.290116,-27.076158,-0.199076,3.200000
29.329443,-27.083467,-0.191181,3.200000
29.368821,-27.090495,-0.183651,3.200000
29.408246,-27.097257,-0.176423,3.200000
29.447712,-27.103767,-0.169458,3.200000
29.487216,-27.110051,-0.162729,3.200000
29.526750,-27.116142,-0.156248,3.200000
29.566312,-27.122043,-0.150053,3.200000
29.605905,-27.127737,-0.144130,3.200000
29.645527,-27.133226,-0.138368,3.200000
29.685172,-27.138542,-0.132688,3.200000
29.724836,-27.143718,-0.127072,3.200000
29.764518,-27.148756,-0.121511,3.200000
29.804217,-27.153652,-0.116033,3.200000
29.843936,-27.158386,-0.110670,3.200000
29.883677,-27.162929,-0.105311,3.200000
29.923442,-27.167257,-0.099807,3.200000
29.963233,-27.171354,-0.094134,3.200000
30.003048,-27.175195,-0.088371,3.200000
30.042891,-27.178743,-0.082583,3.200000
30.082761,-27.181972,-0.076756,3.200000
30.122654,-27.184897,-0.070866,3.200000
30.162566,-27.187549,-0.064928,3.200000
30.202493,-27.189973,-0.058980,3.200000
30.242430,-27.192215,-0.053039,3.200000
30.282378,-27.194260,-0.047133,3.200000
30.322340,-27.196017,-0.041279,3.200000
30.362315,-27.197432,-0.035474,3.200000
30.402300,-27.198545,-0.029701,3.200000
30.442291,-27.199406,-0.023933,3.200000
30.482286,-27.200036,-0.018191,3.200000
30.522284,-27.200448,-0.012587,3.200000
30.562284,-27.200668,-0.007185,3.200000
30.602284,-27.200726,-0.001909,3.200000
30.642284,-27.200640,0.003365,3.200000
30.682283,-27.200407,0.008713,3.200000
30.722281,-27.200021,0.014059,3.200000
30.762278,-27.199462,0.019321,3.200000
30.802271,-27.198705,0.024551,3.200000
30.842259,-27.197706,0.029843,3.200000
30.882238,-27.196417,0.035202,3.200000
30.922208,-27.194878,0.040597,3.200000
30.962173,-27.193183,0.046018,3.200000
31.002132,-27.191362,0.051472,3.200000
31.042082,-27.189365,0.056981,3.200000
31.082020,-27.187148,0.062543,3.200000
31.121946,-27.184696,0.068167,3.200000
31.161855,-27.181997,0.073881,3.200000
31.201744,-27.179016,0.079694,3.200000
31.241608,-27.175717,0.085552,3.200000
31.281445,-27.172107,0.091371,3.200000
31.321257,-27.168224,0.097149,3.200000
31.361044,-27.164101,0.103028,3.200000
31.400808,-27.159763,0.109137,3.200000
31.440550,-27.155227,0.115466,3.200000
31.480270,-27.150502,0.121970,3.200000
31.519967,-27.145587,0.128627,3.200000
31.559637,-27.140454,0.135438,3.200000
31.599273,-27.135069,0.142449,3.200000
31.638873,-27.129424,0.149694,3.200000
31.678438,-27.123536,0.157135,3.200000
31.717966,-27.117408,0.164746,3.200000
31.757451,-27.111011,0.172531,3.200000
31.796888,-27.104318,0.180528,3.200000
31.836269,-27.097305,0.188774,3.200000
31.875588,-27.089955,0.197289,3.200000
31.914841,-27.082257,0.206082,3.200000
31.954023,-27.074204,0.215108,3.200000
31.993123,-27.065763,0.224266,3.200000
32.032122,-27.056867,0.233462,3.200000
32.071005,-27.047480,0.242640,3.200000
32.109778,-27.037642,0.251758,3.200000
32.148447,-27.027404,0.260831,3.200000
32.187010,-27.016777,0.269888,3.200000
32.225462,-27.005754,0.278897,3.200000
32.263797,-26.994331,0.287762,3.200000
32.302010,-26.982506,0.296416,3.200000
32.340098,-26.970286,0.304922,3.200000
32.378071,-26.957712,0.313348,3.200000
32.415941,-26.944831,0.321632,3.200000
32.453723,-26.931697,0.329657,3.200000
32.491437,-26.918364,0.337417,3.200000
32.529084,-26.904847,0.345008,3.200000
32.566647,-26.891098,0.352502,3.200000
32.604111,-26.877084,0.359900,3.200000
32.641490,-26.862842,0.367192,3.200000
32.678803,-26.848425,0.374389,3.200000
32.716042,-26.833822,0.381544,3.200000
32.753182,-26.818969,0.388743,3.200000
32.790205,-26.803824,0.396017,3.200000
32.827114,-26.788405,0.403377,3.200000
32.863918,-26.772736,0.410856,3.200000
32.900611,-26.756809,0.418523,3.200000
32.937180,-26.740601,0.426348,3.200000
32.973617,-26.724097,0.434257,3.200000
33.009918,-26.707296,0.442230,3.200000
33.046081,-26.690197,0.450330,3.200000
33.082087,-26.672771,0.458627,3.200000
33.117911,-26.654977,0.467082,3.200000
33.153543,-26.636799,0.475604,3.200000
33.188996,-26.618274,0.484137,3.200000
33.224285,-26.599439,0.492667,3.200000
33.259412,-26.580305,0.501235,3.200000
33.294371,-26.560865,0.509858,3.200000
33.329159,-26.541121,0.518542,3.200000
33.363781,-26.521086,0.527260,3.200000
33.398240,-26.500773,0.535987,3.200000
33.432532,-26.480177,0.544695,3.200000
33.466640,-26.459280,0.553336,3.200000
33.500554,-26.438070,0.561867,3.200000
33.534286,-26.416572,0.570321,3.200000
33.567858,-26.394823,0.578755,3.200000
33.601274,-26.372836,0.587212,3.200000
33.634513,-26.350582,0.595673,3.200000
33.667550,-26.328031,0.604107,3.200000
33.700381,-26.305179,0.612500,3.200000
33.733014,-26.282044,0.620849,3.200000
33.765457,-26.258645,0.629146,3.200000
33.797708,-26.234982,0.637348,3.200000
33.829759,-26.211050,0.645425,3.200000
33.861604,-26.186843,0.653393,3.200000
33.893236,-26.162358,0.661305,3.200000
33.924648,-26.137593,0.669177,3.200000
33.955840,-26.112550,0.676940,3.200000
33.986819,-26.087244,0.684506,3.200000
34.017595,-26.061693,0.691824,3.200000
34.048179,-26.035911,0.698912,3.200000
34.078580,-26.009914,0.705792,3.200000
34.108806,-25.983714,0.712470,3.200000
34.138862,-25.957319,0.718927,3.200000
34.168742,-25.930725,0.725142,3.200000
34.198441,-25.903930,0.731096,3.200000
34.227964,-25.876941,0.736774,3.200000
34.257333,-25.849784,0.742159,3.200000
34.286571,-25.822486,0.747258,3.200000
34.315696,-25.795067,0.752099,3.200000
34.344709,-25.767531,0.756707,3.200000
34.373611,-25.739879,0.761105,3.200000
34.402405,-25.712113,0.765311,3.200000
34.431095,-25.684240,0.769342,3.200000
34.459687,-25.656266,0.773195,3.200000
34.488185,-25.628198,0.776870,3.200000
34.516597,-25.600041,0.780368,3.200000
34.544926,-25.571802,0.783730,3.200000
34.573178,-25.543485,0.787024,3.200000
34.601353,-25.515091,0.790322,3.200000
34.629448,-25.486619,0.793662,3.200000
34.657461,-25.458066,0.797040,3.200000
34.685393,-25.429433,0.800441,3.200000
34.713243,-25.400721,0.803860,3.200000
34.741012,-25.371931,0.807301,3.200000
34.768699,-25.343061,0.810770,3.200000
34.796298,-25.314108,0.814274,3.200000
34.823805,-25.285067,0.817814,3.200000
34.851209,-25.255929,0.821387,3.200000
34.878493,-25.226678,0.824989,3.200000
34.905638,-25.197298,0.828617,3.200000
34.932637,-25.167785,0.832270,3.200000
34.959500,-25.138146,0.835949,3.200000
34.986233,-25.108391,0.839664,3.200000
35.012843,-25.078526,0.843428,3.200000
35.039331,-25.048553,0.847244,3.200000
35.065701,-25.018475,0.851078,3.200000
35.091954,-24.988296,0.854886,3.200000
35.118098,-24.958022,0.858622,3.200000
35.144138,-24.927659,0.862221,3.200000
35.170077,-24.897210,0.865617,3.200000
35.195916,-24.866675,0.868756,3.200000
35.221650,-24.836052,0.871655,3.200000
35.247278,-24.805340,0.874342,3.200000
35.272791,-24.774532,0.876836,3.200000
35.298182,-24.743625,0.879133,3.200000
35.323461,-24.712625,0.881228,3.200000
35.348648,-24.681550,0.883129,3.200000
35.373768,-24.650421,0.884870,3.200000
35.398845,-24.619258,0.886486,3.200000
35.423905,-24.588081,0.887985,3.200000
35.448971,-24.556909,0.889337,3.200000
35.474048,-24.525746,0.890509,3.200000
35.499127,-24.494585,0.891472,3.200000
35.524203,-24.463421,0.892187,3.200000
35.549277,-24.432255,0.892619,3.200000
35.574356,-24.401093,0.892769,3.200000
35.599442,-24.369937,0.892685,3.200000
35.624524,-24.338778,0.892421,3.200000
35.649586,-24.307603,0.892030,3.200000
35.674617,-24.276403,0.891561,3.200000
35.699632,-24.245191,0.891066,3.200000
35.724651,-24.213980,0.890563,3.200000
35.749691,-24.182787,0.890035,3.200000
35.774771,-24.151627,0.889464,3.200000
35.799909,-24.120513,0.888867,3.200000
35.825113,-24.089452,0.888281,3.200000
35.850373,-24.058437,0.887730,3.200000
35.875676,-24.027457,0.887173,3.200000
35.901012,-23.996504,0.886546,3.200000
35.926373,-23.965571,0.885795,3.200000
35.951749,-23.934651,0.884942,3.200000
35.977140,-23.903743,0.884041,3.200000
36.002551,-23.872852,0.883139,3.200000
36.027989,-23.841983,0.882275,3.200000
36.053447,-23.811130,0.881484,3.200000
36.078908,-23.780280,0.880798,3.200000
36.104357,-23.749419,0.880211,3.200000
36.129800,-23.718554,0.879700,3.200000
36.155264,-23.687706,0.879247,3.200000
36.180773,-23.656896,0.878834,3.200000
36.206329,-23.626125,0.878448,3.200000
36.231918,-23.595380,0.878080,3.200000
36.257524,-23.564650,0.877747,3.200000
36.283141,-23.533929,0.877468,3.200000
36.308760,-23.503211,0.877235,3.200000
36.334379,-23.472491,0.876987,3.200000
36.359995,-23.441769,0.876661,3.200000
36.385609,-23.411046,0.876238,3.200000
36.411224,-23.380324,0.875781,3.200000
36.436840,-23.349602,0.875356,3.200000
36.462458,-23.318882,0.874994,3.200000
36.488079,-23.288164,0.874671,3.200000
36.513697,-23.257445,0.874357,3.200000
36.539308,-23.226718,0.874033,3.200000
36.564908,-23.195984,0.873691,3.200000
36.590518,-23.165257,0.873323,3.200000
36.616162,-23.134559,0.872925,3.200000
36.641854,-23.103901,0.872496,3.200000
36.667585,-23.073275,0.872039,3.200000
36.693337,-23.042667,0.871555,3.200000
36.719100,-23.012069,0.871047,3.200000
36.744875,-22.981480,0.870520,3.200000
36.770667,-22.950906,0.869967,3.200000
36.796478,-22.920349,0.869373,3.200000
36.822308,-22.889807,0.868726,3.200000
36.848156,-22.859280,0.868051,3.200000
36.874021,-22.828767,0.867403,3.200000
36.899903,-22.798269,0.866831,3.200000
36.925802,-22.767786,0.866338,3.200000
36.951719,-22.737318,0.865892,3.200000
36.977653,-22.706864,0.865465,3.200000
37.003604,-22.676425,0.865053,3.200000
37.029571,-22.645999,0.864664,3.200000
37.055557,-22.615590,0.864304,3.200000
37.081565,-22.585200,0.863974,3.200000
37.107593,-22.554826,0.863673,3.200000
37.133630,-22.524460,0.863398,3.200000
37.159667,-22.494094,0.863150,3.200000
37.185699,-22.463725,0.862928,3.200000
37.211729,-22.433353,0.862735,3.200000
37.237759,-22.402981,0.862568,3.200000
37.263790,-22.372611,0.862428,3.200000
37.289822,-22.342241,0.862312,3.200000
37.315854,-22.311871,0.862225,3.200000
37.341886,-22.281501,0.862170,3.200000
37.367918,-22.251131,0.862150,3.200000
37.393950,-22.220760,0.862153,3.200000
37.419982,-22.190390,0.862163,3.200000
37.446014,-22.160021,0.862168,3.200000
37.472046,-22.129651,0.862166,3.200000
37.498078,-22.099281,0.862162,3.200000
37.524110,-22.068911,0.862161,3.200000
37.550142,-22.038541,0.862161,3.200000
37.576174,-22.008171,0.862162,3.200000
37.602206,-21.977801,0.862163,3.200000
37.628238,-21.947431,0.862163,3.200000
37.654270,-21.917061,0.862163,3.200000
37.680302,-21.886691,0.862163,3.200000
37.706334,-21.856321,0.862164,3.192125
37.732366,-21.825951,0.862167,3.180125
37.758398,-21.795581,0.862171,3.168125
37.784429,-21.765211,0.862172,3.156125
37.810461,-21.734840,0.862167,3.144125
37.836493,-21.704470,0.862157,3.132125
37.862524,-21.674100,0.862157,3.120125
37.888556,-21.643729,0.862184,3.108125
37.914587,-21.613359,0.862246,3.096125
37.940619,-21.582989,0.862339,3.084125
37.966651,-21.552619,0.862459,3.072125
37.992682,-21.522248,0.862603,3.060125
38.018711,-21.491876,0.862774,3.048125
38.044742,-21.461504,0.862973,3.036125
38.070775,-21.431135,0.863199,3.024125
38.096813,-21.400770,0.863452,3.012125
38.122849,-21.370404,0.863731,3.000125
38.148873,-21.340027,0.864037,2.988125
38.174876,-21.309633,0.864372,2.976125
38.200859,-21.279220,0.864739,2.964125
38.226822,-21.248792,0.865133,2.952125
38.252770,-21.218350,0.865549,2.940125
38.278701,-21.187893,0.865977,2.928125
38.304615,-21.157423,0.866431,2.916125
38.330511,-21.126937,0.866939,2.904125
38.356389,-21.096436,0.867530,2.892125
38.382251,-21.065920,0.868189,2.880125
38.408095,-21.035391,0.868862,2.868125
38.433922,-21.004846,0.869498,2.856125
38.459729,-20.974285,0.870083,2.844125
38.485517,-20.943707,0.870631,2.832125
38.511289,-20.913116,0.871156,2.820125
38.537049,-20.882516,0.871660,2.808125
38.562798,-20.851905,0.872139,2.796125
38.588522,-20.821274,0.872589,2.784125
38.614204,-20.790607,0.873011,2.772125
38.639839,-20.759901,0.873406,2.760125
38.665445,-20.729171,0.873778,2.748125
38.691046,-20.698437,0.874121,2.736125
38.716658,-20.667712,0.874431,2.724125
38.742278,-20.636994,0.874701,2.712125
38.767898,-20.606275,0.874950,2.700125
38.793515,-20.575554,0.875198,2.688125
38.819130,-20.544832,0.875460,2.676125
38.844745,-20.514110,0.875670,2.664125
38.870361,-20.483388,0.875741,2.652125
38.895977,-20.452667,0.875599,2.640125
38.921592,-20.421944,0.875265,2.628125
38.947206,-20.391221,0.874789,2.616125
38.972822,-20.360499,0.874208,2.604125
38.998443,-20.329782,0.873497,2.592125
39.024065,-20.299065,0.872612,2.580125
39.049679,-20.268341,0.871512,2.568125
39.075274,-20.237602,0.870164,2.556125
39.100866,-20.206860,0.868542,2.544125
39.126495,-20.176149,0.866611,2.532125
39.152198,-20.145501,0.864321,2.520125
39.177988,-20.114925,0.861619,2.508125
39.203857,-20.084416,0.858458,2.496125
39.229799,-20.053968,0.854800,2.484125
39.255823,-20.023592,0.850608,2.472125
39.281952,-19.993305,0.845822,2.460125
39.308204,-19.963125,0.840337,2.448125
39.334601,-19.933071,0.834045,2.436125
39.361161,-19.903161,0.826902,2.424125
39.387902,-19.873413,0.818958,2.412125
39.414852,-19.843853,0.810267,2.400125
39.442041,-19.814513,0.800815,2.388125
39.469496,-19.785422,0.790510,2.376125
39.497242,-19.756608,0.779258,2.364125
39.525300,-19.728097,0.767003,2.352125
39.553697,-19.699921,0.753724,2.340125
39.582474,-19.672135,0.739407,2.328125
39.611679,-19.644799,0.724039,2.316125
39.641346,-19.617965,0.707610,2.304125
39.671475,-19.591649,0.690154,2.292125
39.702059,-19.565861,0.671728,2.280125
39.733103,-19.540629,0.652384,2.268125
39.764639,-19.516017,0.632145,2.256125
39.796699,-19.492089,0.611029,2.244125
39.829300,-19.468903,0.589098,2.232125
39.862450,-19.446507,0.566435,2.220125
39.896153,-19.424950,0.543110,2.208125
39.930406,-19.404279,0.519174,2.196125
39.965203,-19.384540,0.494700,2.184125
40.000528,-19.365763,0.469798,2.172125
40.036350,-19.347949,0.444552,2.160125
40.072636,-19.331099,0.419013,2.148125
40.109364,-19.315237,0.393275,2.136125
40.146515,-19.300399,0.367456,2.124594
40.184065,-19.286601,0.341677,2.115969
40.221976,-19.273823,0.316004,2.109668
40.260212,-19.262051,0.290427,2.105249
40.298749,-19.251312,0.264940,2.102440
40.337567,-19.241645,0.239612,2.100977
40.376634,-19.233032,0.214522,2.100507
40.415907,-19.225413,0.189725,2.100665
40.455350,-19.218738,0.165264,2.101185
40.494938,-19.212986,0.141187,2.101908
40.534645,-19.208135,0.117562,2.102673
40.574451,-19.204158,0.094436,2.103257
40.614333,-19.201029,0.071762,2.103441
40.654272,-19.198777,0.049469,2.103058
40.694253,-19.197456,0.027513,2.101988
40.734255,-19.197082,0.005890,2.100155
40.774255,-19.197621,-0.015454,2.097506
40.814233,-19.199034,-0.036689,2.094043
40.854174,-19.201267,-0.057954,2.089853
40.894063,-19.204266,-0.079287,2.085075
40.933892,-19.207994,-0.100723,2.079805
40.973648,-19.212423,-0.122368,2.074101
41.013320,-19.217556,-0.144346,2.068062
41.052891,-19.223414,-0.166760,2.061806
41.092343,-19.230026,-0.189645,2.055406
41.131657,-19.237421,-0.213027,2.048877
41.170807,-19.245641,-0.236967,2.042265
41.209758,-19.254757,-0.261543,2.035757
41.248471,-19.264835,-0.286836,2.029678
41.286920,-19.275885,-0.312929,2.024398
41.325080,-19.287896,-0.339844,2.020284
41.362916,-19.300892,-0.367533,2.017738
41.400377,-19.314932,-0.395935,2.017326
41.437408,-19.330075,-0.424954,2.019690
41.473942,-19.346380,-0.454492,2.025397
41.509910,-19.363902,-0.484427,2.035029
41.545250,-19.382660,-0.514626,2.047029
41.579904,-19.402659,-0.544918,2.059029
41.613817,-19.423892,-0.575094,2.071029
41.646933,-19.446344,-0.604977,2.083029
41.679210,-19.469985,-0.634467,2.095029
41.710644,-19.494739,-0.663469,2.107029
41.741242,-19.520518,-0.691824,2.119029
41.771014,-19.547243,-0.719346,2.131029
41.799972,-19.574849,-0.745843,2.143029
41.828133,-19.603265,-0.771117,2.155029
41.855527,-19.632421,-0.794994,2.167029
41.882193,-19.662243,-0.817341,2.179029
41.908178,-19.692658,-0.838069,2.191029
41.933544,-19.723592,-0.857158,2.203029
41.958349,-19.754975,-0.874586,2.215029
41.982647,-19.786753,-0.890335,2.227029
42.006484,-19.818877,-0.904418,2.239029
42.029916,-19.851296,-0.916856,2.251029
42.053007,-19.883959,-0.927734,2.263029
42.075826,-19.916813,-0.937144,2.275029
42.098440,-19.949807,-0.945184,2.287029
42.120918,-19.982894,-0.951958,2.299029
42.143319,-20.016034,-0.957567,2.311029
42.165658,-20.049214,-0.962131,2.323029
42.187939,-20.082434,-0.965772,2.335029
42.210181,-20.115680,-0.968598,2.347029
42.232433,-20.148919,-0.970715,2.359029
42.254747,-20.182117,-0.972233,2.371029
42.277140,-20.215261,-0.973275,2.383029
42.299597,-20.248363,-0.973973,2.395029
42.322102,-20.281431,-0.974461,2.407029
42.344645,-20.314474,-0.974856,2.419029
42.367218,-20.347496,-0.975265,2.431029
42.389814,-20.380502,-0.975750,2.443029
42.412427,-20.413497,-0.976339,2.455029
42.435049,-20.446486,-0.977070,2.467029
42.457669,-20.479475,-0.978020,2.479029
42.480269,-20.512479,-0.979234,2.491029
42.502828,-20.545511,-0.980732,2.503029
42.525326,-20.578584,-0.982465,2.515029
42.547741,-20.611714,-0.984387,2.527029
42.570054,-20.644912,-0.986454,2.539029
42.592258,-20.678184,-0.988628,2.551029
42.614347,-20.711532,-0.990870,2.563029
42.636313,-20.744961,-0.993140,2.575029
42.658135,-20.778485,-0.995395,2.587029
42.679790,-20.812116,-0.997591,2.599029
42.701283,-20.845851,-0.999681,2.611029
42.722643,-20.879671,-1.001629,2.623029
42.743896,-20.913558,-1.003401,2.635029
42.765063,-20.947498,-1.004948,2.647029
42.786161,-20.981482,-1.006214,2.659029
42.807208,-21.015496,-1.007165,2.671029
42.828224,-21.049531,-1.007811,2.683029
42.849230,-21.083571,-1.008164,2.695029
42.870247,-21.117605,-1.008227,2.707029
42.891301,-21.151616,-1.007995,2.719029
42.912412,-21.185591,-1.007479,2.731029
42.933590,-21.219524,-1.006736,2.743029
42.954840,-21.253413,-1.005835,2.755029
42.976168,-21.287253,-1.004837,2.767029
42.997592,-21.321032,-1.003794,2.779029
43.019126,-21.354740,-1.002761,2.791029
43.040770,-21.388379,-1.001790,2.803029
43.062509,-21.421956,-1.000931,2.815029
43.084329,-21.455481,-1.000234,2.827029
43.106209,-21.488966,-0.999722,2.839029
43.128130,-21.522425,-0.999401,2.851029
43.150071,-21.555870,-0.999270,2.863029
43.172015,-21.589314,-0.999342,2.875029
43.193942,-21.622768,-0.999634,2.887029
43.215835,-21.656245,-1.000169,2.899029
43.237672,-21.689758,-1.000955,2.911029
43.259433,-21.723321,-1.001993,2.923029
43.281102,-21.756943,-1.003237,2.935029
43.302664,-21.790634,-1.004629,2.947029
43.324112,-21.824398,-1.006110,2.959029
43.345463,-21.858223,-1.007643,2.971029
43.366735,-21.892098,-1.009192,2.983029
43.387936,-21.926018,-1.010716,2.995029
43.409056,-21.959987,-1.012165,3.007029
43.430091,-21.994010,-1.013488,3.019029
43.451045,-22.028082,-1.014666,3.031029
43.471928,-22.062198,-1.015692,3.043029
43.492756,-22.096348,-1.016564,3.055029
43.513554,-22.130516,-1.017281,3.067029
43.534350,-22.164685,-1.017845,3.079029
43.555158,-22.198847,-1.018267,3.091029
43.575983,-22.232998,-1.018549,3.103029
43.596831,-22.267136,-1.018691,3.115029
43.617716,-22.301250,-1.018676,3.127029
43.638659,-22.335330,-1.018485,3.139029
43.659664,-22.369370,-1.018123,3.151029
43.680719,-22.403381,-1.017653,3.163029
43.701807,-22.437370,-1.017141,3.175029
43.722913,-22.471349,-1.016627,3.187029
43.744019,-22.505327,-1.016118,3.199029
43.765117,-22.539311,-1.015614,3.200000
43.786217,-22.573293,-1.015115,3.200000
43.807338,-22.607262,-1.014620,3.200000
43.828492,-22.641211,-1.014132,3.200000
43.849685,-22.675135,-1.013647,3.200000
43.870919,-22.709033,-1.013161,3.200000
43.892174,-22.742919,-1.012671,3.200000
43.913413,-22.776815,-1.012196,3.200000
43.934607,-22.810738,-1.011752,3.200000
43.955771,-22.844680,-1.011356,3.200000
43.976929,-22.878627,-1.011020,3.200000
43.998095,-22.912568,-1.010768,3.200000
44.019276,-22.946500,-1.010610,3.200000
44.040475,-22.980420,-1.010551,3.200000
44.061708,-23.014320,-1.010569,3.200000
44.082996,-23.048184,-1.010619,3.200000
44.104350,-23.082007,-1.010653,3.200000
44.125750,-23.115802,-1.010652,3.200000
44.147166,-23.149586,-1.010609,3.200000
44.168571,-23.183377,-1.010557,3.200000
44.189939,-23.217191,-1.010565,3.200000
44.211247,-23.251043,-1.010696,3.200000
44.232494,-23.284934,-1.010971,3.200000
44.253692,-23.318855,-1.011386,3.200000
44.274858,-23.352796,-1.011937,3.200000
44.296024,-23.386737,-1.012581,3.200000
44.317226,-23.420656,-1.013265,3.200000
44.338469,-23.454549,-1.013923,3.200000
44.359722,-23.488435,-1.014504,3.200000
44.380955,-23.522335,-1.014959,3.200000
44.402139,-23.556265,-1.015269,3.200000
44.423250,-23.590240,-1.015433,3.200000
44.444271,-23.624271,-1.015462,3.200000
44.465205,-23.658356,-1.015416,3.200000
44.486059,-23.692490,-1.015360,3.200000
44.506861,-23.726655,-1.015341,3.200000
44.527672,-23.760815,-1.015362,3.200000
44.548544,-23.794938,-1.015416,3.200000
44.569499,-23.829010,-1.015445,3.200000
44.590544,-23.863026,-1.015378,3.200000
44.611677,-23.896988,-1.015163,3.200000
44.632876,-23.930908,-1.014810,3.200000
44.654119,-23.964802,-1.014340,3.200000
44.675375,-23.998686,-1.013801,3.200000
44.696613,-24.032583,-1.013258,3.200000
44.717806,-24.066507,-1.012783,3.200000
44.738972,-24.100448,-1.012446,3.200000
44.760145,-24.134385,-1.012302,3.200000
44.781354,-24.168299,-1.012381,3.200000
44.802617,-24.202179,-1.012665,3.200000
44.823949,-24.236017,-1.013137,3.200000
44.845336,-24.269819,-1.013746,3.200000
44.866742,-24.303609,-1.014426,3.200000
44.888126,-24.337413,-1.015112,3.200000
44.909450,-24.371256,-1.015807,3.200000
44.930672,-24.405162,-1.016537,3.200000
44.951768,-24.439146,-1.017350,3.200000
44.972755,-24.473199,-1.018299,3.200000
44.993650,-24.507308,-1.019434,3.200000
45.014473,-24.541460,-1.020746,3.200000
45.035246,-24.575643,-1.022173,3.200000
45.055988,-24.609845,-1.023650,3.200000
45.076723,-24.644052,-1.025088,3.200000
45.097473,-24.678248,-1.026399,3.200000
45.118238,-24.712436,-1.027516,3.200000
45.138968,-24.746645,-1.028420,3.200000
45.159613,-24.780906,-1.029096,3.200000
45.180151,-24.815231,-1.029593,3.200000
45.200579,-24.849622,-1.029997,3.200000
45.220906,-24.884072,-1.030382,3.200000
45.241182,-24.918552,-1.030786,3.200000
45.261467,-24.953027,-1.031240,3.200000
45.281805,-24.987471,-1.031747,3.200000
45.302221,-25.021868,-1.032273,3.200000
45.322735,-25.056207,-1.032781,3.200000
45.343335,-25.090495,-1.033210,3.200000
45.363991,-25.124749,-1.033488,3.200000
45.384673,-25.158987,-1.033572,3.200000
45.405340,-25.193234,-1.033510,3.200000
45.425956,-25.227513,-1.033357,3.200000
45.446498,-25.261835,-1.033201,3.200000
45.466964,-25.296203,-1.033158,3.200000
45.487357,-25.330614,-1.033336,3.200000
45.507717,-25.365044,-1.033773,3.200000
45.528093,-25.399466,-1.034489,3.200000
45.548516,-25.433859,-1.035462,3.200000
45.568988,-25.468223,-1.036585,3.200000
45.589503,-25.502561,-1.037750,3.200000
45.610036,-25.536889,-1.038899,3.200000
45.630545,-25.571232,-1.039993,3.200000
45.650991,-25.605611,-1.041000,3.200000
45.671347,-25.640045,-1.041910,3.200000
45.691588,-25.674546,-1.042721,3.200000
45.711704,-25.709119,-1.043450,3.200000
45.731703,-25.743761,-1.044146,3.200000
45.751599,-25.778462,-1.044857,3.200000
45.771432,-25.813199,-1.045579,3.200000
45.791254,-25.847942,-1.046287,3.200000
45.811095,-25.882674,-1.046956,3.200000
45.830948,-25.917399,-1.047539,3.200000
45.850801,-25.952125,-1.047985,3.200000
45.870648,-25.986854,-1.048244,3.200000
45.890489,-26.021586,-1.048273,3.200000
45.910327,-26.056321,-1.048042,3.200000
45.930173,-26.091050,-1.047581,3.200000
45.950040,-26.125768,-1.046934,3.200000
45.969942,-26.160465,-1.046138,3.200000
45.989894,-26.195134,-1.045245,3.200000
46.009909,-26.229766,-1.044310,3.200000
46.029985,-26.264363,-1.043373,3.200000
46.050119,-26.298926,-1.042456,3.200000
46.070307,-26.333458,-1.041584,3.200000
46.090556,-26.367955,-1.040789,3.200000
46.110870,-26.402412,-1.040104,3.200000
46.131239,-26.436837,-1.039554,3.200000
46.151643,-26.471242,-1.039164,3.200000
46.172065,-26.505636,-1.038948,3.200000
46.192515,-26.540014,-1.038879,3.200000
46.213003,-26.574368,-1.038926,3.200000
46.233524,-26.608703,-1.039079,3.200000
46.254051,-26.643034,-1.039353,3.200000
46.274554,-26.677380,-1.039758,3.200000
46.295008,-26.711755,-1.040278,3.200000
46.315389,-26.746173,-1.040889,3.200000
46.335676,-26.780647,-1.041574,3.200000
46.355865,-26.815178,-1.042319,3.200000
46.375952,-26.849769,-1.043107,3.200000
46.395956,-26.884408,-1.043924,3.200000
46.415914,-26.919073,-1.044765,3.200000
46.435857,-26.953747,-1.045621,3.200000
46.455780,-26.988433,-1.046444,3.200000
46.475666,-27.023139,-1.047177,3.200000
46.495517,-27.057866,-1.047772,3.200000
46.515353,-27.092601,-1.048191,3.200000
46.535195,-27.127332,-1.048401,3.200000
46.555044,-27.162060,-1.048410,3.200000
46.574890,-27.196790,-1.048241,3.200000
46.594730,-27.231522,-1.047912,3.200000
46.614578,-27.266251,-1.047449,3.200000
46.634449,-27.300966,-1.046884,3.200000
46.654359,-27.335659,-1.046264,3.200000
46.674318,-27.370323,-1.045630,3.200000
46.694339,-27.404953,-1.045009,3.200000
46.714423,-27.439545,-1.044396,3.200000
46.734574,-27.474098,-1.043783,3.200000
46.754784,-27.508617,-1.043169,3.200000
46.775033,-27.543114,-1.042544,3.200000
46.795301,-27.577598,-1.041900,3.200000
46.815594,-27.612069,-1.041266,3.200000
46.835927,-27.646515,-1.040686,3.200000
46.856303,-27.680937,-1.040200,3.200000
46.876682,-27.715356,-1.039819,3.200000
46.897024,-27.749797,-1.039556,3.200000
46.917322,-27.784264,-1.039417,3.200000
46.937603,-27.818741,-1.039404,3.200000
46.957892,-27.853214,-1.039518,3.200000
46.978190,-27.887681,-1.039744,3.200000
46.998497,-27.922143,-1.040064,3.200000
47.018804,-27.956605,-1.040454,3.200000
47.039095,-27.991076,-1.040896,3.200000
47.059355,-28.025566,-1.041375,3.200000
47.079581,-28.060076,-1.041891,3.200000
47.099775,-28.094604,-1.042441,3.200000
47.119941,-28.129149,-1.043022,3.200000
47.140081,-28.163708,-1.043663,3.200000
47.160195,-28.198283,-1.044404,3.200000
47.180281,-28.232875,-1.045234,3.200000
47.200330,-28.267488,-1.046099,3.200000
47.220339,-28.302123,-1.046951,3.200000
47.240329,-28.336770,-1.047781,3.200000
47.260329,-28.371411,-1.048584,3.200000
47.280343,-28.406044,-1.049347,3.200000
47.300336,-28.440689,-1.050049,3.200000
47.320268,-28.475369,-1.050674,3.200000
47.340124,-28.510093,-1.051203,3.200000
47.359905,-28.544860,-1.051621,3.200000
47.379618,-28.579665,-1.051914,3.200000
47.399297,-28.614489,-1.052078,3.200000
47.418978,-28.649313,-1.052107,3.200000
47.438673,-28.684128,-1.052012,3.200000
47.458370,-28.718942,-1.051834,3.200000
47.478058,-28.753761,-1.051608,3.200000
47.497749,-28.788579,-1.051298,3.200000
47.517459,-28.823385,-1.050840,3.200000
47.537205,-28.858172,-1.050197,3.200000
47.556999,-28.892931,-1.049397,3.200000
47.576854,-28.927656,-1.048468,3.200000
47.596773,-28.962343,-1.047432,3.200000
47.616752,-28.996997,-1.046325,3.200000
47.636788,-29.031617,-1.045186,3.200000
47.656879,-29.066205,-1.044041,3.200000
47.677027,-29.100760,-1.042913,3.200000
47.697232,-29.135282,-1.041837,3.200000
47.717500,-29.169767,-1.040870,3.200000
47.737832,-29.204214,-1.040067,3.200000
47.758213,-29.238632,-1.039457,3.200000
47.778624,-29.273033,-1.039063,3.200000
47.799053,-29.307423,-1.038885,3.200000
47.819512,-29.341795,-1.038867,3.200000
47.840011,-29.376143,-1.038956,3.200000
47.860537,-29.410475,-1.039144,3.200000
47.881060,-29.444808,-1.039452,3.200000
47.901553,-29.479160,-1.039889,3.200000
47.921989,-29.513546,-1.040441,3.200000
47.942346,-29.547979,-1.041089,3.200000
47.962607,-29.582468,-1.041807,3.200000
47.982767,-29.617015,-1.042555,3.200000
48.002828,-29.651621,-1.043294,3.200000
48.022815,-29.686270,-1.044009,3.200000
48.042765,-29.720940,-1.044695,3.200000
48.062701,-29.755618,-1.045345,3.200000
48.082614,-29.790309,-1.045929,3.200000
48.102489,-29.825022,-1.046415,3.200000
48.122334,-29.859752,-1.046761,3.200000
48.142164,-29.894490,-1.046925,3.200000
48.161998,-29.929227,-1.046874,3.200000
48.181845,-29.963956,-1.046624,3.200000
48.201714,-29.998672,-1.046201,3.200000
48.221615,-30.033370,-1.045623,3.200000
48.241566,-30.068039,-1.044924,3.200000
48.261580,-30.102672,-1.044142,3.200000
48.281658,-30.137268,-1.043308,3.200000
48.301792,-30.171832,-1.042443,3.200000
48.321981,-30.206363,-1.041576,3.200000
48.342230,-30.240859,-1.040763,3.200000
48.362546,-30.275316,-1.040062,3.200000
48.382917,-30.309740,-1.039507,3.200000
48.403323,-30.344143,-1.039116,3.200000
48.423748,-30.378535,-1.038897,3.200000
48.444199,-30.412912,-1.038826,3.200000
48.464689,-30.447266,-1.038873,3.200000
48.485212,-30.481599,-1.039029,3.200000
48.505741,-30.515929,-1.039304,3.200000
48.526247,-30.550273,-1.039709,3.200000
48.546705,-30.584646,-1.040231,3.200000
48.567089,-30.619062,-1.040855,3.200000
48.587380,-30.653534,-1.041560,3.200000
48.607572,-30.688063,-1.042308,3.200000
48.627662,-30.722652,-1.043058,3.200000
48.647667,-30.757290,-1.043785,3.200000
48.667625,-30.791956,-1.044486,3.200000
48.687566,-30.826631,-1.045155,3.200000
48.707487,-30.861317,-1.045767,3.200000
48.727374,-30.896023,-1.046291,3.200000
48.747225,-30.930750,-1.046688,3.200000
48.767057,-30.965487,-1.046915,3.200000
48.786888,-31.000225,-1.046931,3.200000
48.806729,-31.034958,-1.046742,3.200000
48.826589,-31.069679,-1.046371,3.200000
48.846478,-31.104384,-1.045839,3.200000
48.866411,-31.139064,-1.045175,3.200000
48.886404,-31.173709,-1.044414,3.200000
48.906462,-31.208316,-1.043594,3.200000
48.926578,-31.242890,-1.042737,3.200000
48.946749,-31.277432,-1.041866,3.200000
48.966978,-31.311940,-1.041030,3.200000
48.987272,-31.346409,-1.040290,3.200000
49.007627,-31.380843,-1.039689,3.200000
49.028023,-31.415252,-1.039246,3.200000
49.048441,-31.449648,-1.038975,3.200000
49.068882,-31.484031,-1.038860,3.200000
49.089359,-31.518393,-1.038873,3.200000
49.109874,-31.552731,-1.038994,3.200000
49.130403,-31.587061,-1.039228,3.200000
49.150919,-31.621399,-1.039581,3.200000
49.171393,-31.655762,-1.040056,3.200000
49.191801,-31.690165,-1.040657,3.200000
49.212120,-31.724620,-1.041387,3.200000
49.232341,-31.759132,-1.042231,3.200000
49.252461,-31.793703,-1.043165,3.200000
49.272489,-31.828328,-1.044170,3.200000
49.292458,-31.862987,-1.045238,3.200000
49.312402,-31.897660,-1.046369,3.200000
49.332331,-31.932343,-1.047525,3.200000
49.352234,-31.967039,-1.048649,3.200000
49.372104,-32.001755,-1.049687,3.200000
49.391942,-32.036489,-1.050600,3.200000
49.411752,-32.071239,-1.051355,3.200000
49.431534,-32.106005,-1.051940,3.200000
49.451283,-32.140790,-1.052375,3.200000
49.470996,-32.175595,-1.052677,3.200000
49.490684,-32.210414,-1.052882,3.200000
49.510361,-32.245240,-1.053040,3.200000
49.530042,-32.280063,-1.053179,3.200000
49.549740,-32.314877,-1.053272,3.200000
49.569469,-32.349673,-1.053286,3.200000
49.589232,-32.384450,-1.053199,3.200000
49.609032,-32.419205,-1.052997,3.200000
49.628866,-32.453942,-1.052672,3.200000
49.648718,-32.488668,-1.052216,3.200000
49.668571,-32.523393,-1.051621,3.200000
49.688417,-32.558123,-1.050905,3.200000
49.708256,-32.592856,-1.050111,3.200000
49.728091,-32.627592,-1.049282,3.200000
49.747933,-32.662323,-1.048436,3.200000
49.767796,-32.697044,-1.047590,3.200000
49.787691,-32.731745,-1.046752,3.200000
49.807634,-32.766419,-1.045908,3.200000
49.827636,-32.801059,-1.045046,3.200000
49.847702,-32.835662,-1.044127,3.200000
49.867833,-32.870227,-1.043098,3.200000
49.888026,-32.904755,-1.041923,3.200000
49.908266,-32.939257,-1.040640,3.200000
49.928535,-32.973741,-1.039295,3.200000
49.948827,-33.008212,-1.037932,3.200000
49.969141,-33.042670,-1.036602,3.200000
49.989481,-33.077112,-1.035350,3.200000
50.009855,-33.111534,-1.034210,3.200000
50.030274,-33.145931,-1.033208,3.200000
50.050750,-33.180292,-1.032347,3.200000
50.071305,-33.214607,-1.031565,3.200000
50.091957,-33.248863,-1.030797,3.200000
50.112695,-33.283068,-1.029999,3.200000
50.133488,-33.317239,-1.029139,3.200000
50.154306,-33.351395,-1.028191,3.200000
50.175125,-33.385549,-1.027161,3.200000
50.195923,-33.419717,-1.026063,3.200000
50.216686,-33.453906,-1.024928,3.200000
50.237405,-33.488122,-1.023822,3.200000
50.258078,-33.522366,-1.022813,3.200000
50.278734,-33.556620,-1.021910,3.200000
50.299421,-33.590855,-1.021091,3.200000
50.320177,-33.625049,-1.020325,3.200000
50.341012,-33.659194,-1.019549,3.200000
50.361932,-33.693287,-1.018703,3.200000
50.382936,-33.727329,-1.017722,3.200000
50.404016,-33.761323,-1.016533,3.200000
50.425162,-33.795277,-1.015063,3.200000
50.446344,-33.829208,-1.013308,3.200000
50.467525,-33.863140,-1.011293,3.200000
50.488686,-33.897085,-1.009060,3.200000
50.509856,-33.931023,-1.006671,3.200000
50.531072,-33.964933,-1.004184,3.200000
50.552357,-33.998799,-1.001626,3.200000
50.573726,-34.032614,-0.999008,3.200000
50.595191,-34.066367,-0.996338,3.200000
50.616778,-34.100041,-0.993573,3.200000
50.638519,-34.133617,-0.990630,3.200000
50.660429,-34.167083,-0.987416,3.200000
50.682487,-34.200452,-0.983867,3.200000
50.704670,-34.233737,-0.979945,3.200000
50.726968,-34.266947,-0.975675,3.200000
50.749383,-34.300076,-0.971095,3.200000
50.771921,-34.333122,-0.966232,3.200000
50.794581,-34.366084,-0.961102,3.200000
50.817361,-34.398964,-0.955746,3.200000
50.840268,-34.431757,-0.950220,3.200000
50.863342,-34.464431,-0.944588,3.200000
50.886631,-34.496952,-0.938891,3.200000
50.910165,-34.529297,-0.933120,3.200000
50.933938,-34.561466,-0.927241,3.200000
50.957941,-34.593466,-0.921233,3.200000
50.982172,-34.625292,-0.915105,3.200000
51.006642,-34.656935,-0.908868,3.200000
51.031359,-34.688385,-0.902526,3.200000
51.056317,-34.719644,-0.896072,3.200000
51.081494,-34.750727,-0.889510,3.200000
51.106873,-34.781646,-0.882904,3.200000
51.132447,-34.812403,-0.876355,3.200000
51.158216,-34.842997,-0.869954,3.200000
51.184180,-34.873426,-0.863717,3.200000
51.210334,-34.903692,-0.857635,3.200000
51.236671,-34.933798,-0.851704,3.200000
51.263187,-34.963747,-0.845948,3.200000
51.289880,-34.993538,-0.840396,3.200000
51.316752,-35.023169,-0.835065,3.200000
51.343800,-35.052637,-0.829932,3.200000
51.371013,-35.081955,-0.824968,3.200000
51.398371,-35.111137,-0.820152,3.200000
51.425857,-35.140198,-0.815475,3.200000
51.453463,-35.169145,-0.810930,3.200000
51.481186,-35.197979,-0.806505,3.200000
51.509023,-35.226704,-0.802183,3.200000
51.536969,-35.255323,-0.797948,3.200000
51.565016,-35.283843,-0.793788,3.200000
51.593158,-35.312269,-0.789692,3.200000
51.621391,-35.340605,-0.785650,3.200000
51.649714,-35.368850,-0.781640,3.200000
51.678129,-35.397004,-0.777625,3.200000
51.706636,-35.425064,-0.773577,3.200000
51.735241,-35.453023,-0.769472,3.200000
51.763951,-35.480876,-0.765302,3.200000
51.792769,-35.508616,-0.761063,3.200000
51.821701,-35.536238,-0.756745,3.200000
51.850750,-35.563737,-0.752330,3.200000
51.879922,-35.591106,-0.747794,3.200000
51.909223,-35.618335,-0.743113,3.200000
51.938662,-35.645416,-0.738265,3.200000
51.968244,-35.672341,-0.733221,3.200000
51.997970,-35.699106,-0.727957,3.200000
52.027840,-35.725711,-0.722493,3.200000
52.057854,-35.752153,-0.716871,3.200000
52.088012,-35.778431,-0.711128,3.200000
52.118314,-35.804543,-0.705280,3.200000
52.148762,-35.830485,-0.699335,3.200000
52.179361,-35.856248,-0.693301,3.200000
52.210117,-35.881823,-0.687204,3.200000
52.241038,-35.907199,-0.681068,3.200000
52.272137,-35.932357,-0.674918,3.200000
52.303426,-35.957278,-0.668761,3.200000
52.334908,-35.981953,-0.662600,3.200000
52.366570,-36.006399,-0.656416,3.200000
52.398393,-36.030635,-0.650179,3.200000
52.430366,-36.054671,-0.643859,3.200000
52.462489,-36.078507,-0.637477,3.200000
52.494758,-36.102144,-0.631080,3.200000
52.527172,-36.125584,-0.624715,3.200000
52.559721,-36.148834,-0.618427,3.200000
52.592399,-36.171903,-0.612265,3.200000
52.625204,-36.194791,-0.606235,3.200000
52.658134,-36.217499,-0.600278,3.200000
52.691191,-36.240022,-0.594306,3.200000
52.724387,-36.262338,-0.588285,3.200000
52.757737,-36.284424,-0.582209,3.200000
52.791244,-36.306272,-0.576080,3.200000
52.824890,-36.327905,-0.569866,3.200000
52.858659,-36.349346,-0.563534,3.200000
52.892533,-36.370619,-0.557047,3.200000
52.926500,-36.391744,-0.550378,3.200000
52.960554,-36.412729,-0.543515,3.200000
52.994721,-36.433529,-0.536517,3.200000
53.029036,-36.454083,-0.529451,3.200000
53.063517,-36.474359,-0.522322,3.200000
53.098154,-36.494368,-0.515090,3.200000
53.132937,-36.514122,-0.507721,3.200000
53.167869,-36.533609,-0.500169,3.200000
53.202963,-36.552804,-0.492373,3.200000
53.238228,-36.571684,-0.484370,3.200000
53.273669,-36.590233,-0.476264,3.200000
53.309286,-36.608439,-0.468114,3.200000
53.345065,-36.626323,-0.459898,3.200000
53.380981,-36.643934,-0.451644,3.200000
53.417015,-36.661301,-0.443476,3.200000
53.453186,-36.678380,-0.435478,3.200000
53.489517,-36.695116,-0.427671,3.200000
53.526022,-36.711473,-0.420009,3.200000
53.562702,-36.727429,-0.412483,3.200000
53.599549,-36.742994,-0.405065,3.200000
53.636525,-36.758254,-0.397711,3.200000
53.673586,-36.773306,-0.390425,3.200000
53.710727,-36.788158,-0.383244,3.200000
53.747964,-36.802765,-0.376143,3.200000
53.785300,-36.817118,-0.369110,3.200000
53.822712,-36.831275,-0.362205,3.200000
53.860176,-36.845291,-0.355416,3.200000
53.897694,-36.859162,-0.348673,3.200000
53.935277,-36.872856,-0.341953,3.200000
53.972939,-36.886334,-0.335326,3.200000
54.010695,-36.899542,-0.328742,3.200000
54.048558,-36.912443,-0.322004,3.200000
54.086520,-36.925049,-0.314958,3.200000
54.124570,-36.937388,-0.307690,3.200000
54.162694,-36.949495,-0.300332,3.200000
54.200877,-36.961415,-0.292898,3.200000
54.239122,-36.973138,-0.285344,3.200000
54.277454,-36.984565,-0.277672,3.200000
54.315899,-36.995610,-0.269971,3.200000
54.354451,-37.006282,-0.262326,3.200000
54.393095,-37.016613,-0.254720,3.200000
54.431833,-37.026583,-0.247110,3.200000
54.470677,-37.036133,-0.239505,3.200000
54.509625,-37.045246,-0.231943,3.200000
54.548662,-37.053978,-0.224427,3.200000
54.587769,-37.062386,-0.216881,3.200000
54.626936,-37.070507,-0.209242,3.200000
54.666154,-37.078375,-0.201606,3.200000
54.705415,-37.086031,-0.194119,3.200000
54.744709,-37.093516,-0.186807,3.200000
54.784037,-37.100819,-0.179584,3.200000
54.823413,-37.107856,-0.172395,3.200000
54.862846,-37.114567,-0.165287,3.200000
54.902327,-37.120993,-0.158298,3.200000
54.941846,-37.127184,-0.151337,3.200000
54.981400,-37.133142,-0.144288,3.200000
55.020991,-37.138849,-0.137131,3.200000
55.060617,-37.144304,-0.129881,3.200000
55.100277,-37.149516,-0.122502,3.200000
55.139967,-37.154483,-0.114926,3.200000
55.179691,-37.159175,-0.107102,3.200000
55.219451,-37.163560,-0.099115,3.200000
55.259245,-37.167620,-0.091073,3.200000
55.299072,-37.171337,-0.082981,3.200000
55.338934,-37.174677,-0.074767,3.200000
55.378827,-37.177597,-0.066391,3.200000
55.418749,-37.180098,-0.057875,3.200000
55.458694,-37.182223,-0.049236,3.200000
55.498655,-37.184003,-0.040469,3.200000
55.538630,-37.185429,-0.031558,3.200000
55.578616,-37.186490,-0.022519,3.200000
55.618611,-37.187186,-0.013394,3.200000
55.658610,-37.187519,-0.004248,3.200000
55.698611,-37.187492,0.004863,3.200000
55.738609,-37.187102,0.013885,3.200000
55.778603,-37.186349,0.022742,3.200000
55.818588,-37.185234,0.031370,3.200000
55.858561,-37.183757,0.039783,3.200000
55.898519,-37.181920,0.048007,3.200000
55.938460,-37.179725,0.056011,3.200000
55.978378,-37.177166,0.063752,3.200000
56.018271,-37.174238,0.071232,3.200000
56.058137,-37.170958,0.078464,3.200000
56.097975,-37.167358,0.085445,3.200000
56.137786,-37.163465,0.092160,3.200000
56.177569,-37.159302,0.098626,3.200000
56.217325,-37.154888,0.104877,3.200000
56.257055,-37.150246,0.110946,3.200000
56.296760,-37.145399,0.116856,3.200000
56.336443,-37.140374,0.122632,3.200000
56.376108,-37.135200,0.128302,3.200000
56.415753,-37.129886,0.133885,3.200000
56.455378,-37.124421,0.139396,3.200000
56.494982,-37.118803,0.144877,3.200000
56.534565,-37.113042,0.150406,3.200000
56.574127,-37.107140,0.156097,3.200000
56.613664,-37.101073,0.162033,3.200000
56.653171,-37.094810,0.168174,3.200000
56.692643,-37.088331,0.174476,3.200000
56.732076,-37.081618,0.180986,3.200000
56.771465,-37.074651,0.187789,3.200000
56.810804,-37.067405,0.194871,3.200000
56.850086,-37.059862,0.202098,3.200000
56.889310,-37.052016,0.209362,3.200000
56.928469,-37.043852,0.216695,3.200000
56.967548,-37.035314,0.224142,3.200000
57.006527,-37.026336,0.231682,3.200000
57.045405,-37.016926,0.239261,3.200000
57.084193,-37.007145,0.246850,3.200000
57.122891,-36.997020,0.254452,3.200000
57.161488,-36.986520,0.262050,3.200000
57.199978,-36.975631,0.269538,3.200000
57.238379,-36.964433,0.276795,3.200000
57.276718,-36.953024,0.283825,3.200000
57.315001,-36.941430,0.290697,3.200000
57.353219,-36.929624,0.297395,3.200000
57.391367,-36.917593,0.303760,3.200000
57.429447,-36.905349,0.309672,3.200000
57.467462,-36.892901,0.315263,3.200000
57.505404,-36.880236,0.320706,3.200000
57.543268,-36.867339,0.325996,3.200000
57.581062,-36.854238,0.330997,3.200000
57.618810,-36.841006,0.335674,3.200000
57.656526,-36.827681,0.340145,3.200000
57.694191,-36.814217,0.344506,3.200000
57.731790,-36.800566,0.348711,3.200000
57.769329,-36.786753,0.352693,3.200000
57.806831,-36.772838,0.356433,3.200000
57.844296,-36.758824,0.359966,3.200000
57.881695,-36.744635,0.363306,3.200000
57.919005,-36.730214,0.366405,3.200000
57.956241,-36.715604,0.369214,3.200000
57.993430,-36.700872,0.371794,3.200000
58.030583,-36.686051,0.374258,3.200000
58.067701,-36.671142,0.376608,3.200000
58.104785,-36.656151,0.378728,3.200000
58.141847,-36.641103,0.380535,3.200000
58.178896,-36.626024,0.382108,3.200000
58.215932,-36.610912,0.383592,3.200000
58.252949,-36.595755,0.384983,3.200000
58.289947,-36.580552,0.386169,3.200000
58.326938,-36.565332,0.387114,3.200000
58.363934,-36.550122,0.387904,3.200000
58.400931,-36.534917,0.388618,3.200000
58.437923,-36.519699,0.389272,3.200000
58.474912,-36.504474,0.389860,3.200000
58.511916,-36.489285,0.390402,3.200000
58.548946,-36.474159,0.390938,3.200000
58.585984,-36.459054,0.391501,3.200000
58.623007,-36.443910,0.392069,3.200000
58.660005,-36.428706,0.392591,3.200000
58.696984,-36.413459,0.393058,3.200000
58.733951,-36.398179,0.393517,3.200000
58.770903,-36.382864,0.394003,3.200000
58.807839,-36.367511,0.394491,3.200000
58.844759,-36.352119,0.394927,3.200000
58.881664,-36.336691,0.395320,3.200000
58.918555,-36.321228,0.395728,3.200000
58.955427,-36.305722,0.396155,3.200000
58.992279,-36.290169,0.396525,3.200000
59.029119,-36.274586,0.396768,3.200000
59.065958,-36.259000,0.396892,3.200000
59.102801,-36.243426,0.396922,3.200000
59.139644,-36.227850,0.396870,3.200000
59.176482,-36.212263,0.396720,3.200000
59.213324,-36.196684,0.396449,3.200000
59.250180,-36.181141,0.396062,3.200000
59.287057,-36.165645,0.395628,3.200000
59.323951,-36.150190,0.395208,3.200000
59.360859,-36.134770,0.394799,3.200000
59.397783,-36.119387,0.394385,3.200000
59.434722,-36.104043,0.393991,3.200000
59.471678,-36.088737,0.393656,3.200000
59.508648,-36.073465,0.393379,3.200000
59.545632,-36.058227,0.393140,3.200000
59.582635,-36.043036,0.392938,3.200000
59.619662,-36.027903,0.392812,3.200000
59.656701,-36.012799,0.392803,3.200000
59.693729,-35.997670,0.392913,3.200000
59.730735,-35.982484,0.393103,3.200000
59.767720,-35.967251,0.393331,3.200000
59.804692,-35.951983,0.393596,3.200000
59.841650,-35.936682,0.393919,3.200000
59.878592,-35.921343,0.394303,3.200000
59.915518,-35.905966,0.394711,3.200000
59.952429,-35.890551,0.395117,3.200000
59.989325,-35.875103,0.395532,3.200000
60.026204,-35.859614,0.395961,3.200000
60.063064,-35.844077,0.396348,3.200000
60.099907,-35.828503,0.396630,3.200000
60.136747,-35.812920,0.396804,3.200000
60.173591,-35.797346,0.396871,3.200000
60.210436,-35.781776,0.396810,3.200000
60.247276,-35.766194,0.396596,3.200000
60.284117,-35.750613,0.396213,3.200000
60.320969,-35.735059,0.395658,3.200000
60.357841,-35.719551,0.394991,3.200000
60.394731,-35.704088,0.394275,3.200000
60.431637,-35.688663,0.393529,3.200000
60.468557,-35.673271,0.392730,3.200000
60.505489,-35.657909,0.391893,3.200000
60.542436,-35.642582,0.391057,3.200000
60.579406,-35.627310,0.390231,3.200000
60.616407,-35.612114,0.389402,3.200000
60.653445,-35.597007,0.388564,3.200000
60.690521,-35.581995,0.387747,3.200000
60.727628,-35.567060,0.386971,3.200000
60.764747,-35.552152,0.386228,3.200000
60.801859,-35.537229,0.385555,3.200000
60.838965,-35.522293,0.385013,3.200000
60.876072,-35.507356,0.384637,3.200000
60.913180,-35.492425,0.384414,3.200000
60.950290,-35.477495,0.384353,3.200000
60.987400,-35.462566,0.384456,3.200000
61.024508,-35.447634,0.384718,3.200000
61.061614,-35.432696,0.385135,3.200000
61.098721,-35.417762,0.385716,3.200000
61.135835,-35.402844,0.386414,3.200000
61.172953,-35.387934,0.387167,3.200000
61.210054,-35.372985,0.387957,3.200000
61.247121,-35.357949,0.388783,3.200000
61.284149,-35.342819,0.389624,3.200000
61.321142,-35.327603,0.390453,3.200000
61.358105,-35.312314,0.391282,3.200000
61.395047,-35.296976,0.392125,3.200000
61.431976,-35.281606,0.392957,3.200000
61.468893,-35.266205,0.393747,3.200000
61.505795,-35.250770,0.394485,3.200000
61.542680,-35.235295,0.395195,3.200000
61.579546,-35.219774,0.395837,3.200000
61.616393,-35.204209,0.396351,3.200000
61.653232,-35.188623,0.396703,3.200000
61.690073,-35.173043,0.396892,3.200000
61.726917,-35.157471,0.396902,3.200000
61.763759,-35.141893,0.396732,3.200000
61.800598,-35.126308,0.396397,3.200000
61.837444,-35.110739,0.395901,3.200000
61.874308,-35.095212,0.395267,3.200000
61.911191,-35.079732,0.394557,3.200000
61.948091,-35.064294,0.393817,3.200000
61.985007,-35.048891,0.393030,3.200000
62.021935,-35.033519,0.392197,3.200000
62.058877,-35.018178,0.391349,3.200000
62.095837,-35.002884,0.390516,3.200000
62.132826,-34.987658,0.389685,3.200000
62.169850,-34.972517,0.388843,3.200000
62.206911,-34.957469,0.388012,3.200000
62.244009,-34.942511,0.387216,3.200000
62.281127,-34.927602,0.386460,3.200000
62.318244,-34.912691,0.385751,3.200000
62.355353,-34.897761,0.385149,3.200000
62.392460,-34.882827,0.384709,3.200000
62.429570,-34.867896,0.384427,3.200000
62.466680,-34.852969,0.384300,3.200000
62.503790,-34.838042,0.384340,3.200000
62.540900,-34.823113,0.384543,3.200000
62.578008,-34.808179,0.384899,3.200000
62.615115,-34.793243,0.385419,3.200000
62.652226,-34.778318,0.386081,3.200000
62.689344,-34.763411,0.386824,3.200000
62.726455,-34.748486,0.387601,3.200000
62.763538,-34.733490,0.388420,3.200000
62.800582,-34.718398,0.389264,3.200000
62.837589,-34.703217,0.390103,3.200000
62.874563,-34.687956,0.390936,3.200000
62.911513,-34.672636,0.391777,3.200000
62.948447,-34.657278,0.392623,3.200000
62.985369,-34.641890,0.393438,3.200000
63.022277,-34.626469,0.394201,3.200000
63.059169,-34.611010,0.394926,3.200000
63.096043,-34.595508,0.395609,3.200000
63.132897,-34.579958,0.396189,3.200000
63.169737,-34.564377,0.396611,3.200000
63.206576,-34.548791,0.396874,3.200000
63.243419,-34.533215,0.396963,3.200000
63.280262,-34.517640,0.396871,3.200000
63.317100,-34.502053,0.396605,3.200000
63.353941,-34.486472,0.396180,3.200000
63.390795,-34.470923,0.395598,3.200000
63.427669,-34.455422,0.394914,3.200000
63.464562,-34.439964,0.394189,3.200000
63.501470,-34.424544,0.393426,3.200000
63.538392,-34.409156,0.392608,3.200000
63.575326,-34.393799,0.391757,3.200000
63.612276,-34.378479,0.390919,3.200000
63.649251,-34.363220,0.390102,3.200000
63.686259,-34.348040,0.389269,3.200000
63.723304,-34.332950,0.388386,3.200000
63.760387,-34.317956,0.387466,3.200000
63.797498,-34.303031,0.386532,3.200000
63.834616,-34.288123,0.385587,3.200000
63.871727,-34.273197,0.384676,3.200000
63.908834,-34.258262,0.383861,3.200000
63.945943,-34.243331,0.383160,3.200000
63.983053,-34.228403,0.382562,3.200000
64.020161,-34.213469,0.382077,3.200000
64.057267,-34.198531,0.381713,3.200000
64.094380,-34.183611,0.381467,3.200000
64.131510,-34.168732,0.381326,3.200000
64.168660,-34.153904,0.381267,3.200000
64.205833,-34.139134,0.381208,3.200000
64.243021,-34.124402,0.381069,3.200000
64.280205,-34.109657,0.380830,3.200000
64.317366,-34.094858,0.380566,3.200000
64.354507,-34.080006,0.380365,3.200000
64.391629,-34.065108,0.380242,3.200000
64.428739,-34.050179,0.380140,3.200000
64.465843,-34.035236,0.380038,3.200000
64.502948,-34.020296,0.379950,3.200000
64.540061,-34.005376,0.379884,3.200000
64.577189,-33.990491,0.379831,3.200000
64.614336,-33.975656,0.379768,3.200000
64.651506,-33.960879,0.379617,3.200000
64.688694,-33.946147,0.379297,3.200000
64.725877,-33.931402,0.378774,3.200000
64.763037,-33.916597,0.378105,3.200000
64.800178,-33.901747,0.377378,3.200000
64.837316,-33.886888,0.376655,3.200000
64.874459,-33.872043,0.375919,3.200000
64.911613,-33.857224,0.375153,3.200000
64.948781,-33.842442,0.374337,3.200000
64.985971,-33.827714,0.373447,3.200000
65.023191,-33.813060,0.372515,3.200000
65.060444,-33.798494,0.371632,3.200000
65.097736,-33.784025,0.370808,3.200000
65.135061,-33.769644,0.369937,3.200000
65.172400,-33.755299,0.368950,3.200000
65.209733,-33.740936,0.367934,3.200000
65.247061,-33.726562,0.367015,3.200000
65.284396,-33.712208,0.366258,3.200000
65.321752,-33.697904,0.365639,3.200000
65.359139,-33.683686,0.365134,3.200000
65.396566,-33.669570,0.364727,3.200000
65.434013,-33.655509,0.364402,3.200000
65.471457,-33.641441,0.364181,3.200000
65.508894,-33.627353,0.364150,3.200000
65.546336,-33.613276,0.364327,3.200000
65.583784,-33.599219,0.364632,3.200000
65.621219,-33.585125,0.365015,3.200000
65.658618,-33.570936,0.365491,3.200000
65.695981,-33.556652,0.366077,3.200000
65.733321,-33.542309,0.366792,3.200000
65.770650,-33.527937,0.367666,3.200000
65.807980,-33.513569,0.368668,3.200000
65.845318,-33.499222,0.369675,3.200000
65.882650,-33.484857,0.370579,3.200000
65.919952,-33.470416,0.371405,3.200000
65.957216,-33.455875,0.372266,3.200000
65.994444,-33.441244,0.373193,3.200000
66.031642,-33.426535,0.374105,3.200000
66.068815,-33.411766,0.374939,3.200000
66.105972,-33.396956,0.375716,3.200000
66.143118,-33.382117,0.376458,3.200000
66.180257,-33.367261,0.377184,3.200000
66.217396,-33.352405,0.377909,3.200000
66.254549,-33.337584,0.378604,3.200000
66.291726,-33.322825,0.379176,3.200000
66.328915,-33.308095,0.379552,3.200000
66.366092,-33.293335,0.379741,3.200000
66.403246,-33.278515,0.379821,3.200000
66.440378,-33.263643,0.379874,3.200000
66.477495,-33.248731,0.379935,3.200000
66.514602,-33.233795,0.380014,3.200000
66.551705,-33.218851,0.380110,3.200000
66.588812,-33.203916,0.380215,3.200000
66.625931,-33.189008,0.380343,3.200000
66.663065,-33.174142,0.380520,3.200000
66.700221,-33.159328,0.380728,3.200000
66.737399,-33.144570,0.380876,3.200000
66.774588,-33.129840,0.380880,3.200000
66.811767,-33.115084,0.380740,3.200000
66.848923,-33.100271,0.380536,3.200000
66.886059,-33.085406,0.380360,3.200000
66.923177,-33.070499,0.380233,3.200000
66.960284,-33.055564,0.380130,3.200000
66.997387,-33.040619,0.380035,3.200000
67.034493,-33.025680,0.379957,3.200000
67.071609,-33.010766,0.379897,3.200000
67.108740,-32.995891,0.379844,3.200000
67.145892,-32.981067,0.379768,3.200000
67.183068,-32.966304,0.379584,3.200000
67.220256,-32.951572,0.379215,3.200000
67.257434,-32.936815,0.378647,3.200000
67.294587,-32.921995,0.377955,3.200000
67.331726,-32.907139,0.377228,3.200000
67.368865,-32.892281,0.376501,3.200000
67.406010,-32.877441,0.375758,3.200000
67.443167,-32.862629,0.374981,3.200000
67.480339,-32.847858,0.374147,3.200000
67.517536,-32.833146,0.373236,3.200000
67.554763,-32.818512,0.372307,3.200000
67.592025,-32.803969,0.371441,3.200000
67.629326,-32.789524,0.370615,3.200000
67.666657,-32.775157,0.369714,3.200000
67.703996,-32.760811,0.368708,3.200000
67.741326,-32.746443,0.367703,3.200000
67.778655,-32.732071,0.366822,3.200000
67.815994,-32.717725,0.366101,3.200000
67.853356,-32.703439,0.365510,3.200000
67.890753,-32.689246,0.365028,3.200000
67.928187,-32.675150,0.364642,3.200000
67.965636,-32.661092,0.364332,3.200000
68.003077,-32.647017,0.364148,3.200000
68.040514,-32.632928,0.364169,3.200000
68.077958,-32.618858,0.364383,3.200000
68.115405,-32.604799,0.364705,3.200000
68.152833,-32.590686,0.365107,3.200000
68.190222,-32.576471,0.365607,3.200000
68.227579,-32.562171,0.366219,3.200000
68.264915,-32.547818,0.366968,3.200000
68.302243,-32.533445,0.367879,3.200000
68.339576,-32.519083,0.368892,3.200000
68.376915,-32.504738,0.369879,3.200000
68.414242,-32.490360,0.370752,3.200000
68.451536,-32.475896,0.371574,3.200000
68.488791,-32.461334,0.372452,3.200000
68.526012,-32.446685,0.373384,3.200000
68.563203,-32.431961,0.374276,3.200000
68.600373,-32.417182,0.375094,3.200000
68.637527,-32.402365,0.375861,3.200000
68.674672,-32.387523,0.376598,3.200000
68.711810,-32.372666,0.377324,3.200000
68.748952,-32.357817,0.378052,3.200000
68.786111,-32.343012,0.378727,3.200000
68.823294,-32.328267,0.379259,3.200000
68.860483,-32.313536,0.379587,3.200000
68.897655,-32.298762,0.379746,3.200000
68.934803,-32.283929,0.379815,3.200000
68.971932,-32.269047,0.379873,3.200000
69.009045,-32.254128,0.379943,3.200000
69.046151,-32.239189,0.380032,3.200000
69.083255,-32.224246,0.380136,3.200000
69.120364,-32.209316,0.380249,3.200000
69.157485,-32.194416,0.380391,3.200000
69.194625,-32.179562,0.380587,3.200000
69.231786,-32.164760,0.380792,3.200000
69.268968,-32.150013,0.380915,3.200000
69.306156,-32.135279,0.380883,3.200000
69.343329,-32.120509,0.380721,3.200000
69.380479,-32.105681,0.380517,3.200000
69.417609,-32.090803,0.380357,3.200000
69.454723,-32.075885,0.380240,3.200000
69.491828,-32.060944,0.380140,3.200000
69.528930,-32.045997,0.380048,3.200000
69.566037,-32.031062,0.379974,3.200000
69.603155,-32.016154,0.379916,3.200000
69.640291,-32.001289,0.379862,3.200000
69.677448,-31.986478,0.379764,3.200000
69.714628,-31.971726,0.379540,3.200000
69.751816,-31.956993,0.379118,3.200000
69.788988,-31.942219,0.378510,3.200000
69.826136,-31.927386,0.377798,3.200000
69.863273,-31.912527,0.377070,3.200000
69.900413,-31.897672,0.376338,3.200000
69.937560,-31.882838,0.375587,3.200000
69.974720,-31.868034,0.374795,3.200000
70.011898,-31.853275,0.373943,3.200000
70.049101,-31.838581,0.373017,3.200000
70.086336,-31.823968,0.372096,3.200000
70.123608,-31.809448,0.371247,3.200000
70.160918,-31.795027,0.370412,3.200000
70.198253,-31.780671,0.369481,3.200000
70.235590,-31.766321,0.368461,3.200000
70.272919,-31.751949,0.367476,3.200000
70.310249,-31.737581,0.366635,3.200000
70.347593,-31.723247,0.365947,3.200000
70.384962,-31.708980,0.365384,3.200000
70.422369,-31.694813,0.364926,3.200000
70.459809,-31.680732,0.364558,3.200000
70.497258,-31.666675,0.364270,3.200000
70.534697,-31.652593,0.364128,3.200000
70.572135,-31.638506,0.364201,3.200000
70.609581,-31.624444,0.364448,3.200000
70.647026,-31.610377,0.364785,3.200000
70.684446,-31.596243,0.365207,3.200000
70.721826,-31.582004,0.365731,3.200000
70.759176,-31.567689,0.366373,3.200000
70.796510,-31.553329,0.367158,3.200000
70.833839,-31.538957,0.368103,3.200000
70.871174,-31.524602,0.369120,3.200000
70.908513,-31.510256,0.370082,3.200000
70.945834,-31.495863,0.370931,3.200000
70.983118,-31.481376,0.371759,3.200000
71.020365,-31.466793,0.372656,3.200000
71.057579,-31.452125,0.373588,3.200000
71.094765,-31.437388,0.374461,3.200000
71.131931,-31.422599,0.375267,3.200000
71.169083,-31.407776,0.376027,3.200000
71.206226,-31.392931,0.376763,3.200000
71.243365,-31.378073,0.377490,3.197977
71.280509,-31.363232,0.378218,3.185977
71.317675,-31.348442,0.378871,3.173977
71.354862,-31.333706,0.379359,3.161977
71.392048,-31.318970,0.379638,3.149977
71.429214,-31.304181,0.379768,3.137977
71.466356,-31.289334,0.379841,3.125977
71.503480,-31.274441,0.379919,3.113977
71.540591,-31.259514,0.379985,3.101977
71.577695,-31.244571,0.380012,3.089977
71.614799,-31.229629,0.379991,3.077977
71.651910,-31.214703,0.379931,3.065977
71.689035,-31.199811,0.379861,3.053977
71.726178,-31.184967,0.379795,3.041977
71.763345,-31.170180,0.379665,3.029977
71.800531,-31.155443,0.379379,3.017977
71.837716,-31.140703,0.378883,3.005977
71.874879,-31.125906,0.378227,2.993977
71.912021,-31.111059,0.377502,2.981977
71.949159,-31.096199,0.376777,2.969977
71.986301,-31.081351,0.376043,2.957977
72.023452,-31.066527,0.375281,2.945977
72.060618,-31.051738,0.374472,2.933977
72.097804,-31.037001,0.373592,2.921977
72.135019,-31.022335,0.372658,2.909977
72.172267,-31.007755,0.371764,2.897977
72.209553,-30.993272,0.370936,2.885977
72.246875,-30.978881,0.370077,2.873977
72.284213,-30.964534,0.369104,2.861977
72.321547,-30.950175,0.368083,2.849977
72.358875,-30.935801,0.367142,2.837977
72.396209,-30.921442,0.366363,2.825977
72.433561,-30.907129,0.365725,2.813977
72.470943,-30.892896,0.365204,2.801977
72.508364,-30.878768,0.364783,2.789977
72.545810,-30.864703,0.364444,2.777977
72.583256,-30.850638,0.364197,2.765977
72.620693,-30.836551,0.364137,2.753977
72.658133,-30.822471,0.364303,2.741977
72.695582,-30.808414,0.364598,2.729977
72.733020,-30.794329,0.364923,2.717977
72.770425,-30.780156,0.365276,2.705977
72.807792,-30.765884,0.365681,2.693977
72.845135,-30.751547,0.366161,2.681977
72.882464,-30.737177,0.366753,2.669977
72.919794,-30.722808,0.367451,2.657977
72.957134,-30.708463,0.368119,2.645977
72.994468,-30.694106,0.368600,2.633977
73.031773,-30.679672,0.368874,2.621977
73.069038,-30.665136,0.369068,2.609977
73.106277,-30.650532,0.369249,2.597977
73.143502,-30.635893,0.369324,2.585977
73.180721,-30.621239,0.369189,2.573977
73.217939,-30.606582,0.368831,2.561977
73.255160,-30.591932,0.368248,2.549977
73.292384,-30.577291,0.367454,2.537977
73.329620,-30.562680,0.366563,2.525977
73.366891,-30.548157,0.365672,2.513977
73.404217,-30.533780,0.364697,2.501977
73.441591,-30.519525,0.363490,2.489977
73.478984,-30.505319,0.362033,2.477977
73.516381,-30.491126,0.360434,2.465977
73.553794,-30.476973,0.358792,2.453977
73.591235,-30.462895,0.357191,2.441977
73.628717,-30.448928,0.355712,2.429977
73.666252,-30.435103,0.354372,2.417977
73.703833,-30.421405,0.353108,2.405977
73.741435,-30.407762,0.351924,2.393977
73.779040,-30.394129,0.350968,2.381977
73.816663,-30.380546,0.350367,2.369977
73.854322,-30.367063,0.350058,2.357977
73.892013,-30.353669,0.349940,2.345977
73.929717,-30.340311,0.350004,2.333977
73.967415,-30.326938,0.350261,2.321977
74.005089,-30.313497,0.350729,2.309977
74.042725,-30.299950,0.351552,2.297977
74.080335,-30.286329,0.352898,2.285977
74.117936,-30.272686,0.354783,2.273977
74.155528,-30.259015,0.357117,2.261977
74.193085,-30.245252,0.359911,2.249977
74.230591,-30.231347,0.363291,2.237977
74.268045,-30.217304,0.367356,2.225977
74.305450,-30.203133,0.372128,2.213977
74.342815,-30.188855,0.377634,2.201977
74.380149,-30.174496,0.383905,2.189977
74.417444,-30.160033,0.390968,2.177977
74.454657,-30.145365,0.398910,2.165977
74.491751,-30.130395,0.407937,2.153977
74.528709,-30.115094,0.418266,2.141977
74.565530,-30.099463,0.429984,2.129977
74.602198,-30.083479,0.443146,2.117977
74.638691,-30.067097,0.457855,2.105977
74.674981,-30.050268,0.474179,2.093977
74.711028,-30.032927,0.492174,2.081977
74.746791,-30.015005,0.511915,2.069977
74.782223,-29.996437,0.533471,2.057977
74.817275,-29.977157,0.556786,2.045977
74.851885,-29.957093,0.581745,2.033977
74.885964,-29.936141,0.608283,2.021977
74.919419,-29.914198,0.636392,2.009977
74.952147,-29.891186,0.666052,1.997977
74.984046,-29.867037,0.697151,1.985977
75.015025,-29.841716,0.729532,1.973977
75.045020,-29.815236,0.763002,1.961977
75.073965,-29.787610,0.797313,1.949977
75.101790,-29.758858,0.832218,1.937977
75.128425,-29.728999,0.867506,1.925977
75.153807,-29.698068,0.902970,1.913977
75.177879,-29.666107,0.938401,1.903821
75.200595,-29.633167,0.973590,1.898611
75.221924,-29.599314,1.008362,1.898039
75.241852,-29.564620,1.042591,1.901768
75.260415,-29.529175,1.076153,1.909435
75.277661,-29.493075,1.108928,1.920804
75.293674,-29.456412,1.140810,1.932804
75.308556,-29.419276,1.171731,1.944804
75.322393,-29.381740,1.201634,1.956804
75.335254,-29.343859,1.230475,1.968804
75.347199,-29.305680,1.258239,1.980804
75.358253,-29.267234,1.284921,1.992804
75.368433,-29.228547,1.310583,2.004804
75.377731,-29.189639,1.335284,2.016804
75.386130,-29.150528,1.359080,2.028804
75.393653,-29.111238,1.382047,2.040804
75.400358,-29.071800,1.404202,2.052804
75.406285,-29.032239,1.425564,2.064804
75.411452,-28.992572,1.446158,2.076804
75.415868,-28.952814,1.465980,2.088804
75.419533,-28.912980,1.485022,2.100804
75.422444,-28.873083,1.503257,2.112804
75.424572,-28.833137,1.520637,2.124804
75.425874,-28.793156,1.537127,2.136804
75.426337,-28.753155,1.552664,2.148804
75.425975,-28.713154,1.567191,2.160804
75.424835,-28.673169,1.580719,2.172804
75.423021,-28.633208,1.593264,2.184804
75.420642,-28.593277,1.604808,2.196804
75.417795,-28.553378,1.615313,2.208804
75.414572,-28.513508,1.624732,2.220804
75.411049,-28.473663,1.633025,2.232804
75.407297,-28.433839,1.640266,2.244804
75.403370,-28.394032,1.646527,2.256804
75.399307,-28.354239,1.651851,2.268804
75.395150,-28.314455,1.656310,2.280804
75.390945,-28.274677,1.660008,2.292804
75.386737,-28.234899,1.663160,2.304804
75.382571,-28.195117,1.665982,2.316804
75.378491,-28.155325,1.668567,2.328804
75.374542,-28.115520,1.670988,2.340804
75.370772,-28.075698,1.673376,2.352804
75.367165,-28.035861,1.675862,2.364804
75.363625,-27.996018,1.678548,2.376804
75.360064,-27.956177,1.681497,2.388804
75.356426,-27.916343,1.684779,2.400804
75.352652,-27.876521,1.688508,2.412804
75.348657,-27.836721,1.692778,2.424804
75.344351,-27.796953,1.697548,2.436804
75.339716,-27.757222,1.702755,2.448804
75.334783,-27.717527,1.708373,2.460804
75.329560,-27.677868,1.714394,2.472804
75.324012,-27.638255,1.720789,2.484804
75.318109,-27.598693,1.727393,2.496804
75.311838,-27.559186,1.734036,2.508804
75.305189,-27.519742,1.740699,2.520804
75.298124,-27.480370,1.747388,2.532804
75.290597,-27.441084,1.753981,2.544804
75.282632,-27.401884,1.760279,2.556804
75.274324,-27.362756,1.766136,2.568804
75.265756,-27.323684,1.771539,2.580804
75.256985,-27.284657,1.776482,2.592804
75.248066,-27.245664,1.780893,2.604804
75.239060,-27.206691,1.784691,2.616804
75.230025,-27.167725,1.787894,2.628804
75.220954,-27.128767,1.790561,2.640804
75.211785,-27.089832,1.792734,2.652804
75.202501,-27.050925,1.794421,2.664804
75.193159,-27.012031,1.795624,2.676804
75.183823,-26.973135,1.796397,2.688804
75.174533,-26.934229,1.796813,2.700804
75.165324,-26.895304,1.796909,2.712804
75.156230,-26.856351,1.796707,2.724804
75.147288,-26.817363,1.796301,2.736804
75.138498,-26.778341,1.795837,2.748804
75.129809,-26.739296,1.795433,2.760804
75.121165,-26.700241,1.795092,2.772804
75.112511,-26.661188,1.794798,2.784804
75.103796,-26.622149,1.794566,2.796804
75.095025,-26.583123,1.794435,2.808804
75.086234,-26.544101,1.794422,2.820804
75.077457,-26.505076,1.794518,2.832804
75.068732,-26.466039,1.794715,2.844804
75.060072,-26.426988,1.795008,2.856804
75.051432,-26.387932,1.795408,2.868804
75.042756,-26.348884,1.795955,2.880804
75.033989,-26.309856,1.796675,2.892804
75.025078,-26.270862,1.797494,2.904804
75.016011,-26.231903,1.798295,2.916804
75.006820,-26.192973,1.798989,2.928804
74.997543,-26.154064,1.799565,2.940804
74.988218,-26.115166,1.800018,2.952804
74.978889,-26.076269,1.800347,2.964804
74.969595,-26.037363,1.800560,2.976804
74.960372,-25.998441,1.800673,2.988804
74.951197,-25.959508,1.800684,3.000804
74.941990,-25.920582,1.800593,3.012804
74.932708,-25.881673,1.800401,3.024804
74.923383,-25.842776,1.800098,3.036804
74.914055,-25.803879,1.799672,3.048804
74.904763,-25.764973,1.799122,3.060804
74.895551,-25.726048,1.798452,3.072804
74.886454,-25.687096,1.797671,3.084804
74.877508,-25.648109,1.796846,3.096804
74.868714,-25.609088,1.796095,3.108804
74.860024,-25.570043,1.795511,3.120804
74.851381,-25.530988,1.795083,3.132804
74.842730,-25.491935,1.794774,3.144804
74.834020,-25.452895,1.794556,3.156804
74.825251,-25.413867,1.794425,3.168804
74.816460,-25.374845,1.794406,3.180804
74.807681,-25.335821,1.794541,3.192804
74.798951,-25.296785,1.794853,3.200000
74.790287,-25.257735,1.795325,3.200000
74.781646,-25.218679,1.795954,3.200000
74.772973,-25.179631,1.796782,3.200000
74.764209,-25.140602,1.797843,3.200000
74.755300,-25.101607,1.799064,3.200000
74.746234,-25.062648,1.800314,3.200000
74.737051,-25.023716,1.801510,3.200000
74.727786,-24.984804,1.802684,3.200000
74.718450,-24.945909,1.803864,3.200000
74.709055,-24.907028,1.805041,3.200000
74.699637,-24.868152,1.806199,3.200000
74.690243,-24.829271,1.807373,3.200000
74.680856,-24.790388,1.808599,3.200000
74.671394,-24.751523,1.809846,3.200000
74.661809,-24.712689,1.810983,3.200000
74.652140,-24.673875,1.811900,3.200000
74.642430,-24.635071,1.812621,3.200000
74.632695,-24.596274,1.813191,3.200000
74.622943,-24.557481,1.813588,3.200000
74.613200,-24.518685,1.813760,3.200000
74.603516,-24.479875,1.813745,3.200000
74.593901,-24.441048,1.813704,3.200000
74.584281,-24.402222,1.813751,3.200000
74.574588,-24.363415,1.813753,3.200000
74.564841,-24.324620,1.813552,3.200000
74.555090,-24.285827,1.813132,3.200000
74.545358,-24.247029,1.812547,3.200000
74.535651,-24.208225,1.811806,3.200000
74.525988,-24.169409,1.810863,3.200000
74.516417,-24.130571,1.809707,3.200000
74.506967,-24.091703,1.808456,3.200000
74.497583,-24.052820,1.807238,3.200000
74.488185,-24.013939,1.806067,3.200000
74.478767,-23.975064,1.804909,3.200000
74.469377,-23.936182,1.803732,3.200000
74.460049,-23.897285,1.802553,3.200000
74.450793,-23.858370,1.801380,3.200000
74.441622,-23.819436,1.800180,3.200000
74.432572,-23.780473,1.798929,3.200000
74.423682,-23.741473,1.797723,3.200000
74.414932,-23.702442,1.796690,3.200000
74.406264,-23.663392,1.795888,3.200000
74.397623,-23.624337,1.795287,3.200000
74.388953,-23.585288,1.794840,3.200000
74.380215,-23.546254,1.794547,3.200000
74.371432,-23.507230,1.794418,3.200000
74.362641,-23.468208,1.794460,3.200000
74.353876,-23.429180,1.794673,3.200000
74.345172,-23.390139,1.795042,3.200000
74.336523,-23.351085,1.795561,3.200000
74.327875,-23.312031,1.796257,3.200000
74.319174,-23.272988,1.797168,3.200000
74.310362,-23.233971,1.798301,3.200000
74.301390,-23.194990,1.799545,3.200000
74.292275,-23.156043,1.800771,3.200000
74.283058,-23.117119,1.801951,3.200000
74.273766,-23.078213,1.803123,3.200000
74.264405,-23.039324,1.804302,3.200000
74.254996,-23.000446,1.805468,3.200000
74.245582,-22.961570,1.806623,3.200000
74.236199,-22.922686,1.807810,3.200000
74.226794,-22.883807,1.809060,3.200000
74.217287,-22.844954,1.810278,3.200000
74.207665,-22.806128,1.811322,3.200000
74.197977,-22.767319,1.812140,3.200000
74.188258,-22.728518,1.812820,3.200000
74.178517,-22.689722,1.813424,3.200000
74.168764,-22.650929,1.813899,3.200000
74.159040,-22.612129,1.814192,3.200000
74.149389,-22.573311,1.814412,3.200000
74.139785,-22.534481,1.814728,3.200000
74.130142,-22.495660,1.815159,3.200000
74.120423,-22.456859,1.815529,3.200000
74.110677,-22.418065,1.815713,3.200000
74.100949,-22.379265,1.815786,3.200000
74.091228,-22.340465,1.815836,3.200000
74.081488,-22.301669,1.815837,3.200000
74.071751,-22.262872,1.815723,3.200000
74.062076,-22.224060,1.815543,3.200000
74.052469,-22.185231,1.815470,3.200000
74.042848,-22.146405,1.815598,3.200000
74.033149,-22.107599,1.815771,3.200000
74.023405,-22.068803,1.815825,3.200000
74.013671,-22.030006,1.815800,3.200000
74.003952,-21.991205,1.815804,3.200000
73.994218,-21.952407,1.815836,3.200000
73.984473,-21.913612,1.815786,3.200000
73.974774,-21.874806,1.815617,3.200000
73.965153,-21.835980,1.815496,3.200000
73.955543,-21.797152,1.815582,3.200000
73.945865,-21.758340,1.815766,3.200000
73.936125,-21.719544,1.815867,3.200000
73.926382,-21.680749,1.815856,3.200000
73.916659,-21.641949,1.815843,3.200000
73.906928,-21.603150,1.815879,3.200000
73.897179,-21.564356,1.815864,3.200000
73.887458,-21.525556,1.815714,3.200000
73.877815,-21.486735,1.815560,3.200000
73.868209,-21.447906,1.815582,3.200000
73.858553,-21.409089,1.815754,3.200000
73.848823,-21.370290,1.815895,3.200000
73.839074,-21.331497,1.815902,3.200000
73.829346,-21.292698,1.815875,3.200000
73.819619,-21.253898,1.815900,3.200000
73.809872,-21.215104,1.815908,3.200000
73.800136,-21.176307,1.815794,3.200000
73.790469,-21.137493,1.815621,3.200000
73.780861,-21.098664,1.815562,3.200000
73.771227,-21.059841,1.815691,3.200000
73.761514,-21.021038,1.815876,3.200000
73.751764,-20.982245,1.816001,3.200000
73.742030,-20.943447,1.816126,3.200000
73.732306,-20.904647,1.816345,3.200000
73.722565,-20.865851,1.816629,3.200000
73.712821,-20.827056,1.816877,3.200000
73.703128,-20.788249,1.817079,3.200000
73.693507,-20.749423,1.817400,3.200000
73.683892,-20.710596,1.817972,3.200000
73.674214,-20.671784,1.818696,3.200000
73.664470,-20.632989,1.819440,3.200000
73.654685,-20.594204,1.820208,3.200000
73.644860,-20.555430,1.821088,3.200000
73.634976,-20.516670,1.822113,3.200000
73.625036,-20.477925,1.823218,3.200000
73.615086,-20.439182,1.824348,3.200000
73.605166,-20.400432,1.825530,3.200000
73.595229,-20.361686,1.826802,3.200000
73.585199,-20.322964,1.828121,3.200000
73.575054,-20.284271,1.829395,3.200000
73.564815,-20.245604,1.830577,3.200000
73.554493,-20.206959,1.831703,3.200000
73.544079,-20.168338,1.832795,3.200000
73.533567,-20.129744,1.833811,3.200000
73.522973,-20.091172,1.834699,3.200000
73.512324,-20.052616,1.835466,3.200000
73.501644,-20.014068,1.836145,3.200000
73.490957,-19.975522,1.836728,3.200000
73.480277,-19.936975,1.837131,3.200000
73.469602,-19.898425,1.837288,3.200000
73.458928,-19.859876,1.837192,3.200000
73.448249,-19.821327,1.836848,3.200000
73.437563,-19.782781,1.836304,3.200000
73.426879,-19.744235,1.835630,3.200000
73.416220,-19.705681,1.834871,3.200000
73.405610,-19.667114,1.834036,3.200000
73.395075,-19.628526,1.833138,3.200000
73.384637,-19.589912,1.832215,3.200000
73.374294,-19.551272,1.831306,3.200000
73.364035,-19.512610,1.830403,3.200000
73.353865,-19.473924,1.829474,3.200000
73.343805,-19.435210,1.828537,3.200000
73.333848,-19.396469,1.827667,3.200000
73.323935,-19.357717,1.826931,3.200000
73.314005,-19.318969,1.826338,3.200000
73.304059,-19.280225,1.825895,3.200000
73.294115,-19.241481,1.825634,3.200000
73.284176,-19.202736,1.825602,3.200000
73.274234,-19.163991,1.825809,3.200000
73.264288,-19.125247,1.826208,3.200000
73.254354,-19.086500,1.826761,3.200000
73.244442,-19.047748,1.827458,3.200000
73.234503,-19.009002,1.828295,3.200000
73.224470,-18.970281,1.829218,3.200000
73.214325,-18.931589,1.830146,3.200000
73.204087,-18.892921,1.831045,3.200000
73.193765,-18.854276,1.831947,3.200000
73.183352,-18.815655,1.832870,3.200000
73.172840,-18.777061,1.833771,3.200000
73.162248,-18.738489,1.834601,3.200000
73.151602,-18.699931,1.835368,3.200000
73.140925,-18.661383,1.836104,3.200000
73.130242,-18.622836,1.836797,3.200000
73.119566,-18.584287,1.837365,3.200000
73.108896,-18.545736,1.837741,3.200000
73.098226,-18.507185,1.837922,3.200000
73.087552,-18.468636,1.837912,3.200000
73.076866,-18.430090,1.837761,3.200000
73.066183,-18.391543,1.837537,3.200000
73.055536,-18.352986,1.837285,3.200000
73.044944,-18.314414,1.837016,3.200000
73.034403,-18.275828,1.836744,3.200000
73.023905,-18.237230,1.836498,3.200000
73.013448,-18.198621,1.836309,3.200000
73.003030,-18.160001,1.836190,3.200000
72.992659,-18.121369,1.836144,3.200000
72.982352,-18.082720,1.836153,3.200000
72.972100,-18.044056,1.836169,3.200000
72.961844,-18.005393,1.836160,3.200000
72.951526,-17.966747,1.836165,3.200000
72.941146,-17.928117,1.836229,3.200000
72.930720,-17.889499,1.836367,3.200000
72.920256,-17.850893,1.836576,3.200000
72.909750,-17.812297,1.836839,3.200000
72.899199,-17.773713,1.837114,3.200000
72.888596,-17.735144,1.837369,3.200000
72.877939,-17.696590,1.837628,3.200000
72.867251,-17.658045,1.837919,3.200000
72.856562,-17.619499,1.838194,3.200000
72.845885,-17.580950,1.838373,3.200000
72.835212,-17.542401,1.838412,3.200000
72.824538,-17.503851,1.838308,3.200000
72.813857,-17.465304,1.838075,3.200000
72.803165,-17.426759,1.837784,3.200000
72.792487,-17.388210,1.837512,3.200000
72.781854,-17.349650,1.837260,3.200000
72.771277,-17.311073,1.836997,3.200000
72.760748,-17.272484,1.836723,3.200000
72.750262,-17.233883,1.836484,3.200000
72.739816,-17.195271,1.836316,3.200000
72.729409,-17.156648,1.836214,3.200000
72.719056,-17.118012,1.836169,3.200000
72.708770,-17.079357,1.836174,3.200000
72.698523,-17.040691,1.836220,3.200000
72.688250,-17.002033,1.836320,3.200000
72.677910,-16.963393,1.836508,3.200000
72.667514,-16.924767,1.836818,3.200000
72.657077,-16.886153,1.837252,3.200000
72.646599,-16.847550,1.837814,3.200000
72.636077,-16.808958,1.838471,3.200000
72.625508,-16.770380,1.839183,3.200000
72.614894,-16.731814,1.839933,3.200000
72.604236,-16.693260,1.840754,3.200000
72.593533,-16.654718,1.841659,3.200000
72.582785,-16.616189,1.842576,3.200000
72.571993,-16.577673,1.843421,3.200000
72.561159,-16.539168,1.844185,3.200000
72.550281,-16.500675,1.844890,3.200000
72.539349,-16.462198,1.845549,3.200000
72.528367,-16.423735,1.846154,3.200000
72.517363,-16.385279,1.846701,3.200000
72.506367,-16.346820,1.847192,3.200000
72.495380,-16.308358,1.847632,3.200000
72.484393,-16.269897,1.848016,3.200000
72.473403,-16.231436,1.848331,3.200000
72.462412,-16.192976,1.848583,3.200000
72.451422,-16.154515,1.848815,3.200000
72.440433,-16.116054,1.849064,3.200000
72.429443,-16.077594,1.849315,3.200000
72.418454,-16.039133,1.849548,3.200000
72.407465,-16.000672,1.849787,3.200000
72.396477,-15.962211,1.850073,3.200000
72.385486,-15.923750,1.850431,3.200000
72.374494,-15.885290,1.850848,3.200000
72.363509,-15.846828,1.851315,3.200000
72.352534,-15.808363,1.851834,3.200000
72.341549,-15.769901,1.852411,3.200000
72.330522,-15.731451,1.853042,3.200000
72.319440,-15.693017,1.853722,3.200000
72.308312,-15.654596,1.854451,3.200000
72.297142,-15.616187,1.855251,3.200000
72.285930,-15.577791,1.856136,3.200000
72.274674,-15.539407,1.857044,3.200000
72.263373,-15.501037,1.857892,3.200000
72.252029,-15.462679,1.858661,3.200000
72.240641,-15.424334,1.859383,3.200000
72.229209,-15.386003,1.860065,3.200000
72.217732,-15.347685,1.860665,3.200000
72.206213,-15.309379,1.861142,3.200000
72.194657,-15.271085,1.861499,3.200000
72.183053,-15.232805,1.861750,3.200000
72.171385,-15.194544,1.861896,3.200000
72.159669,-15.156298,1.861934,3.200000
72.147966,-15.118049,1.861861,3.200000
72.136325,-15.079780,1.861680,3.200000
72.124740,-15.041494,1.861396,3.200000
72.113198,-15.003196,1.860999,3.200000
72.101693,-14.964886,1.860478,3.200000
72.090231,-14.926564,1.859846,3.200000
72.078813,-14.888228,1.859148,3.200000
72.067440,-14.849879,1.858414,3.200000
72.056110,-14.811517,1.857621,3.200000
72.044824,-14.773142,1.856746,3.200000
72.033582,-14.734754,1.855840,3.200000
72.022384,-14.696354,1.854976,3.200000
72.011227,-14.657941,1.854192,3.200000
72.000113,-14.619516,1.853505,3.200000
71.989050,-14.581077,1.852933,3.200000
71.978041,-14.542622,1.852474,3.200000
71.967061,-14.504158,1.852123,3.200000
71.956082,-14.465694,1.851879,3.200000
71.945091,-14.427234,1.851743,3.200000
71.934096,-14.388775,1.851716,3.200000
71.923102,-14.350315,1.851798,3.200000
71.912116,-14.311853,1.851990,3.200000
71.901140,-14.273389,1.852288,3.200000
71.890149,-14.234928,1.852694,3.200000
71.879114,-14.196480,1.853210,3.200000
71.868025,-14.158048,1.853842,3.200000
71.856889,-14.119630,1.854582,3.200000
71.845711,-14.081223,1.855411,3.200000
71.834491,-14.042829,1.856308,3.200000
71.823227,-14.004448,1.857212,3.200000
71.811918,-13.966080,1.858050,3.200000
71.800566,-13.927724,1.858814,3.200000
71.789170,-13.889382,1.859536,3.200000
71.777730,-13.851053,1.860217,3.200000
71.766245,-13.812737,1.860802,3.200000
71.754719,-13.774434,1.861247,3.200000
71.743156,-13.736142,1.861590,3.200000
71.731543,-13.697864,1.861882,3.200000
71.719866,-13.659607,1.862137,3.200000
71.708145,-13.621362,1.862343,3.200000
71.696444,-13.583112,1.862490,3.200000
71.684806,-13.544843,1.862576,3.200000
71.673224,-13.506556,1.862598,3.200000
71.661679,-13.468258,1.862576,3.200000
71.650175,-13.429948,1.862536,3.200000
71.638724,-13.391622,1.862511,3.200000
71.627320,-13.353283,1.862540,3.200000
71.615932,-13.314938,1.862643,3.200000
71.604533,-13.276596,1.862775,3.200000
71.593127,-13.238257,1.862908,3.200000
71.581720,-13.199918,1.863148,3.200000
71.570317,-13.161578,1.863635,3.200000
71.558922,-13.123236,1.864381,3.200000
71.547528,-13.084893,1.865276,3.200000
71.536114,-13.046556,1.866237,3.200000
71.524658,-13.008231,1.867287,3.200000
71.513133,-12.969927,1.868456,3.200000
71.501515,-12.931652,1.869730,3.200000
71.489805,-12.893404,1.871081,3.200000
71.478022,-12.855179,1.872479,3.200000
71.466161,-12.816978,1.873859,3.200000
71.454178,-12.778815,1.875167,3.200000
71.442038,-12.740702,1.876409,3.200000
71.429790,-12.702623,1.877600,3.200000
71.417500,-12.664557,1.878736,3.200000
71.405193,-12.626498,1.879810,3.200000
71.392853,-12.588449,1.880780,3.200000
71.380467,-12.550415,1.881528,3.200000
71.368025,-12.512399,1.881956,3.200000
71.355521,-12.474404,1.882117,3.200000
71.342997,-12.436415,1.882091,3.200000
71.330510,-12.398414,1.881857,3.200000
71.318086,-12.360392,1.881328,3.200000
71.305716,-12.322353,1.880499,3.200000
71.293388,-12.284300,1.879485,3.200000
71.281087,-12.246239,1.878389,3.200000
71.268804,-12.208171,1.877234,3.200000
71.256582,-12.170084,1.876032,3.200000
71.244490,-12.131956,1.874775,3.200000
71.232550,-12.093779,1.873437,3.200000
71.220717,-12.055569,1.872026,3.200000
71.208955,-12.017338,1.870642,3.200000
71.197272,-11.979082,1.869381,3.200000
71.185684,-11.940797,1.868271,3.200000
71.174183,-11.902486,1.867329,3.200000
71.162744,-11.864157,1.866549,3.200000
71.151339,-11.825817,1.865901,3.200000
71.139946,-11.787474,1.865387,3.200000
71.128544,-11.749133,1.865108,3.200000
71.117140,-11.710794,1.865164,3.200000
71.105744,-11.672451,1.865479,3.200000
71.094347,-11.634109,1.865913,3.200000
71.082924,-11.595775,1.866403,3.200000
71.071452,-11.557455,1.866986,3.200000
71.059905,-11.519158,1.867691,3.200000
71.048265,-11.480889,1.868502,3.200000
71.036534,-11.442648,1.869403,3.200000
71.024722,-11.404432,1.870323,3.200000
71.012825,-11.366242,1.871154,3.200000
71.000825,-11.328084,1.871837,3.200000
70.988727,-11.289958,1.872406,3.200000
70.976585,-11.251845,1.872887,3.200000
70.964455,-11.213729,1.873247,3.200000
70.952344,-11.175606,1.873441,3.200000
70.940239,-11.137482,1.873449,3.200000
70.928129,-11.099359,1.873270,3.200000
70.916001,-11.061242,1.872922,3.200000
70.903859,-11.023129,1.872449,3.200000
70.891755,-10.985005,1.871888,3.200000
70.879746,-10.946850,1.871216,3.200000
70.867842,-10.908662,1.870397,3.200000
70.856023,-10.870448,1.869481,3.200000
70.844285,-10.832209,1.868576,3.200000
70.832637,-10.793942,1.867758,3.200000
70.821084,-10.755647,1.867046,3.200000
70.809606,-10.717329,1.866454,3.200000
70.798180,-10.678996,1.865960,3.200000
70.786782,-10.640654,1.865524,3.200000
70.775386,-10.602312,1.865197,3.200000
70.763982,-10.563972,1.865117,3.200000
70.752579,-10.525632,1.865374,3.200000
70.741185,-10.487289,1.865875,3.200000
70.729782,-10.448949,1.866517,3.200000
70.718345,-10.410619,1.867287,3.200000
70.706849,-10.372306,1.868217,3.200000
70.695268,-10.334019,1.869316,3.200000
70.683590,-10.295762,1.870568,3.200000
70.671832,-10.257529,1.871946,3.200000
70.660005,-10.219317,1.873359,3.200000
70.648074,-10.181138,1.874707,3.200000
70.635992,-10.143006,1.875968,3.200000
70.623777,-10.104917,1.877174,3.200000
70.611494,-10.066850,1.878332,3.200000
70.599193,-10.028788,1.879431,3.200000
70.586866,-9.990735,1.880453,3.200000
70.574498,-9.952695,1.881299,3.200000
70.562077,-9.914672,1.881852,3.200000
70.549594,-9.876670,1.882103,3.200000
70.537070,-9.838681,1.882138,3.200000
70.524561,-9.800687,1.881992,3.200000
70.512113,-9.762674,1.881584,3.200000
70.499723,-9.724641,1.880854,3.200000
70.487380,-9.686593,1.879893,3.200000
70.475070,-9.648534,1.878819,3.200000
70.462780,-9.610469,1.877681,3.200000
70.450527,-9.572392,1.876492,3.200000
70.438377,-9.534282,1.875256,3.200000
70.426383,-9.496123,1.873949,3.200000
70.414516,-9.457923,1.872553,3.200000
70.402729,-9.419699,1.871144,3.200000
70.391015,-9.381453,1.869825,3.200000
70.379391,-9.343179,1.868652,3.200000
70.367861,-9.304877,1.867643,3.200000
70.356402,-9.266553,1.866808,3.200000
70.344989,-9.228216,1.866112,3.200000
70.333596,-9.189873,1.865519,3.200000
70.322200,-9.151530,1.865127,3.200000
70.310797,-9.113190,1.865083,3.200000
70.299398,-9.074849,1.865419,3.200000
70.288005,-9.036506,1.865989,3.200000
70.276597,-8.998167,1.866669,3.200000
70.265148,-8.959840,1.867477,3.200000
70.253634,-8.921533,1.868455,3.200000
70.242029,-8.883254,1.869600,3.200000
70.230330,-8.845003,1.870894,3.200000
70.218556,-8.806775,1.872297,3.200000
70.206707,-8.768570,1.873710,3.200000
70.194742,-8.730401,1.875040,3.200000
70.182621,-8.692282,1.876292,3.200000
70.170381,-8.654201,1.877494,3.200000
70.158091,-8.616135,1.878645,3.200000
70.145783,-8.578076,1.879734,3.200000
70.133445,-8.540026,1.880730,3.200000
70.121064,-8.501991,1.881521,3.200000
70.108626,-8.463974,1.881998,3.200000
70.096126,-8.425977,1.882193,3.200000
70.083598,-8.387990,1.882192,3.200000
70.071099,-8.349993,1.881994,3.200000
70.058662,-8.311975,1.881513,3.200000
70.046281,-8.273940,1.880719,3.200000
70.033944,-8.235890,1.879722,3.200000
70.021636,-8.197830,1.878633,3.200000
70.009346,-8.159765,1.877483,3.200000
69.997108,-8.121683,1.876282,3.200000
69.984989,-8.083563,1.875031,3.200000
69.973026,-8.045394,1.873702,3.200000
69.961178,-8.007189,1.872291,3.200000
69.949404,-7.968961,1.870892,3.200000
69.937706,-7.930709,1.869604,3.200000
69.926102,-7.892430,1.868465,3.200000
69.914589,-7.854122,1.867493,3.200000
69.903140,-7.815796,1.866691,3.200000
69.891731,-7.777457,1.866017,3.200000
69.880337,-7.739114,1.865454,3.200000
69.868937,-7.700773,1.865126,3.200000
69.857532,-7.662434,1.865180,3.200000
69.846134,-7.624092,1.865580,3.200000
69.834738,-7.585750,1.866177,3.200000
69.823322,-7.547413,1.866878,3.200000
69.811860,-7.509091,1.867717,3.200000
69.800326,-7.470790,1.868730,3.200000
69.788697,-7.432518,1.869907,3.200000
69.776978,-7.394273,1.871227,3.200000
69.765187,-7.356050,1.872635,3.200000
69.753315,-7.317852,1.874028,3.200000
69.741315,-7.279695,1.875330,3.200000
69.729160,-7.241586,1.876561,3.200000
69.716903,-7.203510,1.877745,3.200000
69.704610,-7.165446,1.878876,3.200000
69.692298,-7.127388,1.879942,3.200000
69.679952,-7.089341,1.880893,3.200000
69.667560,-7.051309,1.881611,3.200000
69.655110,-7.013296,1.882006,3.200000
69.642600,-6.975302,1.882142,3.200000
69.630076,-6.937313,1.882095,3.200000
69.617595,-6.899310,1.881832,3.200000
69.605177,-6.861287,1.881266,3.200000
69.592811,-6.823246,1.880409,3.200000
69.580486,-6.785193,1.879379,3.200000
69.568187,-6.747130,1.878272,3.200000
69.555909,-6.709061,1.877108,3.200000
69.543697,-6.670971,1.875897,3.200000
69.531621,-6.632837,1.874630,3.200000
69.519695,-6.594657,1.873279,3.200000
69.507872,-6.556443,1.871863,3.200000
69.496119,-6.518209,1.870486,3.200000
69.484446,-6.479950,1.869237,3.200000
69.472870,-6.441662,1.868141,3.200000
69.461378,-6.403348,1.867215,3.200000
69.449944,-6.365017,1.866449,3.200000
69.438543,-6.326676,1.865813,3.200000
69.427151,-6.288333,1.865317,3.200000
69.415750,-6.249992,1.865068,3.200000
69.404348,-6.211652,1.865157,3.200000
69.392954,-6.173309,1.865491,3.200000
69.381556,-6.134967,1.865932,3.200000
69.370131,-6.096633,1.866431,3.200000
69.358653,-6.058315,1.867028,3.200000
69.347099,-6.020021,1.867746,3.200000
69.335450,-5.981754,1.868569,3.200000
69.323711,-5.943516,1.869479,3.200000
69.311892,-5.905302,1.870397,3.200000
69.299986,-5.867114,1.871216,3.200000
69.287976,-5.828960,1.871889,3.200000
69.275871,-5.790836,1.872450,3.200000
69.263729,-5.752723,1.872923,3.200000
69.251601,-5.714606,1.873270,3.200000
69.239491,-5.676483,1.873447,3.200000
69.227386,-5.638359,1.873438,3.200000
69.215275,-5.600236,1.873242,3.200000
69.203144,-5.562120,1.872880,3.200000
69.191003,-5.524007,1.872399,3.200000
69.178906,-5.485880,1.871829,3.200000
69.166908,-5.447722,1.871145,3.200000
69.155012,-5.409532,1.870312,3.200000
69.143201,-5.371315,1.869392,3.200000
69.131471,-5.333074,1.868494,3.200000
69.119832,-5.294805,1.867685,3.200000
69.108287,-5.256507,1.866984,3.200000
69.096815,-5.218187,1.866404,3.200000
69.085393,-5.179853,1.865917,3.200000
69.073996,-5.141511,1.865486,3.200000
69.062600,-5.103168,1.865177,3.200000
69.051195,-5.064829,1.865129,3.200000
69.039793,-5.026488,1.865415,3.200000
69.028399,-4.988145,1.865936,3.200000
69.016994,-4.949806,1.866590,3.200000
69.005552,-4.911477,1.867375,3.200000
68.994049,-4.873167,1.868325,3.200000
68.982459,-4.834883,1.869441,3.200000
68.970773,-4.796628,1.870708,3.200000
68.959008,-4.758397,1.872096,3.200000
68.947172,-4.720188,1.873511,3.200000
68.935227,-4.682013,1.874851,3.200000
68.923130,-4.643886,1.876109,3.200000
68.910904,-4.605801,1.877313,3.200000
68.898618,-4.567734,1.878468,3.200000
68.886313,-4.529674,1.879563,3.200000
68.873981,-4.491622,1.880574,3.200000
68.861607,-4.453584,1.881399,3.200000
68.849179,-4.415564,1.881920,3.200000
68.836688,-4.377564,1.882147,3.200000
68.824161,-4.339576,1.882165,3.200000
68.811655,-4.301582,1.881996,3.200000
68.799211,-4.263567,1.881557,3.200000
68.786824,-4.225533,1.880798,3.200000
68.774483,-4.187484,1.879819,3.200000
68.762174,-4.149425,1.878735,3.200000
68.749884,-4.111360,1.877588,3.200000
68.737636,-4.073281,1.876390,3.200000
68.725499,-4.035167,1.875144,3.200000
68.713519,-3.997003,1.873824,3.200000
68.701661,-3.958801,1.872417,3.200000
68.689881,-3.920575,1.871007,3.200000
68.678175,-3.882326,1.869697,3.200000
68.666561,-3.844049,1.868535,3.200000
68.655040,-3.805744,1.867536,3.200000
68.643588,-3.767419,1.866707,3.200000
68.632179,-3.729080,1.866021,3.200000
68.620788,-3.690736,1.865455,3.200000
68.609393,-3.652394,1.865094,3.200000
68.597992,-3.614053,1.865047,3.200000
68.586596,-3.575711,1.865300,3.200000
68.575205,-3.537367,1.865715,3.200000
68.563795,-3.499029,1.866187,3.200000
68.552343,-3.460703,1.866742,3.200000
68.540823,-3.422398,1.867414,3.200000
68.529213,-3.384120,1.868199,3.200000
68.517510,-3.345870,1.869080,3.200000
68.505722,-3.307646,1.870009,3.200000
68.493853,-3.269448,1.870883,3.200000
68.481887,-3.231280,1.871611,3.200000
68.469814,-3.193145,1.872214,3.200000
68.457680,-3.155030,1.872726,3.200000
68.445543,-3.116916,1.873130,3.200000
68.433428,-3.078794,1.873382,3.200000
68.421323,-3.040670,1.873448,3.200000
68.409216,-3.002546,1.873326,3.200000
68.397095,-2.964427,1.873026,3.200000
68.384953,-2.926314,1.872588,3.200000
68.372831,-2.888195,1.872055,3.200000
68.360790,-2.850051,1.871421,3.200000
68.348857,-2.811872,1.870649,3.200000
68.337015,-2.773665,1.869751,3.200000
68.325252,-2.735434,1.868832,3.200000
68.313576,-2.697176,1.867988,3.200000
68.301995,-2.658889,1.867244,3.200000
68.290498,-2.620577,1.866613,3.200000
68.279059,-2.582247,1.866091,3.200000
68.267656,-2.543907,1.865649,3.200000
68.256262,-2.505564,1.865294,3.200000
68.244859,-2.467224,1.865121,3.200000
68.233455,-2.428884,1.865217,3.200000
68.222059,-2.390542,1.865527,3.200000
68.210661,-2.352200,1.865950,3.200000
68.199236,-2.313866,1.866444,3.200000
68.187759,-2.275548,1.867038,3.200000
68.176207,-2.237253,1.867750,3.200000
68.164560,-2.198986,1.868565,3.200000
68.152823,-2.160747,1.869468,3.200000
68.141006,-2.122532,1.870384,3.200000
68.129103,-2.084344,1.871208,3.200000
68.117096,-2.046189,1.871886,3.200000
68.104993,-2.008064,1.872444,3.200000
68.092850,-1.969951,1.872899,3.200000
68.080722,-1.931834,1.873248,3.200000
68.068611,-1.893711,1.873484,3.200000
68.056506,-1.855587,1.873602,3.200000
68.044395,-1.817465,1.873592,3.200000
68.032265,-1.779348,1.873469,3.200000
68.020124,-1.741235,1.873269,3.200000
68.008025,-1.703109,1.873020,3.200000
67.996020,-1.664953,1.872727,3.200000
67.984121,-1.626764,1.872393,3.200000
67.972318,-1.588545,1.872089,3.200000
67.960596,-1.550301,1.871918,3.200000
67.948936,-1.512038,1.871942,3.200000
67.937316,-1.473763,1.872162,3.200000
67.925720,-1.435481,1.872580,3.200000
67.914129,-1.397197,1.873218,3.200000
67.902524,-1.358917,1.874108,3.200000
67.890888,-1.320647,1.875290,3.200000
67.879202,-1.282392,1.876768,3.200000
67.867448,-1.244158,1.878522,3.200000
67.855608,-1.205951,1.880512,3.200000
67.843662,-1.167776,1.882698,3.200000
67.831593,-1.129640,1.885077,3.200000
67.819384,-1.091549,1.887669,3.200000
67.807025,-1.053506,1.890476,3.200000
67.794494,-1.015519,1.893444,3.200000
67.781757,-0.977601,1.896520,3.200000
67.768789,-0.939761,1.899635,3.200000
67.755630,-0.901988,1.902718,3.200000
67.742334,-0.864262,1.905764,3.200000
67.728941,-0.826570,1.908846,3.200000
67.715472,-0.788907,1.912011,3.200000
67.701932,-0.751268,1.915166,3.200000
67.688292,-0.713665,1.918207,3.200000
67.674520,-0.676111,1.921159,3.200000
67.660622,-0.638603,1.924125,3.200000
67.646622,-0.601133,1.927151,3.200000
67.632551,-0.563689,1.930163,3.200000
67.618447,-0.526258,1.933137,3.200000
67.604329,-0.488832,1.936134,3.200000
67.590145,-0.451431,1.939223,3.200000
67.575825,-0.414083,1.942441,3.200000
67.561367,-0.376787,1.945829,3.200000
67.546837,-0.339519,1.949383,3.200000
67.532265,-0.302268,1.953094,3.200000
67.517573,-0.265064,1.956980,3.200000
67.502675,-0.227941,1.961063,3.200000
67.487556,-0.190909,1.965288,3.200000
67.472240,-0.153957,1.969625,3.200000
67.456744,-0.117080,1.974167,3.200000
67.441070,-0.080279,1.978972,3.200000
67.425214,-0.043555,1.983944,3.200000
67.409169,-0.006914,1.988899,3.200000
67.392923,0.029638,1.993803,3.200000
67.376456,0.066093,1.998766,3.200000
67.359739,0.102432,2.003811,3.200000
67.342751,0.138645,2.008842,3.200000
67.325537,0.174752,2.013741,3.200000
67.308162,0.210782,2.018494,3.200000
67.290641,0.246742,2.023116,3.200000
67.272923,0.282603,2.027606,3.200000
67.254970,0.318347,2.031949,3.200000
67.236834,0.354000,2.036111,3.200000
67.218601,0.389603,2.040051,3.200000
67.200304,0.425174,2.043755,3.200000
67.181902,0.460689,2.047205,3.200000
67.163354,0.496129,2.050364,3.200000
67.144671,0.531498,2.053201,3.200000
67.125883,0.566811,2.055755,3.200000
67.107011,0.602079,2.058117,3.200000
67.088063,0.637306,2.060314,3.200000
67.069046,0.672497,2.062329,3.200000
67.049976,0.707658,2.064135,3.200000
67.030873,0.742802,2.065800,3.200000
67.011748,0.777934,2.067403,3.200000
66.992591,0.813048,2.068931,3.200000
66.973390,0.848138,2.070331,3.200000
66.954159,0.883212,2.071575,3.200000
66.934933,0.918288,2.072697,3.200000
66.915729,0.953377,2.073732,3.200000
66.896507,0.988456,2.074706,3.200000
66.877218,1.023497,2.075635,3.200000
66.857848,1.058495,2.076518,3.200000
66.838430,1.093465,2.077353,3.200000
66.818991,1.128424,2.078144,3.200000
66.799532,1.163372,2.078895,3.200000
66.780043,1.198303,2.079596,3.200000
66.760520,1.233215,2.080242,3.200000
66.740967,1.268110,2.080865,3.200000
66.721386,1.302990,2.081505,3.200000
66.701775,1.337853,2.082166,3.200000
66.682128,1.372695,2.082804,3.200000
66.662445,1.407517,2.083378,3.200000
66.642744,1.442329,2.083909,3.200000
66.623045,1.477142,2.084436,3.200000
66.603353,1.511959,2.084978,3.200000
66.583662,1.546777,2.085525,3.200000
66.563968,1.581593,2.086064,3.200000
66.544274,1.616409,2.086603,3.200000
66.524587,1.651228,2.087152,3.200000
66.504902,1.686050,2.087752,3.200000
66.485201,1.720862,2.088463,3.200000
66.465466,1.755654,2.089340,3.200000
66.445694,1.790426,2.090401,3.200000
66.425891,1.825180,2.091662,3.200000
66.406060,1.859918,2.093127,3.200000
66.386202,1.894641,2.094760,3.200000
66.366316,1.929347,2.096519,3.200000
66.346400,1.964037,2.098365,3.200000
66.326450,1.998706,2.100267,3.200000
66.306453,2.033350,2.102196,3.200000
66.286368,2.067941,2.104150,3.200000
66.266144,2.102452,2.106127,3.200000
66.245758,2.136867,2.108136,3.200000
66.225215,2.171190,2.110207,3.200000
66.204526,2.205424,2.112368,3.200000
66.183710,2.239581,2.114605,3.200000
66.162789,2.273674,2.116881,3.200000
66.141789,2.307718,2.119156,3.200000
66.120739,2.341731,2.121382,3.200000
66.099667,2.375731,2.123508,3.200000
66.078580,2.409721,2.125487,3.200000
66.057459,2.443690,2.127296,3.200000
66.036286,2.477627,2.128921,3.200000
66.015046,2.511522,2.130387,3.200000
65.993720,2.545362,2.131724,3.200000
65.972304,2.579147,2.132971,3.200000
65.950821,2.612888,2.134199,3.200000
65.929298,2.646604,2.135481,3.200000
65.907762,2.680312,2.136873,3.200000
65.886246,2.714032,2.138392,3.200000
65.864774,2.747780,2.140045,3.200000
65.843327,2.781545,2.141791,3.200000
65.821873,2.815304,2.143579,3.200000
65.800383,2.849041,2.145366,3.200000
65.778841,2.882745,2.147157,3.200000
65.757234,2.916408,2.148972,3.200000
65.735542,2.950015,2.150861,3.200000
65.713734,2.983547,2.152870,3.200000
65.691788,3.016989,2.155043,3.200000
65.669709,3.050344,2.157394,3.200000
65.647516,3.083623,2.159892,3.200000
65.625225,3.116836,2.162470,3.200000
65.602856,3.149997,2.165060,3.200000
65.580424,3.183115,2.167620,3.200000
65.557926,3.216188,2.170127,3.200000
65.535335,3.249198,2.172546,3.200000
65.512625,3.282126,2.174834,3.200000
65.489782,3.314963,2.176936,3.200000
65.466802,3.347703,2.178816,3.200000
65.443688,3.380349,2.180458,3.200000
65.420482,3.412929,2.181893,3.200000
65.397236,3.445481,2.183147,3.200000
65.373988,3.478032,2.184248,3.200000
65.350738,3.510581,2.185213,3.200000
65.327483,3.543126,2.186045,3.200000
65.304225,3.575669,2.186699,3.200000
65.280979,3.608221,2.187118,3.200000
65.257759,3.640791,2.187252,3.200000
65.234567,3.673381,2.187095,3.200000
65.211400,3.705990,2.186712,3.200000
65.188257,3.738615,2.186213,3.200000
65.165135,3.771255,2.185722,3.200000
65.142032,3.803908,2.185310,3.200000
65.118949,3.836576,2.184992,3.200000
65.095895,3.869264,2.184769,3.200000
65.072880,3.901980,2.184655,3.200000
65.049916,3.934731,2.184681,3.200000
65.027013,3.967526,2.184879,3.200000
65.004181,4.000369,2.185274,3.200000
64.981391,4.033242,2.185872,3.200000
64.958590,4.066107,2.186680,3.200000
64.935728,4.098930,2.187706,3.200000
64.912795,4.131703,2.188956,3.200000
64.889796,4.164430,2.190434,3.200000
64.866732,4.197111,2.192154,3.200000
64.843593,4.229739,2.194144,3.200000
64.820368,4.262306,2.196439,3.200000
64.797047,4.294804,2.199076,3.200000
64.773624,4.327230,2.202054,3.200000
64.750094,4.359577,2.205334,3.200000
64.726449,4.391840,2.208807,3.200000
64.702683,4.424014,2.212377,3.200000
64.678787,4.456092,2.215995,3.200000
64.654758,4.488071,2.219659,3.200000
64.630592,4.519946,2.223366,3.200000
64.606284,4.551713,2.227094,3.200000
64.581823,4.583363,2.230816,3.200000
64.557196,4.614883,2.234505,3.200000
64.532400,4.646270,2.238144,3.200000
64.507455,4.677539,2.241713,3.200000
64.482388,4.708711,2.245191,3.200000
64.457216,4.739797,2.248552,3.200000
64.431944,4.770803,2.251775,3.200000
64.406575,4.801729,2.254853,3.200000
64.381114,4.832580,2.257785,3.200000
64.355570,4.863361,2.260568,3.200000
64.329951,4.894080,2.263184,3.200000
64.304263,4.924742,2.265605,3.200000
64.278512,4.955351,2.267809,3.200000
64.252704,4.985911,2.269833,3.200000
64.226846,5.016429,2.271737,3.200000
64.200946,5.046912,2.273581,3.200000
64.175013,5.077367,2.275391,3.200000
64.149049,5.107795,2.277188,3.200000
64.123051,5.138194,2.278991,3.200000
64.097016,5.168562,2.280827,3.200000
64.070946,5.198899,2.282727,3.200000
64.044845,5.229210,2.284717,3.200000
64.018717,5.259497,2.286822,3.200000
63.992555,5.289755,2.289063,3.200000
63.966346,5.319972,2.291466,3.200000
63.940074,5.350135,2.294064,3.200000
63.913729,5.380234,2.296893,3.200000
63.887302,5.410261,2.299980,3.200000
63.860784,5.440208,2.303315,3.200000
63.834165,5.470065,2.306883,3.200000
63.807435,5.499822,2.310676,3.200000
63.780584,5.529471,2.314710,3.200000
63.753602,5.559001,2.319004,3.200000
63.726483,5.588404,2.323563,3.200000
63.699217,5.617672,2.328337,3.200000
63.671794,5.646793,2.333270,3.200000
63.644201,5.675753,2.338310,3.200000
63.616428,5.704540,2.343417,3.200000
63.588472,5.733149,2.348556,3.200000
63.560340,5.761585,2.353689,3.200000
63.532038,5.789853,2.358773,3.200000
63.503566,5.817949,2.363768,3.200000
63.474918,5.845865,2.368631,3.200000
63.446089,5.873595,2.373323,3.200000
63.417090,5.901146,2.377802,3.200000
63.387938,5.928537,2.382027,3.200000
63.358656,5.955787,2.385961,3.200000
63.329258,5.982912,2.389564,3.200000
63.299758,6.009926,2.392806,3.200000
63.270169,6.036842,2.395689,3.200000
63.240504,6.063676,2.398219,3.200000
63.210778,6.090441,2.400395,3.200000
63.181006,6.117154,2.402192,3.200000
63.151201,6.143832,2.403582,3.200000
63.121379,6.170489,2.404548,3.200000
63.091554,6.197144,2.405139,3.200000
63.061738,6.223809,2.405413,3.200000
63.031941,6.250495,2.405426,3.200000
63.002172,6.277212,2.405217,3.200000
62.972435,6.303965,2.404823,3.200000
62.942734,6.330757,2.404281,3.200000
62.913070,6.357591,2.403629,3.200000
62.883450,6.384473,2.402906,3.200000
62.853882,6.411414,2.402152,3.200000
62.824378,6.438423,2.401415,3.200000
62.794935,6.465498,2.400748,3.200000
62.765539,6.492626,2.400200,3.200000
62.736177,6.519790,2.399785,3.200000
62.706837,6.546977,2.399504,3.200000
62.677510,6.574179,2.399354,3.200000
62.648189,6.601387,2.399332,3.200000
62.618865,6.628592,2.399434,3.200000
62.589531,6.655786,2.399659,3.200000
62.560178,6.682960,2.400016,3.200000
62.530797,6.710103,2.400517,3.200000
62.501373,6.737200,2.401168,3.200000
62.471893,6.764235,2.401936,3.200000
62.442349,6.791201,2.402777,3.200000
62.412747,6.818104,2.403648,3.200000
62.383099,6.844954,2.404514,3.200000
62.353410,6.871761,2.405341,3.200000
62.323686,6.898528,2.406095,3.200000
62.293931,6.925260,2.406752,3.200000
62.264147,6.951961,2.407295,3.200000
62.234339,6.978635,2.407707,3.200000
62.204510,7.005285,2.407956,3.200000
62.174664,7.031917,2.408000,3.200000
62.144813,7.058541,2.407799,3.200000
62.114965,7.085171,2.407356,3.200000
62.085132,7.111817,2.406713,3.200000
62.055325,7.138491,2.405913,3.200000
62.025555,7.165207,2.404985,3.200000
61.995830,7.191974,2.403949,3.200000
61.966155,7.218795,2.402826,3.200000
61.936530,7.245672,2.401635,3.200000
61.906959,7.272609,2.400398,3.200000
61.877450,7.299613,2.399139,3.200000
61.848013,7.326695,2.397887,3.200000
61.818654,7.353862,2.396674,3.200000
61.789363,7.381103,2.395533,3.200000
61.760127,7.408402,2.394500,3.200000
61.730930,7.435743,2.393614,3.200000
61.701765,7.463119,2.392919,3.200000
61.672624,7.490520,2.392444,3.200000
61.643500,7.517938,2.392187,3.200000
61.614382,7.545363,2.392147,3.200000
61.585262,7.572787,2.392329,3.200000
61.556131,7.600198,2.392754,3.200000
61.526980,7.627588,2.393443,3.200000
61.497801,7.654948,2.394400,3.200000
61.468586,7.682270,2.395589,3.200000
61.439324,7.709542,2.396975,3.200000
61.410004,7.736750,2.398524,3.200000
61.380611,7.763881,2.400218,3.200000
61.351143,7.790930,2.402035,3.200000
61.321601,7.817899,2.403956,3.200000
61.291991,7.844792,2.405951,3.200000
61.262312,7.871609,2.407994,3.200000
61.232561,7.898346,2.410056,3.200000
61.202735,7.925000,2.412126,3.200000
61.172836,7.951572,2.414193,3.200000
61.142871,7.978069,2.416245,3.200000
61.112845,8.004497,2.418259,3.200000
61.082764,8.030862,2.420213,3.200000
61.052632,8.057169,2.422086,3.200000
61.022452,8.083422,2.423884,3.200000
60.992231,8.109626,2.425612,3.200000
60.961974,8.135789,2.427276,3.200000
60.931688,8.161919,2.428868,3.200000
60.901375,8.188018,2.430380,3.200000
60.871035,8.214085,2.431807,3.200000
60.840666,8.240118,2.433171,3.200000
60.810266,8.266115,2.434497,3.200000
60.779836,8.292077,2.435808,3.200000
60.749377,8.318004,2.437119,3.200000
60.718888,8.343897,2.438442,3.200000
60.688370,8.369755,2.439796,3.200000
60.657820,8.395576,2.441213,3.200000
60.627241,8.421363,2.442726,3.200000
60.596634,8.447116,2.444349,3.200000
60.566001,8.472837,2.446054,3.200000
60.535338,8.498523,2.447810,3.200000
60.504637,8.524164,2.449585,3.200000
60.473892,8.549752,2.451352,3.200000
60.443097,8.575280,2.453083,3.200000
60.412250,8.600744,2.454780,3.200000
60.381345,8.626140,2.456459,3.200000
60.350376,8.651456,2.458137,3.200000
60.319330,8.676678,2.459831,3.200000
60.288199,8.701795,2.461566,3.200000
60.256992,8.726817,2.463360,3.200000
60.225723,8.751763,2.465192,3.200000
60.194408,8.776651,2.467015,3.200000
60.163062,8.801498,2.468786,3.200000
60.131698,8.826323,2.470475,3.200000
60.100326,8.851139,2.472060,3.200000
60.068940,8.875936,2.473517,3.200000
60.037530,8.900703,2.474797,3.200000
60.006087,8.925429,2.475845,3.200000
59.974600,8.950099,2.476626,3.200000
59.943060,8.974700,2.477169,3.200000
59.911468,8.999235,2.477534,3.200000
59.879840,9.023723,2.477782,3.200000
59.848192,9.048185,2.477971,3.200000
59.816537,9.072638,2.478160,3.200000
59.784882,9.097091,2.478371,3.200000
59.753235,9.121556,2.478571,3.200000
59.721612,9.146050,2.478712,3.200000
59.690030,9.170598,2.478746,3.200000
59.658506,9.195219,2.478626,3.200000
59.627032,9.219904,2.478305,3.200000
59.595590,9.244631,2.477781,3.200000
59.564164,9.269379,2.477097,3.200000
59.532738,9.294126,2.476306,3.200000
59.501296,9.318851,2.475446,3.200000
59.469828,9.343544,2.474537,3.200000
59.438347,9.368221,2.473602,3.200000
59.406869,9.392903,2.472682,3.200000
59.375412,9.417610,2.471831,3.200000
59.343989,9.442361,2.471096,3.200000
59.312616,9.467175,2.470462,3.200000
59.281297,9.492057,2.469869,3.200000
59.250021,9.516993,2.469255,3.200000
59.218777,9.541970,2.468561,3.200000
59.187560,9.566979,2.467730,3.200000
59.156365,9.592017,2.466723,3.200000
59.125191,9.617080,2.465566,3.200000
59.094029,9.642159,2.464311,3.200000
59.062869,9.667240,2.463003,3.200000
59.031701,9.692311,2.461684,3.200000
59.000532,9.717380,2.460393,3.200000
58.969375,9.742466,2.459157,3.200000
58.938247,9.767586,2.457961,3.200000
58.907161,9.792759,2.456781,3.200000
58.876133,9.818003,2.455598,3.200000
58.845173,9.843330,2.454406,3.200000
58.814276,9.868735,2.453203,3.200000
58.783432,9.894204,2.451978,3.200000
58.752632,9.919726,2.450710,3.200000
58.721870,9.945293,2.449373,3.200000
58.691139,9.970898,2.447968,3.200000
58.660436,9.996536,2.446532,3.200000
58.629761,10.022208,2.445106,3.200000
58.599116,10.047916,2.443729,3.200000
58.568501,10.073659,2.442441,3.200000
58.537917,10.099439,2.441277,3.200000
58.507361,10.125253,2.440247,3.200000
58.476835,10.151102,2.439327,3.200000
58.446339,10.176986,2.438496,3.200000
58.415876,10.202909,2.437739,3.200000
58.385444,10.228869,2.437045,3.200000
58.355038,10.254858,2.436406,3.200000
58.324651,10.280871,2.435817,3.200000
58.294277,10.306898,2.435283,3.200000
58.263910,10.332933,2.434805,3.200000
58.233543,10.358969,2.434384,3.200000
58.203174,10.385002,2.434016,3.200000
58.172803,10.411032,2.433699,3.200000
58.142431,10.437063,2.433439,3.200000
58.112061,10.463094,2.433242,3.200000
58.081691,10.489127,2.433113,3.200000
58.051322,10.515159,2.433032,3.200000
58.020952,10.541191,2.432970,3.200000
57.990582,10.567223,2.432904,3.200000
57.960211,10.593255,2.432824,3.200000
57.929841,10.619286,2.432721,3.200000
57.899471,10.645318,2.432591,3.200000
57.869102,10.671351,2.432430,3.200000
57.838733,10.697385,2.432241,3.200000
57.808363,10.723416,2.432027,3.200000
57.777988,10.749442,2.431787,3.200000
57.747612,10.775468,2.431521,3.200000
57.717244,10.801501,2.431228,3.200000
57.686891,10.827553,2.430909,3.200000
57.656557,10.853627,2.430561,3.200000
57.626239,10.879720,2.430186,3.200000
57.595936,10.905830,2.429785,3.200000
57.565647,10.931956,2.429362,3.200000
57.535371,10.958097,2.428918,3.200000
57.505111,10.984256,2.428442,3.200000
57.474865,11.010433,2.427922,3.200000
57.444634,11.036626,2.427355,3.200000
57.414417,11.062836,2.426782,3.200000
57.384215,11.089063,2.426250,3.200000
57.354028,11.115306,2.425794,3.200000
57.323856,11.141568,2.425406,3.200000
57.293699,11.167846,2.425075,3.200000
57.263556,11.194140,2.424790,3.200000
57.233425,11.220448,2.424555,3.200000
57.203308,11.246773,2.424372,3.200000
57.173211,11.273120,2.424243,3.200000
57.143136,11.299493,2.424170,3.200000
57.113076,11.325882,2.424149,3.200000
57.083014,11.352269,2.424181,3.200000
57.052934,11.378635,2.424266,3.200000
57.022831,11.404976,2.424407,3.200000
56.992711,11.431297,2.424602,3.200000
56.962578,11.457602,2.424849,3.200000
56.932431,11.483892,2.425145,3.200000
56.902271,11.510167,2.425489,3.200000
56.872096,11.536425,2.425893,3.200000
56.841906,11.562665,2.426369,3.200000
56.811701,11.588888,2.426917,3.200000
56.781481,11.615095,2.427494,3.200000
56.751247,11.641284,2.428053,3.200000
56.720998,11.667457,2.428561,3.200000
56.690734,11.693611,2.429030,3.200000
56.660455,11.719749,2.429469,3.200000
56.630162,11.745871,2.429888,3.200000
56.599855,11.771976,2.430285,3.200000
56.569533,11.798064,2.430655,3.200000
56.539194,11.824132,2.430997,3.200000
56.508836,11.850179,2.431311,3.200000
56.478465,11.876209,2.431598,3.200000
56.448088,11.902233,2.431859,3.200000
56.417714,11.928260,2.432093,3.200000
56.387343,11.954291,2.432299,3.200000
56.356974,11.980324,2.432477,3.200000
56.326604,12.006357,2.432630,3.200000
56.296234,12.032388,2.432760,3.200000
56.265863,12.058419,2.432864,3.200000
56.235493,12.084451,2.432936,3.200000
56.205122,12.110482,2.432967,3.200000
56.174752,12.136514,2.432963,3.200000
56.144382,12.162546,2.432955,3.200000
56.114012,12.188578,2.432975,3.200000
56.083643,12.214610,2.433039,3.200000
56.053273,12.240643,2.433137,3.200000
56.022904,12.266676,2.433263,3.200000
55.992534,12.292707,2.433412,3.200000
55.962162,12.318738,2.433587,3.200000
55.931792,12.344769,2.433789,3.200000
55.901424,12.370804,2.434020,3.200000
55.871060,12.396843,2.434279,3.200000
55.840694,12.422879,2.434568,3.200000
55.810315,12.448901,2.434883,3.200000
55.779918,12.474901,2.435224,3.200000
55.749503,12.500880,2.435588,3.200000
55.719072,12.526841,2.435980,3.200000
55.688627,12.552786,2.436409,3.200000
55.658168,12.578714,2.436884,3.200000
55.627695,12.604625,2.437423,3.200000
55.597207,12.630518,2.438053,3.200000
55.566703,12.656393,2.438795,3.200000
55.536184,12.682250,2.439622,3.200000
55.505649,12.708088,2.440482,3.200000
55.475100,12.733910,2.441325,3.200000
55.444539,12.759717,2.442148,3.200000
55.413964,12.785508,2.442965,3.200000
55.383371,12.811278,2.443789,3.200000
55.352756,12.837021,2.444618,3.200000
55.322110,12.862728,2.445447,3.200000
55.291424,12.888386,2.446270,3.200000
55.260685,12.913982,2.447098,3.200000
55.229894,12.939514,2.447942,3.200000
55.199068,12.965005,2.448813,3.200000
55.168227,12.990478,2.449732,3.200000
55.137381,13.015943,2.450722,3.200000
55.106524,13.041396,2.451790,3.200000
55.075651,13.066829,2.452906,3.200000
55.044760,13.092241,2.454032,3.200000
55.013854,13.117634,2.455131,3.200000
54.982936,13.143013,2.456156,3.200000
54.952003,13.168374,2.457057,3.200000
54.921051,13.193710,2.457808,3.200000
54.890072,13.219015,2.458456,3.200000
54.859058,13.244276,2.459055,3.200000
54.827999,13.269482,2.459653,3.200000
54.796886,13.294621,2.460251,3.200000
54.765726,13.319702,2.460845,3.200000
54.734534,13.344743,2.461440,3.200000
54.703323,13.369761,2.462061,3.200000
54.672110,13.394776,2.462733,3.200000
54.640909,13.419806,2.463443,3.200000
54.609731,13.444865,2.464152,3.200000
54.578571,13.469945,2.464819,3.200000
54.547417,13.495033,2.465404,3.200000
54.516259,13.520118,2.465859,3.200000
54.485095,13.545193,2.466145,3.200000
54.453922,13.570258,2.466267,3.200000
54.422734,13.595305,2.466267,3.200000
54.391523,13.620321,2.466190,3.200000
54.360276,13.645294,2.466087,3.200000
54.328991,13.670219,2.466007,3.200000
54.297682,13.695114,2.466001,3.200000
54.266365,13.719999,2.466091,3.200000
54.235054,13.744891,2.466272,3.200000
54.203764,13.769810,2.466525,3.200000
54.172509,13.794771,2.466809,3.200000
54.141290,13.819780,2.467092,3.200000
54.110100,13.844823,2.467342,3.200000
54.078930,13.869892,2.467514,3.200000
54.047769,13.894972,2.467561,3.200000
54.016607,13.920049,2.467461,3.200000
53.985430,13.945110,2.467248,3.200000
53.954230,13.970141,2.466967,3.200000
53.922998,13.995133,2.466668,3.200000
53.891728,14.020076,2.466402,3.200000
53.860429,14.044982,2.466216,3.200000
53.829114,14.069870,2.466152,3.200000
53.797799,14.094758,2.466213,3.200000
53.766499,14.119664,2.466394,3.200000
53.735228,14.144606,2.466659,3.200000
53.703995,14.169596,2.466956,3.200000
53.672795,14.194627,2.467238,3.200000
53.641618,14.219687,2.467454,3.200000
53.610455,14.244764,2.467557,3.200000
53.579294,14.269844,2.467514,3.200000
53.548125,14.294914,2.467344,3.200000
53.516936,14.319958,2.467096,3.200000
53.485718,14.344968,2.466814,3.200000
53.454464,14.369931,2.466529,3.200000
53.423175,14.394851,2.466276,3.200000
53.391864,14.419744,2.466092,3.200000
53.360547,14.444628,2.466000,3.200000
53.329238,14.469523,2.466004,3.200000
53.297953,14.494447,2.466083,3.200000
53.266705,14.519418,2.466187,3.200000
53.235492,14.544434,2.466266,3.200000
53.204305,14.569481,2.466269,3.200000
53.173131,14.594544,2.466152,3.200000
53.141966,14.619620,2.465870,3.200000
53.110809,14.644704,2.465418,3.200000
53.079654,14.669792,2.464837,3.200000
53.048494,14.694873,2.464174,3.200000
53.017317,14.719932,2.463467,3.200000
52.986116,14.744962,2.462754,3.200000
52.954903,14.769977,2.462071,3.200000
52.923692,14.794995,2.461444,3.200000
52.892499,14.820035,2.460859,3.200000
52.861338,14.845114,2.460305,3.200000
52.830224,14.870252,2.459786,3.200000
52.799164,14.895457,2.459321,3.200000
52.768149,14.920717,2.458918,3.200000
52.737168,14.946019,2.458528,3.200000
52.706214,14.971353,2.458092,3.200000
52.675281,14.996714,2.457560,3.200000
52.644366,15.022097,2.456958,3.200000
52.613464,15.047495,2.456337,3.200000
52.582572,15.072905,2.455746,3.200000
52.551686,15.098322,2.455218,3.200000
52.520797,15.123737,2.454789,3.200000
52.489894,15.149134,2.454493,3.200000
52.458966,15.174499,2.454331,3.200000
52.428019,15.199843,2.454291,3.200000
52.397074,15.225189,2.454367,3.200000
52.366153,15.250564,2.454569,3.200000
52.335255,15.275967,2.454908,3.200000
52.304367,15.301383,2.455371,3.200000
52.273479,15.326798,2.455922,3.200000
52.242584,15.352204,2.456528,3.200000
52.211678,15.377597,2.457150,3.200000
52.180758,15.402973,2.457739,3.200000
52.149818,15.428326,2.458244,3.200000
52.118856,15.453651,2.458662,3.200000
52.087866,15.478942,2.459048,3.200000
52.056839,15.504186,2.459464,3.200000
52.025763,15.529372,2.459944,3.200000
51.994634,15.554491,2.460472,3.200000
51.963462,15.579557,2.461032,3.200000
51.932262,15.604588,2.461624,3.200000
51.901048,15.629603,2.462263,3.200000
51.869837,15.654619,2.462954,3.200000
51.838642,15.679657,2.463666,3.200000
51.807471,15.704724,2.464361,3.200000
51.776314,15.729809,2.465003,3.200000
51.745160,15.754897,2.465550,3.200000
51.714001,15.779979,2.465955,3.200000
51.682835,15.805053,2.466185,3.200000
51.651659,15.830114,2.466263,3.200000
51.620466,15.855154,2.466233,3.200000
51.589245,15.880160,2.466141,3.200000
51.557987,15.905118,2.466039,3.200000
51.526694,15.930033,2.465977,3.200000
51.495382,15.954924,2.466001,3.200000
51.464066,15.979810,2.466121,3.200000
51.432761,16.004709,2.466330,3.200000
51.401481,16.029640,2.466598,3.200000
51.370238,16.054617,2.466888,3.200000
51.339029,16.079638,2.467167,3.200000
51.307847,16.104691,2.467402,3.200000
51.276681,16.129765,2.467544,3.200000
51.245520,16.154845,2.467549,3.200000
51.214354,16.179919,2.467413,3.200000
51.183171,16.204971,2.467177,3.200000
51.151962,16.229991,2.466888,3.200000
51.120718,16.254967,2.466596,3.200000
51.089437,16.279896,2.466350,3.200000
51.058130,16.304794,2.466200,3.200000
51.026813,16.329679,2.466174,3.200000
50.995501,16.354569,2.466273,3.200000
50.964207,16.379483,2.466485,3.200000
50.932946,16.404439,2.466764,3.200000
50.901724,16.429441,2.467060,3.200000
50.870531,16.454481,2.467323,3.200000
50.839359,16.479547,2.467507,3.200000
50.808197,16.504626,2.467566,3.200000
50.777035,16.529705,2.467480,3.200000
50.745860,16.554768,2.467276,3.200000
50.714664,16.579803,2.467000,3.200000
50.683436,16.604800,2.466701,3.200000
50.652170,16.629748,2.466426,3.200000
50.620873,16.654659,2.466227,3.200000
50.589560,16.679548,2.466147,3.200000
50.558245,16.704435,2.466192,3.200000
50.526943,16.729338,2.466360,3.200000
50.495668,16.754276,2.466616,3.200000
50.464431,16.779261,2.466911,3.200000
50.433228,16.804288,2.467197,3.200000
50.402049,16.829346,2.467422,3.200000
50.370885,16.854422,2.467541,3.200000
50.339726,16.879503,2.467515,3.200000
50.308558,16.904575,2.467358,3.200000
50.277372,16.929624,2.467116,3.200000
50.246159,16.954638,2.466837,3.200000
50.214909,16.979608,2.466552,3.200000
50.183624,17.004532,2.466294,3.200000
50.152316,17.029428,2.466100,3.200000
50.120999,17.054313,2.465998,3.200000
50.089688,17.079205,2.465992,3.200000
50.058399,17.104125,2.466065,3.200000
50.027147,17.129091,2.466170,3.200000
49.995931,17.154102,2.466255,3.200000
49.964741,17.179145,2.466271,3.200000
49.933566,17.204208,2.466172,3.200000
49.902400,17.229282,2.465913,3.200000
49.871242,17.254365,2.465481,3.200000
49.840087,17.279453,2.464914,3.200000
49.808928,17.304535,2.464256,3.200000
49.777754,17.329598,2.463552,3.200000
49.746555,17.354631,2.462841,3.200000
49.715343,17.379646,2.462165,3.200000
49.684131,17.404663,2.461540,3.200000
49.652934,17.429699,2.460940,3.200000
49.621769,17.454773,2.460336,3.200000
49.590648,17.479902,2.459730,3.200000
49.559581,17.505098,2.459146,3.200000
49.528560,17.530352,2.458598,3.200000
49.497577,17.555650,2.458045,3.200000
49.466621,17.580983,2.457425,3.200000
49.435686,17.606341,2.456683,3.200000
49.404765,17.631716,2.455837,3.200000
49.373855,17.657105,2.454937,3.200000
49.342962,17.682514,2.454031,3.200000
49.312091,17.707949,2.453159,3.200000
49.281237,17.733406,2.452355,3.200000
49.250388,17.758869,2.451655,3.200000
49.219530,17.784320,2.451056,3.200000
49.188665,17.809763,2.450539,3.200000
49.157815,17.835224,2.450083,3.200000
49.127000,17.860728,2.449667,3.200000
49.096226,17.886281,2.449272,3.200000
49.065479,17.911867,2.448891,3.200000
49.034749,17.937473,2.448555,3.200000
49.004027,17.963089,2.448299,3.200000
48.973309,17.988709,2.448131,3.200000
48.942590,18.014328,2.447988,3.200000
48.911869,18.039945,2.447800,3.200000
48.881146,18.065559,2.447538,3.200000
48.850422,18.091172,2.447260,3.200000
48.819698,18.116785,2.447035,3.200000
48.788979,18.142405,2.446902,3.200000
48.758266,18.168032,2.446838,3.200000
48.727551,18.193655,2.446813,3.200000
48.696818,18.219257,2.446805,3.200000
48.666058,18.244827,2.446808,3.200000
48.635285,18.270381,2.446819,3.200000
48.604521,18.295947,2.446825,3.200000
48.573785,18.321545,2.446820,3.200000
48.543068,18.347167,2.446798,3.200000
48.512355,18.372794,2.446777,3.200000
48.481637,18.398414,2.446792,3.200000
48.450914,18.424028,2.446870,3.200000
48.420190,18.449642,2.446984,3.200000
48.389468,18.475258,2.447065,3.200000
48.358748,18.500875,2.447048,3.200000
48.328026,18.526490,2.446949,3.200000
48.297302,18.552104,2.446836,3.200000
48.266580,18.577719,2.446774,3.200000
48.235864,18.603342,2.446771,3.200000
48.205152,18.628970,2.446793,3.200000
48.174432,18.654588,2.446807,3.200000
48.143689,18.680178,2.446806,3.200000
48.112922,18.705739,2.446801,3.200000
48.082151,18.731296,2.446802,3.200000
48.051398,18.756875,2.446804,3.200000
48.020672,18.782486,2.446802,3.200000
47.989959,18.808112,2.446790,3.200000
47.959245,18.833738,2.446784,3.200000
47.928525,18.859355,2.446807,3.200000
47.897801,18.884969,2.446861,3.200000
47.867078,18.910583,2.446883,3.200000
47.836357,18.936199,2.446795,3.200000
47.805635,18.961816,2.446543,3.200000
47.774913,18.987431,2.446170,3.200000
47.744190,19.013046,2.445736,3.200000
47.713469,19.038662,2.445281,3.200000
47.682751,19.064283,2.444775,3.200000
47.652033,19.089903,2.444172,3.200000
47.621308,19.115514,2.443439,3.200000
47.590569,19.141111,2.442584,3.200000
47.559834,19.166710,2.441621,3.200000
47.529128,19.192345,2.440558,3.200000
47.498476,19.218044,2.439392,3.200000
47.467880,19.243810,2.438119,3.200000
47.437329,19.269630,2.436739,3.200000
47.406817,19.295495,2.435258,3.200000
47.376349,19.321412,2.433684,3.200000
47.345934,19.347392,2.432016,3.200000
47.315583,19.373445,2.430232,3.200000
47.285294,19.399572,2.428308,3.200000
47.255066,19.425769,2.426256,3.200000
47.224894,19.452031,2.424162,3.200000
47.194780,19.478359,2.422113,3.200000
47.164725,19.504753,2.420168,3.194616
47.134728,19.531214,2.418316,3.182616
47.104789,19.557741,2.416546,3.170616
47.074905,19.584330,2.414868,3.158616
47.045076,19.610980,2.413335,3.146616
47.015306,19.637696,2.412001,3.134616
46.985599,19.664482,2.410903,3.122616
46.955960,19.691343,2.410037,3.110616
46.926372,19.718260,2.409399,3.098616
46.896814,19.745211,2.408989,3.086616
46.867266,19.772173,2.408823,3.074616
46.837720,19.799137,2.408913,3.062616
46.808173,19.826099,2.409270,3.050616
46.778619,19.853054,2.409898,3.038616
46.749044,19.879986,2.410797,3.026616
46.719428,19.906872,2.411983,3.014616
46.689752,19.933692,2.413489,3.002616
46.660008,19.960438,2.415351,2.990616
46.630197,19.987108,2.417584,2.978616
46.600317,20.013702,2.420168,2.966616
46.570364,20.040212,2.423080,2.954616
46.540330,20.066631,2.426324,2.942616
46.510209,20.092952,2.429942,2.930616
46.479998,20.119167,2.433978,2.918616
46.449691,20.145274,2.438449,2.906616
46.419287,20.171266,2.443333,2.894616
46.388775,20.197132,2.448608,2.882616
46.358142,20.222854,2.454269,2.870616
46.327374,20.248415,2.460336,2.858616
46.296462,20.273801,2.466833,2.846616
46.265397,20.299001,2.473793,2.834616
46.234170,20.324000,2.481240,2.822616
46.202761,20.348770,2.489213,2.810616
46.171146,20.373276,2.497776,2.798616
46.139304,20.397486,2.507002,2.786616
46.107229,20.421387,2.516942,2.774616
46.074916,20.444966,2.527624,2.762616
46.042361,20.468211,2.539063,2.750616
46.009557,20.491102,2.551250,2.738616
45.976496,20.513621,2.564179,2.726616
45.943169,20.535743,2.577814,2.714616
45.909561,20.557438,2.592092,2.702616
45.875661,20.578674,2.606938,2.690616
45.841446,20.599399,2.622258,2.678616
45.806891,20.619552,2.637964,2.666616
45.771975,20.639076,2.654059,2.654616
45.736693,20.657929,2.670599,2.642616
45.701042,20.676075,2.687612,2.630616
45.665025,20.693485,2.705064,2.618616
45.628652,20.710138,2.722911,2.606616
45.591939,20.726025,2.741052,2.594616
45.554913,20.741168,2.759369,2.583102
45.517603,20.755599,2.777767,2.577360
45.480038,20.769347,2.796156,2.577301
45.442239,20.782442,2.814424,2.582753
45.404221,20.794887,2.832468,2.593401
45.365982,20.806630,2.850214,2.605401
45.327517,20.817616,2.867620,2.617401
45.288841,20.827834,2.884655,2.629401
45.249972,20.837290,2.901323,2.641401
45.210935,20.846021,2.917640,2.653401
45.171755,20.854091,2.933568,2.665401
45.132456,20.861558,2.949040,2.677401
45.093054,20.868457,2.964010,2.689401
45.053562,20.874817,2.978465,2.701401
45.013990,20.880662,2.992399,2.713401
44.974348,20.886008,3.005788,2.725401
44.934643,20.890862,3.018574,2.737401
44.894879,20.895221,3.030719,2.749401
44.855064,20.899072,3.042230,2.761401
44.815201,20.902390,3.053126,2.773401
44.775297,20.905176,3.063484,2.785401
44.735364,20.907511,3.073387,2.797401
44.695413,20.909486,3.082891,2.809401
44.655447,20.911159,3.092037,2.821401
44.615472,20.912575,3.100853,2.833401
44.575489,20.913749,3.109360,2.845401
44.535499,20.914666,3.117589,2.857401
44.495505,20.915320,3.125560,2.869401
44.455506,20.915715,3.133328,2.881401
44.415506,20.915851,3.140958,2.893401
44.375506,20.915730,-3.134724,2.905401
44.335508,20.915351,-3.127350,2.917401
44.295512,20.914712,-3.120044,2.929401
44.255522,20.913814,-3.112735,2.941401
44.215539,20.912657,-3.105389,2.953401
44.175563,20.911248,-3.097986,2.965401
44.135598,20.909582,-3.090565,2.977401
44.095644,20.907644,-3.083170,2.989401
44.055706,20.905406,-3.075834,3.001401
44.015791,20.902800,-3.068578,3.013401
43.975906,20.899762,-3.061403,3.025401
43.936054,20.896309,-3.054305,3.037401
43.896236,20.892490,-3.047258,3.049401
43.856452,20.888337,-3.040233,3.061401
43.816702,20.883867,-3.033311,3.073401
43.776987,20.879099,-3.026619,3.085401
43.737306,20.874057,-3.020218,3.097401
43.697657,20.868764,-3.014087,3.109401
43.658039,20.863248,-3.008218,3.121401
43.618449,20.857534,-3.002675,3.133401
43.578887,20.851632,-2.997554,3.145401
43.539353,20.845542,-2.992905,3.157401
43.499850,20.839251,-2.988686,3.169401
43.460385,20.832733,-2.984815,3.181401
43.420956,20.826000,-2.981209,3.193401
43.381546,20.819152,-2.977828,3.200000
43.342141,20.812279,-2.974714,3.200000
43.302740,20.805385,-2.971913,3.200000
43.263347,20.798441,-2.969469,3.200000
43.223965,20.791438,-2.967418,3.200000
43.184592,20.784381,-2.965722,3.200000
43.145228,20.777276,-2.964321,3.200000
43.105871,20.770136,-2.963185,3.200000
43.066520,20.762958,-2.962354,3.200000
43.027183,20.755703,-2.961870,3.200000
42.987869,20.748329,-2.961666,3.200000
42.948572,20.740863,-2.961620,3.200000
42.909281,20.733364,-2.961618,3.200000
42.869984,20.725894,-2.961626,3.200000
42.830672,20.718513,-2.961694,3.200000
42.791336,20.711251,-2.961929,3.200000
42.751986,20.704070,-2.962390,3.200000
42.712629,20.696927,-2.963010,3.200000
42.673266,20.689819,-2.963720,3.200000
42.633894,20.682755,-2.964515,3.200000
42.594513,20.675745,-2.965428,3.200000
42.555120,20.668803,-2.966480,3.200000
42.515718,20.661913,-2.967614,3.200000
42.476316,20.655024,-2.968756,3.200000
42.436919,20.648103,-2.969804,3.200000
42.397516,20.641218,-2.970654,3.200000
42.358093,20.634451,-2.971264,3.200000
42.318650,20.627799,-2.971643,3.200000
42.279195,20.621213,-2.971894,3.200000
42.239737,20.614656,-2.972114,3.200000
42.200277,20.608105,-2.972306,3.200000
42.160818,20.601547,-2.972386,3.200000
42.121359,20.594988,-2.972297,3.200000
42.081899,20.588438,-2.972100,3.200000
42.042441,20.581880,-2.971881,3.200000
42.002987,20.575291,-2.971626,3.200000
41.963545,20.568633,-2.971235,3.200000
41.924123,20.561858,-2.970610,3.200000
41.884721,20.554969,-2.969745,3.200000
41.845324,20.548049,-2.968688,3.200000
41.805921,20.541161,-2.967543,3.200000
41.766519,20.534270,-2.966412,3.200000
41.727127,20.527323,-2.965367,3.200000
41.687747,20.520309,-2.964461,3.200000
41.648376,20.513242,-2.963672,3.200000
41.609013,20.506131,-2.962964,3.200000
41.569656,20.498987,-2.962350,3.200000
41.530307,20.491802,-2.961901,3.200000
41.490973,20.484534,-2.961678,3.200000
41.451661,20.477145,-2.961614,3.200000
41.412365,20.469671,-2.961599,3.200000
41.373074,20.462172,-2.961599,3.200000
41.333777,20.454709,-2.961660,3.200000
41.294461,20.447342,-2.961881,3.200000
41.255124,20.440093,-2.962349,3.200000
41.215772,20.432918,-2.963089,3.200000
41.176415,20.425778,-2.964035,3.200000
41.137050,20.418675,-2.965126,3.200000
41.097677,20.411620,-2.966367,3.200000
41.058295,20.404620,-2.967792,3.200000
41.018902,20.397675,-2.969409,3.200000
40.979501,20.390778,-2.971152,3.200000
40.940096,20.383908,-2.972950,3.200000
40.900684,20.377071,-2.974729,3.200000
40.861255,20.370337,-2.976420,3.200000
40.821797,20.363774,-2.978048,3.200000
40.782314,20.357366,-2.979672,3.200000
40.742812,20.351068,-2.981325,3.200000
40.703299,20.344846,-2.983002,3.200000
40.663778,20.338679,-2.984666,3.200000
40.624249,20.332554,-2.986268,3.200000
40.584714,20.326475,-2.987787,3.200000
40.545171,20.320447,-2.989255,3.200000
40.505620,20.314470,-2.990706,3.200000
40.466061,20.308544,-2.992083,3.200000
40.426495,20.302666,-2.993286,3.200000
40.386923,20.296834,-2.994273,3.200000
40.347343,20.291052,-2.995102,3.200000
40.307754,20.285329,-2.995823,3.200000
40.268158,20.279664,-2.996464,3.200000
40.228558,20.274021,-2.997051,3.200000
40.188959,20.268369,-2.997589,3.200000
40.149362,20.262709,-2.998071,3.200000
40.109764,20.257049,-2.998484,3.200000
40.070166,20.251392,-2.998819,3.200000
40.030568,20.245735,-2.999108,3.200000
39.990970,20.240077,-2.999398,3.200000
39.951372,20.234420,-2.999708,3.200000
39.911774,20.228762,-3.000016,3.200000
39.872176,20.223105,-3.000302,3.200000
39.832579,20.217446,-3.000596,3.200000
39.792981,20.211789,-3.000947,3.200000
39.753383,20.206134,-3.001375,3.200000
39.713784,20.200479,-3.001866,3.200000
39.674188,20.194813,-3.002414,3.200000
39.634592,20.189143,-3.003021,3.200000
39.594991,20.183502,-3.003691,3.200000
39.555383,20.177920,-3.004414,3.200000
39.515766,20.172397,-3.005190,3.200000
39.476142,20.166922,-3.006044,3.200000
39.436512,20.161494,-3.006997,3.200000
39.396875,20.156117,-3.007971,3.200000
39.357232,20.150790,-3.008860,3.200000
39.317581,20.145512,-3.009661,3.200000
39.277924,20.140285,-3.010453,3.200000
39.238261,20.135108,-3.011289,3.200000
39.198590,20.129983,-3.012121,3.200000
39.158914,20.124906,-3.012889,3.200000
39.119232,20.119871,-3.013577,3.200000
39.079543,20.114890,-3.014203,3.200000
39.039845,20.109986,-3.014775,3.200000
39.000140,20.105137,-3.015287,3.200000
38.960438,20.100262,-3.015738,3.200000
38.920747,20.095306,-3.016134,3.200000
38.881060,20.090308,-3.016475,3.200000
38.841372,20.085321,-3.016742,3.200000
38.801682,20.080349,-3.016923,3.200000
38.761992,20.075377,-3.017078,3.200000
38.722303,20.070401,-3.017281,3.200000
38.682614,20.065423,-3.017486,3.200000
38.642925,20.060448,-3.017563,3.200000
38.603235,20.055472,-3.017445,3.200000
38.563546,20.050495,-3.017235,3.200000
38.523857,20.045520,-3.017058,3.200000
38.484167,20.040551,-3.016911,3.200000
38.444477,20.035578,-3.016716,3.200000
38.404790,20.030586,-3.016434,3.200000
38.365102,20.025596,-3.016083,3.200000
38.325407,20.020664,-3.015678,3.200000
38.285703,20.015808,-3.015217,3.200000
38.245999,20.010954,-3.014693,3.200000
38.206303,20.006029,-3.014110,3.200000
38.166616,20.001034,-3.013473,3.200000
38.126935,19.995991,-3.012768,3.200000
38.087260,19.990906,-3.011981,3.200000
38.047591,19.985771,-3.011144,3.200000
38.007929,19.980584,-3.010321,3.200000
37.968273,19.975346,-3.009535,3.200000
37.928624,19.970060,-3.008718,3.200000
37.888982,19.964723,-3.007794,3.200000
37.849346,19.959335,-3.006814,3.200000
37.809717,19.953899,-3.005885,3.200000
37.770095,19.948415,-3.005053,3.200000
37.730480,19.942881,-3.004291,3.200000
37.690873,19.937285,-3.003578,3.200000
37.651274,19.931635,-3.002920,3.200000
37.611678,19.925967,-3.002324,3.200000
37.572080,19.920308,-3.001790,3.200000
37.532481,19.914656,-3.001313,3.200000
37.492883,19.909003,-3.000898,3.200000
37.453285,19.903347,-3.000547,3.200000
37.413687,19.897690,-3.000253,3.200000
37.374088,19.892034,-3.000004,3.200000
37.334490,19.886378,-2.999815,3.200000
37.294892,19.880722,-2.999733,3.200000
37.255294,19.875065,-2.999800,3.200000
37.215696,19.869408,-3.000008,3.200000
37.176098,19.863751,-3.000338,3.200000
37.136501,19.858093,-3.000799,3.200000
37.096903,19.852435,-3.001432,3.200000
37.057305,19.846779,-3.002271,3.200000
37.017706,19.841124,-3.003341,3.200000
36.978109,19.835462,-3.004665,3.200000
36.938513,19.829793,-3.006269,3.200000
36.898914,19.824143,-3.008181,3.200000
36.859308,19.818539,-3.010437,3.200000
36.819693,19.813006,-3.013065,3.200000
36.780065,19.807562,-3.016073,3.200000
36.740422,19.802230,-3.019460,3.200000
36.700761,19.797031,-3.023204,3.200000
36.661080,19.791989,-3.027268,3.200000
36.621377,19.787126,-3.031621,3.200000
36.581649,19.782464,-3.036245,3.200000
36.541896,19.778026,-3.041123,3.200000
36.502116,19.773833,-3.046211,3.200000
36.462308,19.769912,-3.051446,3.200000
36.422472,19.766291,-3.056767,3.200000
36.382608,19.762987,-3.062120,3.200000
36.342720,19.759999,-3.067460,3.200000
36.302809,19.757322,-3.072740,3.200000
36.262880,19.754929,-3.077897,3.200000
36.222937,19.752793,-3.082840,3.200000
36.182982,19.750891,-3.087519,3.200000
36.143018,19.749202,-3.092005,3.200000
36.103045,19.747704,-3.096363,3.200000
36.063067,19.746375,-3.100561,3.200000
36.023085,19.745190,-3.104539,3.200000
35.983099,19.744125,-3.108257,3.200000
35.943111,19.743158,-3.111707,3.200000
35.903121,19.742272,-3.114903,3.200000
35.863129,19.741448,-3.117901,3.200000
35.823137,19.740640,-3.120770,3.200000
35.783146,19.739804,-3.123568,3.200000
35.743154,19.738975,-3.126346,3.200000
35.703161,19.738241,-3.129150,3.200000
35.663166,19.737638,-3.132025,3.200000
35.623169,19.737149,-3.135048,3.200000
35.583170,19.736758,-3.138310,3.200000
35.543172,19.736460,3.141354,3.200000
35.503172,19.736259,3.137661,3.200000
35.463172,19.736177,3.133853,3.200000
35.423172,19.736243,3.129854,3.200000
35.383172,19.736482,3.125552,3.200000
35.343175,19.736918,3.120848,3.200000
35.303180,19.737570,3.115756,3.200000
35.263189,19.738454,3.110376,3.200000
35.223205,19.739595,3.104754,3.200000
35.183231,19.741042,3.098913,3.200000
35.143271,19.742831,3.092872,3.200000
35.103324,19.744900,3.086652,3.200000
35.063388,19.747162,3.080257,3.200000
35.023462,19.749607,3.073711,3.200000
34.983551,19.752275,3.067065,3.200000
34.943659,19.755218,3.060366,3.200000
34.903794,19.758503,3.053612,3.197860
34.863962,19.762169,3.046749,3.193149
34.824163,19.766182,3.039734,3.181149
34.784396,19.770500,3.032578,3.169149
34.744660,19.775091,3.025323,3.157149
34.704954,19.779931,3.018022,3.145149
34.665278,19.785016,3.010640,3.133149
34.625636,19.790355,3.003052,3.121149
34.586028,19.795946,2.995189,3.109149
34.546455,19.801772,2.987009,3.097149
34.506916,19.807831,2.978513,3.085149
34.467421,19.814172,2.969721,3.073149
34.427982,19.820852,2.960627,3.061149
34.388609,19.827910,2.951182,3.049149
34.349311,19.835373,2.941319,3.037149
34.310089,19.843223,2.930978,3.025149
34.270932,19.851398,2.920137,3.013831
34.231840,19.859877,2.908859,3.003994
34.192833,19.868736,2.897203,2.995689
34.153933,19.878057,2.885174,2.988954
34.115163,19.887907,2.872763,2.983908
34.076546,19.898339,2.859991,2.980717
34.038097,19.909376,2.846893,2.979447
33.999824,19.921012,2.833514,2.979447
33.961739,19.933247,2.819974,2.979447
33.923858,19.946100,2.806392,2.979447
33.886199,19.959585,2.792766,2.979447
33.848759,19.973673,2.779055,2.979447
33.811534,19.988316,2.765340,2.979447
33.774520,20.003485,2.751753,2.979447
33.737719,20.019164,2.738409,2.979447
33.701136,20.035347,2.725398,2.981587
33.664790,20.052053,2.712786,2.985892
33.628700,20.069303,2.700581,2.991971
33.592860,20.087067,2.688763,2.999604
33.557240,20.105272,2.677334,3.008723
33.521815,20.123850,2.666309,3.019240
33.486571,20.142770,2.655705,3.030997
33.451499,20.162006,2.645487,3.042997
33.416591,20.181537,2.635641,3.054997
33.381840,20.201346,2.626198,3.066997
33.347239,20.221416,2.617193,3.078997
33.312786,20.241738,2.608618,3.090997
33.278479,20.262308,2.600458,3.102997
33.244322,20.283126,2.592688,3.114997
33.210325,20.304203,2.585238,3.126997
33.176499,20.325552,2.578031,3.138997
33.142843,20.347170,2.571017,3.150997
33.109351,20.369041,2.564159,3.162997
33.076014,20.391146,2.557418,3.174997
33.042811,20.413453,2.550782,3.186997
33.009719,20.435925,2.544261,3.195539
32.976730,20.458548,2.537876,3.198730
32.943866,20.481350,2.531643,3.200000
32.911150,20.504365,2.525572,3.200000
32.878591,20.527602,2.519693,3.200000
32.846182,20.551047,2.514056,3.200000
32.813914,20.574686,2.508709,3.200000
32.781788,20.598518,2.503668,3.200000
32.749809,20.622547,2.498895,3.200000
32.717980,20.646774,2.494323,3.200000
32.686288,20.671180,2.489875,3.200000
32.654717,20.695742,2.485527,3.200000
32.623251,20.720439,2.481337,3.200000
32.591882,20.745258,2.477391,3.200000
32.560601,20.770188,2.473733,3.200000
32.529398,20.795214,2.470354,3.200000
32.498254,20.820316,2.467237,3.200000
32.467151,20.845468,2.464384,3.200000
32.436085,20.870665,2.461816,3.200000
32.405070,20.895925,2.459554,3.200000
32.374123,20.921269,2.457581,3.200000
32.343246,20.946697,2.455856,3.200000
32.312419,20.972186,2.454343,3.200000
32.281623,20.997713,2.453027,3.200000
32.250848,21.023265,2.451905,3.200000
32.220093,21.048841,2.450955,3.200000
32.189357,21.074439,2.450112,3.200000
32.158634,21.100055,2.449303,3.200000
32.127918,21.125677,2.448481,3.200000
32.097199,21.151296,2.447688,3.200000
32.066477,21.176911,2.446981,3.200000
32.035755,21.202527,2.446398,3.200000
32.005036,21.228146,2.445908,3.200000
31.974317,21.253766,2.445466,3.200000
31.943593,21.279379,2.445036,3.200000
31.912860,21.304982,2.444615,3.200000
31.882130,21.330587,2.444203,3.200000
31.851423,21.356221,2.443798,3.200000
31.820756,21.381902,2.443384,3.200000
31.790124,21.407625,2.442945,3.200000
31.759513,21.433374,2.442469,3.200000
31.728912,21.459134,2.441965,3.200000
31.698321,21.484906,2.441440,3.200000
31.667744,21.510694,2.440893,3.200000
31.637182,21.536501,2.440311,3.200000
31.606637,21.562327,2.439678,3.200000
31.576107,21.588170,2.439005,3.200000
31.545591,21.614031,2.438346,3.200000
31.515089,21.639909,2.437754,3.200000
31.484603,21.665804,2.437245,3.200000
31.454131,21.691718,2.436791,3.200000
31.423674,21.717648,2.436362,3.200000
31.393231,21.743595,2.435946,3.200000
31.362802,21.769557,2.435550,3.200000
31.332389,21.795539,2.435182,3.200000
31.301994,21.821541,2.434846,3.200000
31.271617,21.847565,2.434538,3.200000
31.241250,21.873600,2.434257,3.200000
31.210885,21.899638,2.434002,3.200000
31.180516,21.925671,2.433774,3.200000
31.150144,21.951701,2.433573,3.200000
31.119772,21.977731,2.433400,3.200000
31.089401,22.003762,2.433254,3.200000
31.059031,22.029794,2.433132,3.200000
31.028662,22.055826,2.433037,3.200000
30.998292,22.081858,2.432973,3.200000
30.967922,22.107890,2.432945,3.200000
30.937552,22.133922,2.432943,3.200000
30.907182,22.159955,2.432953,3.200000
30.876812,22.185987,2.432959,3.200000
30.846443,22.212019,2.432958,3.200000
30.816073,22.238052,2.432955,3.200000
30.785703,22.264084,2.432953,3.200000
30.755333,22.290116,2.432954,3.200000
30.724964,22.316149,2.432955,3.200000
30.694594,22.342181,2.432957,3.200000
30.664224,22.368213,2.432959,3.200000
30.633854,22.394245,2.432960,3.200000
30.603484,22.420277,2.432962,3.200000
30.573114,22.446309,2.432964,3.200000
30.542744,22.472341,2.432966,3.200000
30.512374,22.498372,2.432967,3.200000
30.482003,22.524404,2.432969,3.200000
30.451633,22.550435,2.432971,3.200000
30.421262,22.576466,2.432972,3.200000
30.390892,22.602498,2.432973,3.200000
30.360521,22.628529,2.432974,3.200000
30.330150,22.654560,2.432975,3.200000
30.299779,22.680591,2.432976,3.200000
30.269408,22.706622,2.432976,3.200000
30.239038,22.732653,2.432976,3.200000
30.208667,22.758684,2.432975,3.200000
30.178296,22.784715,2.432975,3.200000
30.147926,22.810747,2.432974,3.200000
30.117555,22.836778,2.432973,3.200000
30.087185,22.862809,2.432971,3.200000
30.056814,22.888841,2.432970,3.200000
30.026444,22.914872,2.432968,3.200000
29.996074,22.940904,2.432967,3.200000
29.965704,22.966936,2.432966,3.200000
29.935334,22.992968,2.432965,3.200000
29.904963,23.019000,2.432964,3.200000
29.874594,23.045032,2.432963,3.200000
29.844224,23.071064,2.432963,3.200000
29.813854,23.097096,2.432963,3.200000
29.783484,23.123128,2.432964,3.200000
29.753114,23.149160,2.432964,3.200000
29.722744,23.175192,2.432965,3.200000
29.692374,23.201224,2.432965,3.200000
29.662004,23.227256,2.432966,3.200000
29.631634,23.253287,2.432967,3.200000
29.601263,23.279319,2.432969,3.200000
29.570893,23.305351,2.432970,3.200000
29.540523,23.331382,2.432971,3.200000
29.510152,23.357413,2.432972,3.200000
29.479781,23.383445,2.432973,3.200000
29.449411,23.409476,2.432974,3.200000
29.419040,23.435507,2.432975,3.200000
29.388669,23.461538,2.432975,3.200000
29.358299,23.487569,2.432975,3.200000
29.327928,23.513600,2.432976,3.200000
29.297557,23.539631,2.432976,3.200000
29.267186,23.565663,2.432975,3.200000
29.236816,23.591694,2.432974,3.200000
29.206445,23.617725,2.432973,3.200000
29.176075,23.643757,2.432971,3.200000
29.145704,23.669788,2.432970,3.200000
29.115334,23.695819,2.432968,3.200000
29.084964,23.721851,2.432966,3.200000
29.054593,23.747883,2.432965,3.200000
29.024223,23.773914,2.432963,3.200000
28.993853,23.799946,2.432962,3.200000
28.963483,23.825978,2.432960,3.200000
28.933113,23.852010,2.432959,3.200000
28.902743,23.878042,2.432958,3.200000
28.872373,23.904074,2.432958,3.200000
28.842003,23.930107,2.432957,3.200000
28.811634,23.956139,2.432957,3.200000
28.781264,23.982171,2.432957,3.200000
28.750894,24.008203,2.432957,3.200000
28.720524,24.034235,2.432957,3.200000
28.690154,24.060268,2.432957,3.200000
28.659785,24.086300,2.432958,3.200000
28.629414,24.112332,2.432962,3.200000
28.599044,24.138363,2.432965,3.200000
28.568674,24.164395,2.432964,3.200000
28.538304,24.190427,2.432955,3.200000
28.507934,24.216459,2.432948,3.200000
28.477563,24.242490,2.432959,3.200000
28.447193,24.268522,2.433004,3.200000
28.416823,24.294553,2.433081,3.200000
28.386453,24.320585,2.433188,3.200000
28.356082,24.346617,2.433320,3.200000
28.325711,24.372647,2.433478,3.200000
28.295339,24.398677,2.433662,3.200000
28.264968,24.424708,2.433874,3.200000
28.234601,24.450743,2.434113,3.200000
28.204237,24.476781,2.434379,3.200000
28.173866,24.502813,2.434671,3.200000
28.143482,24.528828,2.434990,3.200000
28.113078,24.554821,2.435340,3.200000
28.082658,24.580794,2.435720,3.200000
28.052223,24.606750,2.436126,3.200000
28.021774,24.632689,2.436549,3.200000
27.991311,24.658612,2.436986,3.200000
27.960833,24.684518,2.437462,3.200000
27.930340,24.710406,2.438006,3.200000
27.899832,24.736276,2.438636,3.200000
27.869310,24.762129,2.439308,3.200000
27.838773,24.787965,2.439970,3.200000
27.808220,24.813783,2.440580,3.200000
27.777651,24.839581,2.441145,3.200000
27.747067,24.865361,2.441680,3.200000
27.716471,24.891127,2.442195,3.200000
27.685866,24.916882,2.442687,3.200000
27.655247,24.942621,2.443152,3.200000
27.624601,24.968327,2.443588,3.200000
27.593915,24.993985,2.443996,3.200000
27.563195,25.019603,2.444381,3.200000
27.532460,25.045204,2.444742,3.200000
27.501730,25.070810,2.445070,3.200000
27.471009,25.096427,2.445356,3.200000
27.440292,25.122048,2.445606,3.200000
27.409572,25.147666,2.445853,3.200000
27.378850,25.173282,2.446130,3.200000
27.348128,25.198897,2.446431,3.200000
27.317407,25.224514,2.446691,3.200000
27.286686,25.250130,2.446844,3.200000
27.255963,25.275746,2.446873,3.200000
27.225239,25.301359,2.446839,3.200000
27.194516,25.326973,2.446803,3.200000
27.163797,25.352593,2.446798,3.200000
27.133085,25.378220,2.446809,3.200000
27.102368,25.403841,2.446817,3.200000
27.071632,25.429440,2.446817,3.200000
27.040869,25.455007,2.446815,3.200000
27.010096,25.480561,2.446818,3.200000
26.979336,25.506130,2.446822,3.200000
26.948602,25.531732,2.446817,3.200000
26.917886,25.557355,2.446795,3.200000
26.887174,25.582982,2.446777,3.200000
26.856455,25.608601,2.446797,3.200000
26.825731,25.634215,2.446883,3.200000
26.795008,25.659829,2.446996,3.200000
26.764286,25.685445,2.447069,3.200000
26.733565,25.711062,2.447039,3.200000
26.702843,25.736677,2.446935,3.200000
26.672119,25.762291,2.446825,3.200000
26.641398,25.787907,2.446772,3.200000
26.610683,25.813531,2.446774,3.200000
26.579971,25.839159,2.446796,3.200000
26.549249,25.864774,2.446807,3.200000
26.518502,25.890360,2.446805,3.200000
26.487733,25.915919,2.446801,3.200000
26.456963,25.941477,2.446805,3.200000
26.426214,25.967060,2.446808,3.200000
26.395490,25.992674,2.446799,3.200000
26.364778,26.018301,2.446777,3.200000
26.334063,26.043925,2.446773,3.200000
26.303342,26.069542,2.446821,3.200000
26.272618,26.095155,2.446929,3.200000
26.241896,26.120770,2.447037,3.200000
26.211175,26.146387,2.447076,3.200000
26.180453,26.172003,2.447011,3.200000
26.149730,26.197617,2.446899,3.200000
26.119006,26.223230,2.446807,3.200000
26.088286,26.248848,2.446782,3.200000
26.057573,26.274475,2.446798,3.200000
26.026858,26.300098,2.446821,3.200000
25.996126,26.325702,2.446829,3.200000
25.965367,26.351274,2.446823,3.200000
25.934594,26.376828,2.446812,3.200000
25.903830,26.402393,2.446805,3.200000
25.873091,26.427988,2.446809,3.200000
25.842373,26.453608,2.446829,3.200000
25.811661,26.479236,2.446882,3.200000
25.780943,26.504857,2.446997,3.200000
25.750220,26.530471,2.447203,3.200000
25.719496,26.556084,2.447475,3.200000
25.688773,26.581698,2.447745,3.200000
25.658051,26.607315,2.447950,3.200000
25.627333,26.632934,2.448097,3.200000
25.596615,26.658555,2.448253,3.200000
25.565895,26.684173,2.448484,3.200000
25.535167,26.709781,2.448805,3.200000
25.504425,26.735373,2.449185,3.200000
25.473658,26.760934,2.449590,3.200000
25.442852,26.786450,2.450007,3.200000
25.412008,26.811918,2.450436,3.200000
25.381145,26.837363,2.450886,3.200000
25.350284,26.862811,2.451379,3.200000
25.319434,26.888272,2.451939,3.200000
25.288583,26.913732,2.452579,3.200000
25.257717,26.939174,2.453268,3.200000
25.226829,26.964589,2.453968,3.200000
25.195922,26.989981,2.454642,3.200000
25.164998,27.015353,2.455243,3.200000
25.134060,27.040708,2.455719,3.200000
25.103111,27.066049,2.456042,3.200000
25.072153,27.091378,2.456258,3.200000
25.041178,27.116688,2.456433,3.200000
25.010177,27.141964,2.456613,3.200000
24.979137,27.167193,2.456778,3.200000
24.948063,27.192381,2.456893,3.200000
24.916971,27.217546,2.456938,3.200000
24.885875,27.242707,2.456922,3.200000
24.854791,27.267882,2.456864,3.200000
24.823734,27.293090,2.456786,3.200000
24.792716,27.318347,2.456715,3.200000
24.761732,27.343644,2.456675,3.200000
24.730767,27.368966,2.456645,3.200000
24.699812,27.394299,2.456564,3.200000
24.668868,27.419647,2.456373,3.200000
24.637941,27.445014,2.456065,3.200000
24.607032,27.470404,2.455689,3.200000
24.576137,27.495811,2.455294,3.200000
24.545251,27.521228,2.454922,3.200000
24.514364,27.546645,2.454613,3.200000
24.483468,27.572050,2.454406,3.200000
24.452549,27.597428,2.454303,3.200000
24.421607,27.622776,2.454271,3.200000
24.390659,27.648119,2.454282,3.200000
24.359728,27.673481,2.454348,3.200000
24.328822,27.698875,2.454503,3.200000
24.297932,27.724288,2.454768,3.200000
24.267047,27.749707,2.455115,3.200000
24.236157,27.775119,2.455504,3.200000
24.205255,27.800518,2.455895,3.200000
24.174336,27.825895,2.456241,3.200000
24.143400,27.851251,2.456492,3.200000
24.112449,27.876590,2.456618,3.200000
24.081490,27.901918,2.456664,3.200000
24.050516,27.927229,2.456692,3.200000
24.019515,27.952506,2.456751,3.200000
23.988475,27.977736,2.456829,3.200000
23.957402,28.002925,2.456898,3.200000
23.926310,28.028090,2.456933,3.200000
23.895215,28.053251,2.456920,3.200000
23.864131,28.078426,2.456844,3.200000
23.833073,28.103634,2.456705,3.200000
23.802055,28.128889,2.456522,3.200000
23.771069,28.154186,2.456317,3.200000
23.740105,28.179507,2.456062,3.200000
23.709151,28.204842,2.455682,3.200000
23.678207,28.230190,2.455104,3.200000
23.647278,28.255555,2.454320,3.200000
23.616364,28.280938,2.453382,3.200000
23.585467,28.306342,2.452345,3.200000
23.554588,28.331769,2.451248,3.200000
23.523727,28.357217,2.450128,3.200000
23.492878,28.382679,2.449022,3.200000
23.462031,28.408145,2.447939,3.200000
23.431192,28.433619,2.446854,3.200000
23.400384,28.459131,2.445742,3.200000
23.369636,28.484716,2.444593,3.200000
23.338963,28.510389,2.443412,3.200000
23.308352,28.536138,2.442203,3.200000
23.277791,28.561945,2.440973,3.200000
23.247268,28.587799,2.439728,3.200000
23.216780,28.613692,2.438472,3.200000
23.186322,28.639621,2.437186,3.200000
23.155891,28.665581,2.435844,3.200000
23.125488,28.691575,2.434427,3.200000
23.095115,28.717603,2.433008,3.200000
23.064771,28.743666,2.431688,3.200000
23.034458,28.769764,2.430556,3.200000
23.004175,28.795897,2.429594,3.200000
22.973921,28.822064,2.428749,3.200000
22.943695,28.848263,2.427977,3.200000
22.913494,28.874491,2.427256,3.200000
22.883322,28.900752,2.426575,3.200000
22.853185,28.927054,2.425920,3.200000
22.823091,28.953403,2.425283,3.200000
22.793028,28.979790,2.424657,3.200000
22.762971,29.006183,2.424032,3.200000
22.732894,29.032553,2.423401,3.200000
22.702790,29.058892,2.422752,3.200000
22.672672,29.085214,2.422075,3.200000
22.642551,29.111535,2.421369,3.200000
22.612437,29.137863,2.420631,3.200000
22.582333,29.164201,2.419863,3.200000
22.552241,29.190554,2.419079,3.200000
22.522164,29.216925,2.418297,3.200000
22.492109,29.243319,2.417526,3.200000
22.462080,29.269743,2.416708,3.200000
22.432082,29.296203,2.415776,3.200000
22.402121,29.322706,2.414674,3.200000
22.372205,29.349257,2.413435,3.200000
22.342334,29.375861,2.412109,3.200000
22.312508,29.402515,2.410743,3.200000
22.282727,29.429218,2.409360,3.200000
22.252988,29.455969,2.407980,3.200000
22.223288,29.482763,2.406621,3.200000
22.193626,29.509599,2.405306,3.200000
22.164004,29.536479,2.404059,3.200000
22.134434,29.563417,2.402903,3.200000
22.104927,29.590422,2.401870,3.200000
22.075482,29.617496,2.400996,3.200000
22.046085,29.644622,2.400314,3.200000
22.016722,29.671786,2.399824,3.200000
21.987382,29.698973,2.399507,3.200000
21.958055,29.726174,2.399345,3.200000
21.928734,29.753382,2.399322,3.200000
21.899411,29.780588,2.399426,3.200000
21.870077,29.807783,2.399650,3.200000
21.840725,29.834957,2.400002,3.200000
21.811345,29.862102,2.400497,3.200000
21.781923,29.889201,2.401142,3.200000
21.752445,29.916239,2.401908,3.200000
21.722903,29.943207,2.402749,3.200000
21.693304,29.970111,2.403619,3.200000
21.663656,29.996963,2.404485,3.200000
21.633969,30.023771,2.405315,3.200000
21.604246,30.050540,2.406077,3.200000
21.574491,30.077273,2.406744,3.200000
21.544708,30.103974,2.407290,3.200000
21.514900,30.130649,2.407689,3.200000
21.485072,30.157299,2.407899,3.200000
21.455226,30.183931,2.407861,3.200000
21.425374,30.210555,2.407516,3.200000
21.395526,30.237184,2.406851,3.200000
21.365694,30.263830,2.405894,3.200000
21.335886,30.290504,2.404672,3.200000
21.306113,30.317216,2.403203,3.200000
21.276383,30.343978,2.401491,3.200000
21.246705,30.370795,2.399542,3.200000
21.217083,30.397676,2.397360,3.200000
21.187527,30.424629,2.394954,3.200000
21.158054,30.451672,2.392331,3.200000
21.128682,30.478826,2.389504,3.200000
21.099429,30.506106,2.386492,3.200000
21.070293,30.533513,2.383313,3.200000
21.041268,30.561038,2.379985,3.200000
21.012350,30.588674,2.376527,3.200000
20.983538,30.616421,2.372957,3.200000
20.954833,30.644278,2.369290,3.200000
20.926236,30.672246,2.365528,3.200000
20.897747,30.700325,2.361672,3.200000
20.869367,30.728514,2.357734,3.200000
20.841095,30.756810,2.353769,3.200000
20.812931,30.785215,2.349846,3.200000
20.784877,30.813727,2.346011,3.200000
20.756933,30.842349,2.342270,3.200000
20.729101,30.871078,2.338624,3.200000
20.701379,30.899914,2.335078,3.200000
20.673767,30.928855,2.331647,3.200000
20.646268,30.957904,2.328351,3.200000
20.618889,30.987066,2.325208,3.200000
20.591637,31.016346,2.322236,3.200000
20.564510,31.045742,2.319452,3.200000
20.537489,31.075236,2.316877,3.200000
20.510553,31.104808,2.314521,3.200000
20.483687,31.134443,2.312391,3.200000
20.456883,31.164133,2.310494,3.200000
20.430133,31.193873,2.308836,3.200000
20.403431,31.223655,2.307422,3.200000
20.376764,31.253469,2.306257,3.200000
20.350123,31.283306,2.305363,3.200000
20.323496,31.313156,2.304767,3.200000
20.296871,31.343007,2.304496,3.200000
20.270236,31.372850,2.304518,3.200000
20.243580,31.402674,2.304775,3.200000
20.216900,31.432477,2.305210,3.200000
20.190192,31.462253,2.305785,3.200000
20.163451,31.492001,2.306475,3.200000
20.136674,31.521717,2.307256,3.200000
20.109857,31.551396,2.308097,3.200000
20.082994,31.581033,2.308967,3.200000
20.056076,31.610621,2.309832,3.200000
20.029093,31.640149,2.310657,3.200000
20.002040,31.669613,2.311400,3.200000
19.974930,31.699024,2.312019,3.200000
19.947777,31.728397,2.312491,3.200000
19.920597,31.757744,2.312815,3.200000
19.893400,31.787075,2.312989,3.200000
19.866192,31.816397,2.313011,3.200000
19.838985,31.845718,2.312872,3.200000
19.811785,31.875047,2.312564,3.200000
19.784603,31.904392,2.312074,3.200000
19.757449,31.933763,2.311381,3.200000
19.730334,31.963170,2.310467,3.200000
19.703272,31.992626,2.309339,3.200000
19.676277,32.022143,2.308032,3.200000
19.649349,32.051721,2.306583,3.200000
19.622485,32.081358,2.305021,3.200000
19.595683,32.111051,2.303370,3.200000
19.568942,32.140799,2.301657,3.200000
19.542264,32.170603,2.299902,3.200000
19.515649,32.200464,2.298118,3.200000
19.489100,32.230382,2.296315,3.200000
19.462617,32.260361,2.294511,3.200000
19.436204,32.290400,2.292727,3.200000
19.409856,32.320496,2.290987,3.200000
19.383567,32.350644,2.289304,3.200000
19.357330,32.380837,2.287672,3.200000
19.331138,32.411069,2.286084,3.200000
19.304985,32.441335,2.284539,3.200000
19.278863,32.471628,2.283040,3.200000
19.252773,32.501947,2.281593,3.200000
19.226715,32.532296,2.280195,3.200000
19.200693,32.562674,2.278836,3.200000
19.174707,32.593083,2.277506,3.200000
19.148755,32.623521,2.276192,3.200000
19.122837,32.653989,2.274880,3.200000
19.096954,32.684486,2.273552,3.200000
19.071107,32.715014,2.272183,3.200000
19.045297,32.745572,2.270739,3.200000
19.019521,32.776160,2.269187,3.200000
18.993777,32.806775,2.267533,3.200000
18.968066,32.837417,2.265812,3.200000
18.942393,32.868091,2.264059,3.200000
18.916767,32.898804,2.262292,3.200000
18.891197,32.929564,2.260521,3.200000
18.865688,32.960375,2.258752,3.200000
18.840243,32.991239,2.256977,3.200000
18.814870,33.022161,2.255184,3.200000
18.789580,33.053152,2.253360,3.200000
18.764390,33.084224,2.251482,3.200000
18.739305,33.115381,2.249525,3.200000
18.714307,33.146608,2.247475,3.200000
18.689376,33.177887,2.245372,3.200000
18.664494,33.209207,2.243266,3.200000
18.639655,33.240560,2.241196,3.200000
18.614853,33.271942,2.239173,3.200000
18.590086,33.303352,2.237203,3.200000
18.565363,33.334797,2.235305,3.200000
18.540692,33.366284,2.233522,3.200000
18.516087,33.397821,2.231904,3.200000
18.491562,33.429420,2.230452,3.200000
18.467130,33.461092,2.229110,3.200000
18.442782,33.492827,2.227809,3.200000
18.418492,33.524608,2.226514,3.200000
18.394238,33.556416,2.225218,3.200000
18.370013,33.588246,2.223919,3.200000
18.345819,33.620099,2.222616,3.200000
18.321650,33.651972,2.221325,3.200000
18.297493,33.683854,2.220072,3.200000
18.273329,33.715730,2.218903,3.200000
18.249152,33.747597,2.217869,3.200000
18.224987,33.779472,2.216984,3.200000
18.200862,33.811378,2.216195,3.200000
18.176792,33.843325,2.215404,3.200000
18.152771,33.875310,2.214560,3.200000
18.128796,33.907328,2.213653,3.200000
18.104860,33.939376,2.212699,3.200000
18.080958,33.971450,2.211699,3.200000
18.057086,34.003545,2.210631,3.200000
18.033228,34.035651,2.209466,3.200000
18.009362,34.067751,2.208179,3.200000
17.985476,34.099836,2.206789,3.200000
17.961599,34.131929,2.205339,3.200000
17.937775,34.164060,2.203865,3.200000
17.914033,34.196252,2.202364,3.200000
17.890369,34.228501,2.200831,3.200000
17.866772,34.260799,2.199269,3.200000
17.843235,34.293142,2.197678,3.200000
17.819763,34.325531,2.196025,3.200000
17.796357,34.357968,2.194257,3.200000
17.773021,34.390455,2.192320,3.200000
17.749752,34.422991,2.190239,3.200000
17.726551,34.455575,2.188093,3.200000
17.703418,34.488207,2.185990,3.200000
17.680356,34.520890,2.183982,3.200000
17.657367,34.553623,2.182072,3.200000
17.634444,34.586404,2.180225,3.200000
17.611582,34.619227,2.178402,3.200000
17.588784,34.652094,2.176581,3.200000
17.566076,34.685023,2.174788,3.200000
17.543483,34.718032,2.173057,3.200000
17.520995,34.751112,2.171407,3.200000
17.498563,34.784230,2.169821,3.200000
17.476145,34.817358,2.168276,3.200000
17.453733,34.850489,2.166754,3.200000
17.431333,34.883629,2.165226,3.200000
17.408957,34.916785,2.163662,3.200000
17.386620,34.949967,2.162087,3.200000
17.364337,34.983186,2.160552,3.200000
17.342113,35.016443,2.159125,3.200000
17.319925,35.049726,2.157810,3.200000
17.297756,35.083020,2.156583,3.200000
17.275605,35.116327,2.155345,3.200000
17.253486,35.149655,2.153988,3.200000
17.231414,35.183014,2.152432,3.200000
17.209409,35.216418,2.150694,3.200000
17.187493,35.249879,2.148811,3.200000
17.165666,35.283399,2.146825,3.200000
17.143891,35.316953,2.144774,3.200000
17.122128,35.350514,2.142691,3.200000
17.100377,35.384084,2.140566,3.200000
17.078670,35.417681,2.138379,3.200000
17.057038,35.451328,2.136121,3.200000
17.035511,35.485041,2.133838,3.200000
17.014115,35.518838,2.131586,3.200000
16.992864,35.552726,2.129403,3.200000
16.971743,35.586695,2.127261,3.200000
16.950734,35.620734,2.125121,3.200000
16.929824,35.654834,2.122943,3.200000
16.909006,35.688989,2.120710,3.200000
16.888271,35.723195,2.118423,3.200000
16.867611,35.757447,2.116192,3.200000
16.847020,35.791740,2.114140,3.200000
16.826485,35.826067,2.112364,3.200000
16.805981,35.860412,2.110920,3.200000
16.785486,35.894762,2.109858,3.200000
16.765018,35.929129,2.109140,3.200000
16.744625,35.963540,2.108688,3.200000
16.724338,35.998014,2.108435,3.200000
16.704139,36.032539,2.108379,3.200000
16.683996,36.067098,2.108524,3.200000
16.663869,36.101665,2.108863,3.200000
16.643702,36.136209,2.109373,3.200000
16.623444,36.170699,2.110033,3.200000
16.603072,36.205123,2.110835,3.200000
16.582574,36.239472,2.111780,3.200000
16.561955,36.273748,2.112872,3.200000
16.541249,36.307972,2.114132,3.200000
16.520491,36.342164,2.115585,3.200000
16.499692,36.376332,2.117198,3.200000
16.478842,36.410468,2.118890,3.200000
16.457932,36.444567,2.120580,3.200000
16.436966,36.478632,2.122139,3.200000
16.415955,36.512670,2.123426,3.200000
16.394895,36.546677,2.124344,3.200000
16.373765,36.580640,2.124903,3.200000
16.352541,36.614545,2.125121,3.200000
16.331232,36.648397,2.125052,3.200000
16.309868,36.682213,2.124764,3.200000
16.288478,36.716014,2.124310,3.200000
16.267088,36.749815,2.123678,3.200000
16.245725,36.783632,2.122850,3.200000
16.224422,36.817488,2.121818,3.200000
16.203224,36.851409,2.120595,3.200000
16.182171,36.885420,2.119193,3.200000
16.161269,36.919525,2.117590,3.200000
16.140494,36.953707,2.115749,3.200000
16.119825,36.987953,2.113651,3.200000
16.099251,37.022256,2.111332,3.200000
16.078761,37.056610,2.108832,3.200000
16.058353,37.091012,2.106237,3.200000
16.038027,37.125463,2.103683,3.200000
16.017787,37.159965,2.101296,3.200000
15.997635,37.194517,2.099142,3.200000
15.977570,37.229120,2.097271,3.200000
15.957591,37.263774,2.095702,3.200000
15.937700,37.298478,2.094359,3.200000
15.917897,37.333232,2.093160,3.200000
15.898183,37.368037,2.092086,3.200000
15.878559,37.402892,2.091143,3.200000
15.859015,37.437792,2.090331,3.200000
15.839492,37.472704,2.089611,3.200000
15.819917,37.507587,2.088947,3.200000
15.800256,37.542422,2.088349,3.200000
15.780512,37.577209,2.087871,3.200000
15.760698,37.611957,2.087565,3.200000
15.740844,37.646682,2.087448,3.200000
15.720984,37.681403,2.087534,3.200000
15.701139,37.716133,2.087794,3.200000
15.681296,37.750865,2.088128,3.200000
15.661442,37.785589,2.088438,3.200000
15.641586,37.820314,2.088668,3.200000
15.621761,37.855055,2.088746,3.200000
15.601984,37.889824,2.088601,3.200000
15.582226,37.924604,2.088224,3.200000
15.562449,37.959372,2.087625,3.200000
15.542625,37.994114,2.086816,3.200000
15.522746,38.028825,2.085834,3.200000
15.502812,38.063504,2.084720,3.200000
15.482875,38.098181,2.083525,3.200000
15.463011,38.132900,2.082286,3.200000
15.443265,38.167687,2.081011,3.200000
15.423624,38.202533,2.079710,3.200000
15.404071,38.237428,2.078395,3.200000
15.384601,38.272370,2.077016,3.200000
15.365215,38.307358,2.075475,3.200000
15.345919,38.342397,2.073729,3.200000
15.326723,38.377490,2.071863,3.200000
15.307636,38.412642,2.069962,3.200000
15.288641,38.447844,2.068025,3.200000
15.269695,38.483073,2.066081,3.200000
15.250763,38.518309,2.064203,3.200000
15.231855,38.553558,2.062477,3.200000
15.212992,38.588831,2.060954,3.200000
15.194200,38.624142,2.059605,3.200000
15.175512,38.659508,2.058390,3.200000
15.156950,38.694940,2.057276,3.200000
15.138464,38.730412,2.056268,3.200000
15.119976,38.765883,2.055374,3.200000
15.101456,38.801338,2.054574,3.200000
15.082951,38.836800,2.053777,3.200000
15.064504,38.872292,2.052903,3.200000
15.046091,38.907802,2.051982,3.200000
15.027653,38.943299,2.051099,3.200000
15.009158,38.978767,2.050258,3.200000
14.990633,39.014218,2.049418,3.200000
14.972108,39.049670,2.048564,3.200000
14.953598,39.085130,2.047738,3.200000
14.935107,39.120599,2.046907,3.200000
14.916645,39.156084,2.045959,3.200000
14.898237,39.191596,2.044839,3.200000
14.879909,39.227150,2.043551,3.200000
14.861650,39.262740,2.042166,3.200000
14.843418,39.298343,2.040670,3.200000
14.825194,39.333951,2.038987,3.200000
14.807026,39.369587,2.037071,3.200000
14.788973,39.405281,2.034928,3.200000
14.771037,39.441034,2.032618,3.200000
14.753167,39.476821,2.030186,3.200000
14.735336,39.512627,2.027660,3.200000
14.717590,39.548475,2.025076,3.200000
14.699991,39.584395,2.022489,3.200000
14.682547,39.620391,2.019945,3.200000
14.665216,39.656442,2.017426,3.200000
14.647965,39.692531,2.014878,3.200000
14.630823,39.728672,2.012309,3.200000
14.613827,39.764881,2.009797,3.200000
14.596983,39.801162,2.007435,3.200000
14.580264,39.837501,2.005205,3.200000
14.563645,39.873885,2.003043,3.200000
14.547115,39.910309,2.000945,3.200000
14.530665,39.946770,1.998992,3.200000
14.514279,39.983260,1.997279,3.200000
14.497935,40.019769,1.995792,3.200000
14.481618,40.056289,1.994486,3.200000
14.465336,40.092826,1.993366,3.200000
14.449101,40.129383,1.992471,3.200000
14.432899,40.165955,1.991782,3.200000
14.416705,40.202530,1.991212,3.200000
14.400499,40.239100,1.990720,3.200000
14.384291,40.275669,1.990300,3.200000
14.368092,40.312242,1.989952,3.200000
14.351891,40.348814,1.989656,3.200000
14.335665,40.385375,1.989382,3.200000
14.319394,40.421917,1.989098,3.200000
14.303073,40.458436,1.988804,3.200000
14.286699,40.494930,1.988518,3.200000
14.270304,40.531416,1.988245,3.200000
14.253936,40.567914,1.987951,3.200000
14.237622,40.604436,1.987599,3.200000
14.221352,40.640978,1.987189,3.200000
14.205115,40.677534,1.986737,3.200000
14.188910,40.714104,1.986248,3.200000
14.172742,40.750691,1.985693,3.200000
14.156610,40.787294,1.985043,3.200000
14.140516,40.823913,1.984282,3.200000
14.124458,40.860549,1.983403,3.200000
14.108436,40.897200,1.982416,3.200000
14.092450,40.933867,1.981381,3.200000
14.076502,40.970550,1.980369,3.200000
14.060590,41.007248,1.979389,3.200000
14.044715,41.043963,1.978402,3.200000
14.028877,41.080694,1.977365,3.200000
14.013075,41.117441,1.976259,3.200000
13.997311,41.154204,1.975102,3.200000
13.981584,41.190982,1.973906,3.200000
13.965893,41.227776,1.972657,3.200000
13.950240,41.264586,1.971329,3.200000
13.934628,41.301413,1.969892,3.200000
13.919052,41.338256,1.968300,3.200000
13.903504,41.375111,1.966520,3.200000
13.887989,41.411979,1.964617,3.200000
13.872531,41.448872,1.962674,3.200000
13.857154,41.485798,1.960706,3.200000
13.841860,41.522759,1.958672,3.200000
13.826638,41.559749,1.956529,3.200000
13.811487,41.596769,1.954231,3.200000
13.796425,41.633825,1.951738,3.200000
13.781470,41.670924,1.949106,3.200000
13.766656,41.708080,1.946427,3.200000
13.752017,41.745305,1.943727,3.200000
13.737541,41.782594,1.940927,3.200000
13.723167,41.819922,1.937990,3.200000
13.708847,41.857271,1.934997,3.200000
13.694601,41.894648,1.932033,3.200000
13.680461,41.932065,1.929155,3.200000
13.666461,41.969536,1.926427,3.200000
13.652639,42.007072,1.923895,3.200000
13.638995,42.044673,1.921489,3.200000
13.625465,42.082315,1.919146,3.200000
13.611989,42.119977,1.916944,3.200000
13.598590,42.157666,1.914986,3.200000
13.585324,42.195402,1.913282,3.200000
13.572197,42.233187,1.911823,3.200000
13.559162,42.271004,1.910642,3.200000
13.546167,42.308834,1.909690,3.200000
13.533152,42.346657,1.908900,3.200000
13.520066,42.384456,1.908345,3.200000
13.506939,42.422241,1.908179,3.200000
13.493851,42.460039,1.908406,3.200000
13.480834,42.497862,1.908864,3.200000
13.467838,42.535692,1.909446,3.200000
13.454806,42.573509,1.910152,3.200000
13.441678,42.611294,1.910969,3.200000
13.428400,42.649026,1.911861,3.200000
13.414990,42.686711,1.912861,3.200000
13.401533,42.724379,1.913972,3.200000
13.388075,42.762048,1.915066,3.200000
13.374546,42.799690,1.916041,3.200000
13.360869,42.837279,1.916916,3.200000
13.347058,42.874819,1.917713,3.200000
13.333170,42.912331,1.918380,3.200000
13.319263,42.949836,1.918947,3.200000
13.305391,42.987353,1.919436,3.200000
13.291591,43.024897,1.919711,3.200000
13.277810,43.062449,1.919620,3.200000
13.263974,43.099979,1.919221,3.200000
13.250077,43.137488,1.918672,3.200000
13.236173,43.174993,1.917990,3.200000
13.222316,43.212517,1.917107,3.200000
13.208566,43.250079,1.916005,3.200000
13.194970,43.287697,1.914706,3.200000
13.181487,43.325357,1.913196,3.200000
13.168034,43.363027,1.911503,3.200000
13.154593,43.400701,1.909738,3.200000
13.141236,43.438405,1.907937,3.200000
13.128031,43.476162,1.906048,3.200000
13.114959,43.513966,1.904045,3.200000
13.101985,43.551804,1.901942,3.200000
13.089072,43.589662,1.899717,3.200000
13.076187,43.627530,1.897387,3.200000
13.063325,43.665406,1.895081,3.200000
13.050548,43.703310,1.892877,3.200000
13.037917,43.741263,1.890672,3.200000
13.025424,43.779263,1.888359,3.200000
13.013035,43.817296,1.885987,3.200000
13.000715,43.855351,1.883655,3.200000
12.988427,43.893417,1.881398,3.200000
12.976158,43.931489,1.879205,3.200000
12.963970,43.969587,1.877066,3.200000
12.951931,44.007732,1.874939,3.200000
12.940034,44.045922,1.872773,3.200000
12.928230,44.084141,1.870611,3.200000
12.916497,44.122382,1.868544,3.200000
12.904842,44.160646,1.866618,3.200000
12.893275,44.198937,1.864789,3.200000
12.881803,44.237257,1.863014,3.200000
12.870430,44.275606,1.861246,3.200000
12.859138,44.313979,1.859442,3.200000
12.847897,44.352367,1.857637,3.200000
12.836688,44.390765,1.855923,3.200000
12.825520,44.429174,1.854354,3.200000
12.814398,44.467596,1.852883,3.200000
12.803322,44.506032,1.851461,3.200000
12.792291,44.544481,1.850066,3.200000
12.781302,44.582942,1.848681,3.200000
12.770359,44.621416,1.847286,3.200000
12.759460,44.659903,1.845864,3.200000
12.748605,44.698402,1.844391,3.200000
12.737793,44.736913,1.842810,3.200000
12.727027,44.775437,1.841073,3.200000
12.716307,44.813974,1.839239,3.200000
12.705631,44.852523,1.837411,3.200000
12.694992,44.891082,1.835617,3.200000
12.684393,44.929652,1.833797,3.200000
12.673859,44.968240,1.831902,3.200000
12.663414,45.006852,1.829919,3.200000
12.653079,45.045494,1.827838,3.200000
12.642873,45.084170,1.825615,3.200000
12.632814,45.122885,1.823197,3.200000
12.622915,45.161641,1.820592,3.200000
12.613161,45.200433,1.817873,3.200000
12.603484,45.239245,1.815112,3.200000
12.593827,45.278062,1.812364,3.200000
12.584213,45.316889,1.809683,3.200000
12.574688,45.355739,1.807073,3.200000
12.565274,45.394615,1.804532,3.200000
12.555980,45.433521,1.802029,3.200000
12.546827,45.472460,1.799508,3.200000
12.537856,45.511441,1.796953,3.200000
12.529095,45.550469,1.794424,3.200000
12.520503,45.589536,1.791981,3.200000
12.512022,45.628627,1.789605,3.200000
12.503596,45.667729,1.787250,3.200000
12.495173,45.706832,1.784961,3.200000
12.486732,45.745931,1.782880,3.200000
12.478299,45.785032,1.781077,3.200000
12.469909,45.824143,1.779483,3.200000
12.461622,45.863275,1.778033,3.200000
12.453494,45.902440,1.776702,3.200000
12.445519,45.941638,1.775482,3.200000
12.437659,45.980858,1.774378,3.200000
12.429876,46.020093,1.773360,3.200000
12.422135,46.059337,1.772406,3.200000
12.414392,46.098581,1.771507,3.200000
12.406579,46.137810,1.770655,3.200000
12.398641,46.177015,1.769908,3.200000
12.390615,46.216201,1.769333,3.200000
12.382566,46.255383,1.768940,3.200000
12.374553,46.294572,1.768739,3.200000
12.366630,46.333780,1.768702,3.200000
12.358822,46.373010,1.768717,3.200000
12.351100,46.412258,1.768705,3.200000
12.343429,46.451515,1.768660,3.200000
12.335765,46.490774,1.768584,3.200000
12.328063,46.530026,1.768457,3.200000
12.320285,46.569262,1.768251,3.200000
12.312398,46.608477,1.767990,3.200000
12.304407,46.647671,1.767796,3.200000
12.296364,46.686854,1.767741,3.200000
12.288328,46.726038,1.767825,3.200000
12.280354,46.765235,1.768040,3.200000
12.272492,46.804455,1.768300,3.200000
12.264732,46.843695,1.768501,3.200000
12.257041,46.882949,1.768618,3.200000
12.249380,46.922208,1.768647,3.200000
12.241702,46.961465,1.768570,3.200000
12.233964,47.000709,1.768354,3.200000
12.226134,47.039935,1.767991,3.200000
12.218187,47.079138,1.767581,3.200000
12.210163,47.118325,1.767234,3.200000
12.202115,47.157507,1.766968,3.200000
12.194103,47.196697,1.766780,3.200000
12.186186,47.235905,1.766631,3.200000
12.178384,47.275137,1.766413,3.200000
12.170659,47.314384,1.766054,3.200000
12.162975,47.353639,1.765546,3.200000
12.155316,47.392899,1.764879,3.200000
12.147670,47.432161,1.764041,3.200000
12.140006,47.471420,1.763024,3.200000
12.132280,47.510667,1.761821,3.200000
12.124495,47.549902,1.760474,3.200000
12.116708,47.589137,1.759073,3.200000
12.108978,47.628383,1.757761,3.200000
12.101362,47.667651,1.756634,3.200000
12.093909,47.706951,1.755566,3.200000
12.086604,47.746278,1.754406,3.200000
12.079410,47.785626,1.753155,3.200000
12.072293,47.824988,1.751859,3.200000
12.065227,47.864359,1.750534,3.200000
12.058199,47.903736,1.749154,3.200000
12.051229,47.943124,1.747692,3.200000
12.044325,47.982524,1.746198,3.200000
12.037443,48.021928,1.744740,3.200000
12.030530,48.061326,1.743373,3.200000
12.023623,48.100725,1.742153,3.200000
12.016812,48.140141,1.741157,3.200000
12.010127,48.179578,1.740409,3.200000
12.003524,48.219030,1.739847,3.200000
11.996960,48.258487,1.739323,3.200000
11.990411,48.297948,1.738736,3.200000
11.983859,48.337407,1.738163,3.200000
11.977301,48.376866,1.737694,3.200000
11.970738,48.416324,1.737304,3.200000
11.964179,48.455783,1.736898,3.200000
11.957637,48.495244,1.736447,3.200000
11.951102,48.534707,1.736064,3.200000
11.944521,48.574161,1.735843,3.200000
11.937858,48.613603,1.735735,3.200000
11.931180,48.653041,1.735674,3.200000
11.924574,48.692492,1.735686,3.200000
11.918033,48.731954,1.735812,3.200000
11.911498,48.771416,1.735970,3.200000
11.904944,48.810876,1.736048,3.200000
11.898386,48.850334,1.736029,3.200000
11.891832,48.889794,1.736003,3.200000
11.885279,48.929253,1.736030,3.200000
11.878721,48.968712,1.736048,3.200000
11.872166,49.008171,1.735968,3.200000
11.865632,49.047634,1.735810,3.200000
11.859091,49.087096,1.735697,3.200000
11.852486,49.126546,1.735691,3.200000
11.845809,49.165985,1.735717,3.200000
11.839145,49.205426,1.735718,3.200000
11.832564,49.244881,1.735736,3.200000
11.826029,49.284344,1.735797,3.200000
11.819486,49.323805,1.735781,3.200000
11.812927,49.363264,1.735547,3.200000
11.806366,49.402722,1.735098,3.200000
11.799810,49.442181,1.734499,3.200000
11.793253,49.481640,1.733754,3.200000
11.786693,49.521098,1.732755,3.200000
11.780137,49.560557,1.731397,3.200000
11.773591,49.600018,1.729716,3.200000
11.767034,49.639477,1.727798,3.200000
11.760438,49.678930,1.725665,3.200000
11.753857,49.718384,1.723248,3.200000
11.747400,49.757860,1.720506,3.200000
11.741128,49.797365,1.717460,3.200000
11.735013,49.836895,1.714117,3.200000
11.729031,49.876445,1.710441,3.200000
11.723206,49.916019,1.706428,3.200000
11.717574,49.955621,1.702193,3.200000
11.712165,49.995254,1.697861,3.200000
11.707003,50.034919,1.693476,3.200000
11.702100,50.074618,1.689040,3.200000
11.697453,50.114348,1.684594,3.200000
11.693057,50.154105,1.680311,3.200000
11.688908,50.193890,1.676383,3.200000
11.685006,50.233700,1.672893,3.200000
11.681370,50.273534,1.669848,3.200000
11.678023,50.313394,1.667204,3.200000
11.674910,50.353273,1.664950,3.200000
11.671932,50.393162,1.663097,3.200000
11.669020,50.433056,1.661656,3.200000
11.666140,50.472952,1.660633,3.200000
11.663255,50.512848,1.660008,3.200000
11.660325,50.552741,1.659742,3.200000
11.657303,50.592626,1.659766,3.200000
11.654126,50.632500,1.660015,3.200000
11.650732,50.672356,1.660446,3.200000
11.647120,50.712193,1.661037,3.200000
11.643338,50.752014,1.661738,3.200000
11.639420,50.791821,1.662390,3.200000
11.635385,50.831617,1.662812,3.200000
11.631251,50.871403,1.662869,3.200000
11.627034,50.911180,1.662483,3.200000
11.622755,50.950951,1.661659,3.200000
11.618455,50.990719,1.660397,3.200000
11.614188,51.030491,1.658658,3.200000
11.610000,51.070271,1.656383,3.200000
11.605936,51.110064,1.653537,3.200000
11.602039,51.149874,1.650186,3.200000
11.598348,51.189704,1.646428,3.200000
11.594909,51.229556,1.642354,3.200000
11.591787,51.269434,1.638047,3.200000
11.589045,51.309341,1.633579,3.200000
11.586668,51.349270,1.629024,3.200000
11.584611,51.389218,1.624469,3.200000
11.582843,51.429179,1.620029,3.200000
11.581346,51.469152,1.615827,3.200000
11.580102,51.509133,1.611980,3.200000
11.579094,51.549120,1.608581,3.200000
11.578299,51.589112,1.605699,3.200000
11.577670,51.629107,1.603399,3.200000
11.577153,51.669104,1.601772,3.200000
11.576702,51.709102,1.600927,3.200000
11.576271,51.749099,1.600954,3.200000
11.575816,51.789097,1.601853,3.200000
11.575294,51.829093,1.603527,3.200000
11.574656,51.869088,1.605865,3.200000
11.573849,51.909080,1.608782,3.200000
11.572826,51.949067,1.612212,3.200000
11.571566,51.989048,1.616087,3.200000
11.570052,52.029019,1.620307,3.200000
11.568267,52.068980,1.624753,3.200000
11.566191,52.108927,1.629312,3.200000
11.563792,52.148855,1.633879,3.200000
11.561025,52.188760,1.638344,3.200000
11.557881,52.228636,1.642600,3.200000
11.554424,52.268487,1.646540,3.200000
11.550719,52.308316,1.650059,3.200000
11.546810,52.348124,1.653037,3.200000
11.542736,52.387916,1.655352,3.200000
11.538541,52.427696,1.656911,3.200000
11.534272,52.467467,1.657729,3.200000
11.529975,52.507236,1.657840,3.200000
11.525692,52.547006,1.657248,3.200000
11.521469,52.586782,1.655922,3.200000
11.517353,52.626570,1.653834,3.200000
11.513388,52.666373,1.651059,3.200000
11.509614,52.706195,1.647710,3.200000
11.506073,52.746038,1.643879,3.200000
11.502824,52.785907,1.639640,3.200000
11.499935,52.825802,1.635067,3.200000
11.497425,52.865724,1.630247,3.200000
11.495252,52.905666,1.625259,3.200000
11.493377,52.945622,1.620182,3.200000
11.491781,52.985591,1.615098,3.200000
11.490446,53.025568,1.610100,3.200000
11.489350,53.065554,1.605270,3.200000
11.488469,53.105544,1.600653,3.200000
11.487779,53.145538,1.596288,3.200000
11.487258,53.185535,1.592226,3.200000
11.486883,53.225533,1.588552,3.200000
11.486631,53.265533,1.585342,3.200000
11.486478,53.305532,1.582573,3.200000
11.486404,53.345532,1.580180,3.200000
11.486386,53.385532,1.578095,3.200000
11.486396,53.425532,1.576262,3.200000
11.486404,53.465532,1.574635,3.200000
11.486402,53.505532,1.573158,3.200000
11.486399,53.545532,1.571775,3.200000
11.486398,53.585532,1.570432,3.200000
11.486401,53.625532,1.569074,3.200000
11.486404,53.665532,1.567647,3.200000
11.486401,53.705532,1.566095,3.200000
11.486389,53.745532,1.564363,3.200000
11.486390,53.785532,1.562399,3.200000
11.486436,53.825532,1.560153,3.200000
11.486550,53.865532,1.557567,3.200000
11.486754,53.905532,1.554565,3.200000
11.487070,53.945531,1.551096,3.200000
11.487521,53.985528,1.547201,3.200000
11.488131,54.025524,1.542965,3.200000
11.488922,54.065516,1.538459,3.200000
11.489917,54.105504,1.533722,3.200000
11.491139,54.145485,1.528793,3.200000
11.492614,54.185458,1.523736,3.200000
11.494360,54.225420,1.518645,3.200000
11.496394,54.265369,1.513607,3.200000
11.498744,54.305301,1.508701,3.200000
11.501455,54.345209,1.504005,3.200000
11.504548,54.385090,1.499603,3.200000
11.507965,54.424944,1.495576,3.200000
11.511638,54.464776,1.491998,3.200000
11.515520,54.504587,1.488947,3.200000
11.519573,54.544381,1.486531,3.200000
11.523753,54.584162,1.484858,3.200000
11.528014,54.623934,1.483935,3.200000
11.532310,54.663703,1.483727,3.200000
11.536597,54.703473,1.484218,3.200000
11.540831,54.743248,1.485434,3.200000
11.544966,54.783034,1.487411,3.200000
11.548955,54.822834,1.490099,3.200000
11.552759,54.862653,1.493388,3.200000
11.556336,54.902494,1.497150,3.200000
11.559631,54.942358,1.501274,3.200000
11.562576,54.982250,1.505657,3.200000
11.565137,55.022168,1.510191,3.200000
11.567355,55.062107,1.514766,3.200000
11.569271,55.102062,1.519277,3.200000
11.570907,55.142029,1.523615,3.200000
11.572281,55.182005,1.527662,3.200000
11.573410,55.221990,1.531304,3.200000
11.574311,55.261980,1.534464,3.200000
11.575020,55.301973,1.537075,3.200000
11.575589,55.341969,1.539066,3.200000
11.576069,55.381967,1.540333,3.200000
11.576505,55.421964,1.540762,3.200000
11.576941,55.461962,1.540314,3.200000
11.577423,55.501959,1.539029,3.200000
11.577994,55.541955,1.537023,3.200000
11.578707,55.581949,1.534399,3.200000
11.579613,55.621939,1.531228,3.200000
11.580747,55.661923,1.527576,3.200000
11.582127,55.701899,1.523520,3.200000
11.583769,55.741866,1.519178,3.200000
11.585691,55.781820,1.514665,3.200000
11.587916,55.821759,1.510087,3.200000
11.590486,55.861677,1.505552,3.200000
11.593439,55.901568,1.501176,3.200000
11.596742,55.941432,1.497075,3.200000
11.600324,55.981271,1.493322,3.200000
11.604132,56.021090,1.489991,3.200000
11.608125,56.060890,1.487182,3.200000
11.612263,56.100675,1.484980,3.200000
11.616499,56.140451,1.483405,3.200000
11.620786,56.180220,1.482395,3.200000
11.625082,56.219989,1.481893,3.200000
11.629344,56.259761,1.481892,3.200000
11.633523,56.299542,1.482400,3.200000
11.637564,56.339338,1.483378,3.200000
11.641434,56.379150,1.484688,3.200000
11.645121,56.418980,1.486199,3.200000
11.648609,56.458828,1.487812,3.200000
11.651851,56.498697,1.489422,3.200000
11.654811,56.538587,1.490900,3.200000
11.657533,56.578495,1.492135,3.200000
11.660087,56.618413,1.493089,3.200000
11.662523,56.658339,1.493732,3.200000
11.664881,56.698269,1.494005,3.200000
11.667203,56.738202,1.493828,3.200000
11.669537,56.778134,1.493158,3.200000
11.671930,56.818062,1.492014,3.200000
11.674424,56.857984,1.490420,3.200000
11.677060,56.897898,1.488357,3.200000
11.679897,56.937797,1.485789,3.200000
11.682993,56.977677,1.482745,3.200000
11.686364,57.017535,1.479334,3.200000
11.689990,57.057371,1.475658,3.200000
11.693864,57.097183,1.471789,3.200000
11.697997,57.136969,1.467804,3.200000
11.702392,57.176727,1.463794,3.200000
11.707021,57.216459,1.459842,3.200000
11.711853,57.256166,1.455990,3.200000
11.716866,57.295851,1.452280,3.200000
11.722039,57.335515,1.448770,3.200000
11.727351,57.375161,1.445537,3.200000
11.732777,57.414791,1.442637,3.200000
11.738297,57.454409,1.440053,3.200000
11.743890,57.494016,1.437765,3.200000
11.749534,57.533616,1.435781,3.200000
11.755202,57.573212,1.434115,3.200000
11.760866,57.612809,1.432747,3.200000
11.766522,57.652407,1.431637,3.200000
11.772177,57.692005,1.430761,3.200000
11.777834,57.731603,1.430105,3.200000
11.783492,57.771201,1.429625,3.200000
11.789149,57.810799,1.429248,3.200000
11.794806,57.850397,1.428919,3.200000
11.800463,57.889995,1.428624,3.200000
11.806120,57.929593,1.428350,3.200000
11.811776,57.969191,1.428066,3.200000
11.817431,58.008789,1.427731,3.200000
11.823090,58.048387,1.427323,3.200000
11.828749,58.087985,1.426850,3.200000
11.834399,58.127584,1.426321,3.200000
11.840039,58.167184,1.425733,3.200000
11.845702,58.206781,1.425084,3.200000
11.851421,58.246370,1.424378,3.200000
11.857199,58.285951,1.423621,3.200000
11.863027,58.325524,1.422795,3.200000
11.868901,58.365090,1.421874,3.200000
11.874823,58.404649,1.420906,3.200000
11.880796,58.444201,1.419984,3.200000
11.886819,58.483745,1.419159,3.200000
11.892890,58.523281,1.418399,3.200000
11.899011,58.562810,1.417672,3.200000
11.905183,58.602331,1.417004,3.200000
11.911404,58.641845,1.416446,3.200000
11.917668,58.681351,1.416026,3.200000
11.923981,58.720850,1.415731,3.200000
11.930362,58.760338,1.415549,3.200000
11.936808,58.799815,1.415482,3.200000
11.943255,58.839292,1.415533,3.200000
11.949637,58.878779,1.415710,3.200000
11.955952,58.918278,1.416017,3.200000
11.962218,58.957784,1.416426,3.200000
11.968441,58.997297,1.416907,3.200000
11.974617,59.036817,1.417426,3.200000
11.980742,59.076346,1.417945,3.200000
11.986816,59.115882,1.418442,3.200000
11.992841,59.155425,1.418946,3.200000
11.998819,59.194976,1.419487,3.200000
12.004749,59.234534,1.420016,3.200000
12.010628,59.274100,1.420443,3.200000
12.016448,59.313674,1.420715,3.200000
12.022220,59.353255,1.420851,3.200000
12.027969,59.392840,1.420879,3.200000
12.033723,59.432424,1.420813,3.200000
12.039511,59.472003,1.420639,3.200000
12.045354,59.511574,1.420288,3.200000
12.051253,59.551137,1.419715,3.200000
12.057202,59.590692,1.419004,3.200000
12.063198,59.630240,1.418254,3.200000
12.069241,59.669781,1.417476,3.200000
12.075335,59.709314,1.416632,3.200000
12.081482,59.748839,1.415708,3.200000
12.087682,59.788355,1.414739,3.200000
12.093921,59.827866,1.413764,3.200000
12.100192,59.867371,1.412810,3.200000
12.106530,59.906866,1.411904,3.200000
12.112989,59.946341,1.411077,3.200000
12.119554,59.985799,1.410340,3.200000
12.126143,60.025252,1.409651,3.200000
12.132705,60.064710,1.408939,3.200000
12.139254,60.104171,1.408195,3.200000
12.145810,60.143630,1.407532,3.200000
12.152370,60.183088,1.407043,3.200000
12.158928,60.222547,1.406667,3.200000
12.165485,60.262006,1.406315,3.200000
12.172046,60.301464,1.405992,3.200000
12.178609,60.340922,1.405785,3.200000
12.185158,60.380382,1.405747,3.200000
12.191693,60.419845,1.405786,3.200000
12.198265,60.459301,1.405800,3.200000
12.204919,60.498744,1.405797,3.200000
12.211605,60.538181,1.405819,3.200000
12.218230,60.577629,1.405821,3.200000
12.224782,60.617088,1.405724,3.200000
12.231318,60.656551,1.405562,3.200000
12.237874,60.696010,1.405457,3.200000
12.244438,60.735468,1.405463,3.200000
12.250997,60.774926,1.405495,3.200000
12.257554,60.814385,1.405475,3.200000
12.264116,60.853843,1.405450,3.200000
12.270677,60.893301,1.405510,3.200000
12.277219,60.932763,1.405666,3.200000
12.283759,60.972225,1.405799,3.200000
12.290353,61.011677,1.405823,3.200000
12.297026,61.051117,1.405799,3.200000
12.303702,61.090556,1.405796,3.200000
12.310301,61.130008,1.405793,3.200000
12.316842,61.169469,1.405754,3.200000
12.323383,61.208931,1.405752,3.200000
12.329943,61.248389,1.405898,3.200000
12.336506,61.287847,1.406190,3.200000
12.343065,61.327306,1.406541,3.200000
12.349622,61.366765,1.406899,3.200000
12.356182,61.406223,1.407338,3.200000
12.362739,61.445682,1.407944,3.200000
12.369290,61.485142,1.408673,3.200000
12.375845,61.524601,1.409407,3.200000
12.382426,61.564056,1.410096,3.200000
12.389009,61.603511,1.410807,3.200000
12.395513,61.642978,1.411604,3.200000
12.401889,61.682467,1.412484,3.200000
12.408176,61.721970,1.413425,3.200000
12.414427,61.761478,1.414396,3.200000
12.420642,61.800993,1.415370,3.200000
12.426808,61.840514,1.416315,3.200000
12.432920,61.880045,1.417188,3.200000
12.438981,61.919583,1.417985,3.200000
12.444993,61.959129,1.418740,3.200000
12.450958,61.998681,1.419474,3.200000
12.456876,62.038241,1.420107,3.200000
12.462739,62.077809,1.420536,3.200000
12.468545,62.117386,1.420762,3.200000
12.474307,62.156968,1.420852,3.200000
12.480055,62.196553,1.420855,3.200000
12.485816,62.236136,1.420773,3.200000
12.491617,62.275713,1.420559,3.200000
12.497476,62.315282,1.420148,3.200000
12.503390,62.354842,1.419527,3.200000
12.509352,62.394396,1.418796,3.200000
12.515361,62.433942,1.418043,3.200000
12.521418,62.473480,1.417251,3.200000
12.527526,62.513011,1.416384,3.200000
12.533688,62.552534,1.415444,3.200000
12.539900,62.592048,1.414470,3.200000
12.546148,62.631557,1.413498,3.200000
12.552432,62.671061,1.412554,3.200000
12.558798,62.710551,1.411668,3.200000
12.565293,62.750020,1.410865,3.200000
12.571873,62.789475,1.410149,3.200000
12.578456,62.828930,1.409461,3.200000
12.585013,62.868389,1.408731,3.200000
12.591562,62.907849,1.407997,3.200000
12.598120,62.947308,1.407378,3.200000
12.604680,62.986766,1.406930,3.200000
12.611237,63.026225,1.406569,3.200000
12.617795,63.065684,1.406219,3.200000
12.624358,63.105142,1.405920,3.200000
12.630919,63.144600,1.405761,3.200000
12.637461,63.184061,1.405757,3.200000
12.644000,63.223523,1.405799,3.200000
12.650593,63.262976,1.405806,3.200000
12.657265,63.302416,1.405810,3.200000
12.663942,63.341855,1.405837,3.200000
12.670543,63.381306,1.405823,3.200000
12.677084,63.420768,1.405700,3.200000
12.683624,63.460230,1.405547,3.200000
12.690183,63.499688,1.405482,3.200000
12.696745,63.539146,1.405509,3.200000
12.703301,63.578605,1.405537,3.200000
12.709858,63.618064,1.405512,3.200000
12.716420,63.657522,1.405507,3.200000
12.722975,63.696982,1.405608,3.200000
12.729510,63.736444,1.405775,3.200000
12.736056,63.775905,1.405887,3.200000
12.742671,63.815354,1.405895,3.200000
12.749351,63.854792,1.405876,3.200000
12.756008,63.894235,1.405882,3.200000
12.762581,63.933691,1.405875,3.200000
12.769112,63.973154,1.405838,3.200000
12.775655,64.012615,1.405868,3.200000
12.782213,64.052074,1.406064,3.200000
12.788771,64.091533,1.406383,3.200000
12.795323,64.130992,1.406734,3.200000
12.801877,64.170452,1.407105,3.200000
12.808432,64.209911,1.407581,3.200000
12.814984,64.249371,1.408230,3.200000
12.821529,64.288832,1.408970,3.200000
12.828085,64.328291,1.409683,3.200000
12.834669,64.367745,1.410366,3.200000
12.841236,64.407203,1.411092,3.200000
12.847702,64.446676,1.411908,3.200000
12.854044,64.486170,1.412804,3.200000
12.860316,64.525676,1.413750,3.200000
12.866556,64.565186,1.414719,3.200000
12.872757,64.604703,1.415684,3.200000
12.878907,64.644227,1.416608,3.200000
12.885003,64.683760,1.417452,3.200000
12.891049,64.723300,1.418229,3.200000
12.897048,64.762848,1.418974,3.200000
12.903000,64.802403,1.419686,3.200000
12.908903,64.841965,1.420268,3.200000
12.914750,64.881535,1.420632,3.200000
12.920540,64.921114,1.420810,3.200000
12.926296,64.960697,1.420872,3.200000
12.932045,65.000282,1.420850,3.200000
12.937814,65.039864,1.420737,3.200000
12.943630,65.079439,1.420474,3.200000
12.949505,65.119005,1.419995,3.200000
12.955433,65.158563,1.419333,3.200000
12.961408,65.198115,1.418590,3.200000
12.967430,65.237659,1.417828,3.200000
12.973501,65.277195,1.417019,3.200000
12.979623,65.316724,1.416129,3.200000
12.985800,65.356244,1.415175,3.200000
12.992024,65.395757,1.414197,3.200000
12.998279,65.435265,1.413230,3.200000
13.004580,65.474766,1.412301,3.200000
13.010980,65.514250,1.411441,3.200000
13.017506,65.553714,1.410655,3.200000
13.024095,65.593168,1.409935,3.200000
13.030670,65.632624,1.409254,3.200000
13.037222,65.672084,1.408593,3.200000
13.043774,65.711543,1.408032,3.200000
13.050332,65.751002,1.407676,3.200000
13.056892,65.790460,1.407527,3.200000
13.063450,65.829919,1.407499,3.200000
13.070008,65.869378,1.407539,3.200000
13.076568,65.908836,1.407715,3.200000
13.083126,65.948295,1.408108,3.200000
13.089676,65.987755,1.408692,3.200000
13.096231,66.027215,1.409358,3.200000
13.102810,66.066670,1.410044,3.200000
13.109395,66.106124,1.410772,3.200000
13.115905,66.145591,1.411569,3.200000
13.122286,66.185078,1.412441,3.200000
13.128577,66.224581,1.413377,3.200000
13.134828,66.264089,1.414348,3.200000
13.141046,66.303603,1.415324,3.200000
13.147214,66.343125,1.416271,3.200000
13.153329,66.382654,1.417148,3.200000
13.159392,66.422192,1.417947,3.200000
13.165407,66.461738,1.418704,3.200000
13.171374,66.501290,1.419440,3.200000
13.177294,66.540849,1.420081,3.200000
13.183160,66.580417,1.420521,3.200000
13.188968,66.619993,1.420755,3.200000
13.194732,66.659576,1.420849,3.200000
13.200480,66.699160,1.420857,3.200000
13.206240,66.738744,1.420779,3.200000
13.212038,66.778321,1.420573,3.200000
13.217895,66.817890,1.420173,3.200000
13.223806,66.857451,1.419560,3.200000
13.229766,66.897004,1.418832,3.200000
13.235772,66.936551,1.418080,3.200000
13.241827,66.976090,1.417290,3.200000
13.247933,67.015621,1.416428,3.200000
13.254092,67.055144,1.415490,3.200000
13.260302,67.094659,1.414517,3.200000
13.266549,67.134168,1.413544,3.200000
13.272830,67.173672,1.412598,3.200000
13.279191,67.213163,1.411708,3.200000
13.285680,67.252633,1.410901,3.200000
13.292258,67.292089,1.410182,3.200000
13.298842,67.331543,1.409494,3.200000
13.305399,67.371002,1.408767,3.200000
13.311949,67.410462,1.408031,3.200000
13.318506,67.449921,1.407404,3.200000
13.325066,67.489380,1.406948,3.200000
13.331623,67.528838,1.406585,3.200000
13.338181,67.568297,1.406233,3.200000
13.344744,67.607755,1.405929,3.200000
13.351305,67.647213,1.405761,3.200000
13.357849,67.686675,1.405750,3.200000
13.364387,67.726137,1.405791,3.200000
13.370976,67.765590,1.405797,3.200000
13.377645,67.805030,1.405797,3.200000
13.384324,67.844469,1.405822,3.200000
13.390929,67.883920,1.405808,3.200000
13.397473,67.923381,1.405686,3.200000
13.404012,67.962843,1.405526,3.200000
13.410572,68.002301,1.405451,3.200000
13.417135,68.041759,1.405470,3.200000
13.423692,68.081218,1.405495,3.200000
13.430250,68.120677,1.405466,3.200000
13.436813,68.160134,1.405453,3.200000
13.443371,68.199593,1.405544,3.200000
13.449909,68.239055,1.405705,3.200000
13.456456,68.278516,1.405812,3.200000
13.463070,68.317965,1.405816,3.200000
13.469752,68.357403,1.405805,3.200000
13.476415,68.396844,1.405821,3.200000
13.482996,68.436299,1.405784,3.200000
13.489532,68.475762,1.405641,3.200000
13.496079,68.515222,1.405493,3.200000
13.502641,68.554680,1.405454,3.200000
13.509203,68.594139,1.405485,3.200000
13.515759,68.633598,1.405495,3.200000
13.522319,68.673056,1.405462,3.200000
13.528883,68.712514,1.405472,3.200000
13.535435,68.751973,1.405599,3.200000
13.541970,68.791436,1.405758,3.200000
13.548531,68.830894,1.405830,3.200000
13.555172,68.870339,1.405822,3.200000
13.561858,68.909776,1.405825,3.200000
13.568498,68.949221,1.405839,3.200000
13.575059,68.988680,1.405772,3.200000
13.581593,69.028142,1.405618,3.200000
13.588145,69.067602,1.405498,3.200000
13.594708,69.107060,1.405493,3.200000
13.601266,69.146519,1.405533,3.200000
13.607821,69.185978,1.405530,3.200000
13.614382,69.225436,1.405505,3.200000
13.620942,69.264895,1.405546,3.200000
13.627486,69.304356,1.405697,3.200000
13.634020,69.343819,1.405855,3.200000
13.640598,69.383274,1.405914,3.200000
13.647258,69.422716,1.405882,3.200000
13.653937,69.462154,1.405803,3.200000
13.660547,69.501604,1.405641,3.200000
13.667090,69.541065,1.405317,3.200000
13.673623,69.580528,1.404885,3.200000
13.680176,69.619988,1.404462,3.200000
13.686736,69.659446,1.404084,3.200000
13.693293,69.698905,1.403659,3.200000
13.699844,69.738365,1.403119,3.200000
13.706388,69.777826,1.402530,3.200000
13.712941,69.817286,1.401987,3.200000
13.719523,69.856741,1.401456,3.200000
13.726169,69.896185,1.400792,3.200000
13.732930,69.935609,1.399880,3.200000
13.739809,69.975013,1.398734,3.200000
13.746727,70.014410,1.397410,3.200000
13.753613,70.053813,1.395975,3.200000
13.760499,70.093216,1.394483,3.200000
13.767442,70.132609,1.392998,3.200000
13.774450,70.171990,1.391586,3.200000
13.781503,70.211364,1.390241,3.200000
13.788597,70.250729,1.388932,3.200000
13.795760,70.290083,1.387655,3.200000
13.803020,70.329419,1.386453,3.200000
13.810416,70.368729,1.385361,3.200000
13.817977,70.408008,1.384270,3.200000
13.825674,70.447260,1.383022,3.200000
13.833448,70.486498,1.381632,3.200000
13.841240,70.525732,1.380243,3.200000
13.848991,70.564973,1.378979,3.200000
13.856673,70.604229,1.377899,3.200000
13.864321,70.643491,1.377016,3.200000
13.871973,70.682752,1.376274,3.200000
13.879648,70.722009,1.375625,3.200000
13.887355,70.761259,1.375059,3.200000
13.895125,70.800498,1.374576,3.200000
13.902999,70.839715,1.374148,3.200000
13.910983,70.878910,1.373671,3.200000
13.919026,70.918093,1.373065,3.200000
13.927069,70.957276,1.372292,3.200000
13.935047,70.996472,1.371322,3.200000
13.942906,71.035693,1.370210,3.200000
13.950667,71.074933,1.369049,3.200000
13.958401,71.114178,1.367849,3.200000
13.966163,71.153418,1.366562,3.200000
13.973991,71.192644,1.365130,3.200000
13.981922,71.231850,1.363491,3.200000
13.989984,71.271029,1.361613,3.200000
13.998200,71.310176,1.359502,3.200000
14.006557,71.349294,1.357146,3.200000
14.015025,71.388387,1.354506,3.200000
14.023570,71.427464,1.351523,3.200000
14.032157,71.466531,1.348174,3.200000
14.040778,71.505591,1.344531,3.200000
14.049471,71.544635,1.340672,3.200000
14.058291,71.583651,1.336649,3.200000
14.067318,71.622620,1.332507,3.200000
14.076636,71.661519,1.328294,3.200000
14.086254,71.700346,1.324053,3.200000
14.096124,71.739110,1.319786,3.200000
14.106207,71.777818,1.315425,3.200000
14.116482,71.816476,1.310929,3.200000
14.126931,71.855087,1.306363,3.200000
14.137556,71.893651,1.301808,3.200000
14.148359,71.932164,1.297292,3.200000
14.159341,71.970627,1.292819,3.200000
14.170502,72.009039,1.288419,3.200000
14.181840,72.047399,1.284161,3.200000
14.193347,72.085708,1.280095,3.200000
14.205019,72.123967,1.276246,3.200000
14.216876,72.162170,1.272642,3.200000
14.228938,72.200308,1.269259,3.200000
14.241162,72.238394,1.266028,3.200000
14.253451,72.276460,1.262896,3.200000
14.265747,72.314523,1.259829,3.200000
14.278082,72.352574,1.256800,3.200000
14.290497,72.390598,1.253852,3.200000
14.303029,72.428585,1.251049,3.200000
14.315708,72.466522,1.248379,3.200000
14.328518,72.504415,1.245743,3.200000
14.341391,72.542287,1.243079,3.200000
14.354279,72.580154,1.240450,3.200000
14.367207,72.618008,1.237907,3.200000
14.380209,72.655836,1.235383,3.200000
14.393317,72.693627,1.232800,3.200000
14.406560,72.731371,1.230165,3.200000
14.419937,72.769068,1.227453,3.200000
14.433401,72.806734,1.224636,3.200000
14.446917,72.844382,1.221773,3.200000
14.460532,72.881993,1.218938,3.200000
14.474315,72.919543,1.216097,3.200000
14.488281,72.957026,1.213183,3.200000
14.502394,72.994454,1.210204,3.200000
14.516621,73.031838,1.207204,3.200000
14.530929,73.069192,1.204223,3.200000
14.545290,73.106525,1.201296,3.200000
14.559739,73.143824,1.198452,3.200000
14.574339,73.181065,1.195652,3.200000
14.589119,73.218234,1.192836,3.200000
14.604046,73.255345,1.190017,3.200000
14.619085,73.292410,1.187269,3.200000
14.634217,73.329437,1.184637,3.200000
14.649426,73.366433,1.182064,3.200000
14.664706,73.403400,1.179495,3.200000
14.680058,73.440336,1.176875,3.200000
14.695486,73.477241,1.174133,3.200000
14.710992,73.514114,1.171221,3.200000
14.726574,73.550954,1.168177,3.200000
14.742230,73.587763,1.165027,3.198049
14.757955,73.624542,1.161702,3.193813
14.773748,73.661292,1.158094,3.187602
14.789629,73.698005,1.154104,3.179799
14.805617,73.734671,1.149675,3.170766
14.821726,73.771284,1.144811,3.160814
14.837964,73.807840,1.139535,3.150211
14.854346,73.844331,1.133807,3.139207
14.870899,73.880746,1.127549,3.128017
14.887652,73.917069,1.120697,3.116777
14.904642,73.953281,1.113244,3.105493
14.921907,73.989364,1.105182,3.094149
14.939488,74.025295,1.096510,3.082908
14.957429,74.061047,1.087258,3.072104
14.975771,74.096594,1.077467,3.062048
14.994514,74.131932,1.067166,3.052889
15.013638,74.167067,1.056364,3.044669
15.033143,74.201991,1.045078,3.037445
15.053079,74.236670,1.033367,3.031273
15.073497,74.271068,1.021307,3.026197
15.094420,74.305162,1.008972,3.022286
15.115841,74.338946,0.996429,3.019651
15.137756,74.372411,0.983743,3.018392
15.160151,74.405556,0.970980,3.018392
15.183012,74.438383,0.958191,3.018392
15.206326,74.470889,0.945400,3.018392
15.230089,74.503067,0.932587,3.018392
15.254297,74.534913,0.919762,3.018392
15.278934,74.566427,0.907007,3.018392
15.303972,74.597624,0.894422,3.018392
15.329385,74.628517,0.882073,3.018392
15.355152,74.659113,0.869962,3.020344
15.381264,74.689417,0.858093,3.024579
15.407709,74.719431,0.846477,3.030791
15.434487,74.749148,0.835115,3.038594
15.461601,74.778557,0.824009,3.047626
15.489056,74.807648,0.813172,3.057578
15.516835,74.836431,0.802619,3.068181
15.544915,74.864921,0.792355,3.079185
15.573272,74.893135,0.782341,3.090375
15.601899,74.921074,0.772537,3.101615
15.630795,74.948734,0.762922,3.112899
15.659957,74.976113,0.753515,3.124243
15.689378,75.003215,0.744335,3.135484
15.719044,75.030049,0.735404,3.146289
15.748943,75.056621,0.726761,3.156344
15.779065,75.082941,0.718446,3.165503
15.809398,75.109018,0.710484,3.173724
15.839934,75.134856,0.702862,3.180948
15.870671,75.160455,0.695567,3.187119
15.901611,75.185807,0.688583,3.192196
15.932752,75.210913,0.681919,3.196107
15.964079,75.235787,0.675586,3.198741
15.995571,75.260450,0.669596,3.200000
16.027214,75.284920,0.663948,3.200000
16.058990,75.309216,0.658633,3.200000
16.090886,75.333355,0.653630,3.200000
16.122887,75.357353,0.648918,3.200000
16.154983,75.381226,0.644480,3.200000
16.187160,75.404987,0.640308,3.200000
16.219412,75.428648,0.636410,3.200000
16.251735,75.452211,0.632793,3.200000
16.284126,75.475681,0.629447,3.200000
16.316577,75.499067,0.626338,3.200000
16.349081,75.522380,0.623422,3.200000
16.381631,75.545629,0.620655,3.200000
16.414227,75.568814,0.617990,3.200000
16.446871,75.591930,0.615375,3.200000
16.479565,75.614976,0.612762,3.200000
16.512308,75.637952,0.610145,3.200000
16.545102,75.660856,0.607536,3.200000
16.577944,75.683689,0.604950,3.200000
16.610834,75.706454,0.602355,3.200000
16.643771,75.729152,0.599706,3.200000
16.676758,75.751777,0.596971,3.200000
16.709801,75.774318,0.594154,3.200000
16.742909,75.796766,0.591268,3.200000
16.776091,75.819104,0.588346,3.200000
16.809359,75.841312,0.585424,3.200000
16.842717,75.863386,0.582519,3.200000
16.876150,75.885346,0.579580,3.200000
16.909644,75.907214,0.576545,3.200000
16.943199,75.928987,0.573390,3.200000
16.976830,75.950642,0.570149,3.200000
17.010551,75.972157,0.566862,3.200000
17.044358,75.993536,0.563543,3.200000
17.078242,76.014794,0.560196,3.200000
17.112192,76.035947,0.556831,3.200000
17.146193,76.057016,0.553474,3.200000
17.180234,76.078021,0.550150,3.200000
17.214323,76.098949,0.546844,3.200000
17.248485,76.119756,0.543526,3.200000
17.282743,76.140406,0.540170,3.200000
17.317088,76.160911,0.536793,3.200000
17.351503,76.181297,0.533414,3.200000
17.385979,76.201581,0.530021,3.200000
17.420518,76.221757,0.526550,3.200000
17.455125,76.241816,0.522944,3.200000
17.489800,76.261756,0.519231,3.200000
17.524544,76.281577,0.515464,3.200000
17.559356,76.301279,0.511649,3.200000
17.594233,76.320864,0.507752,3.200000
17.629176,76.340333,0.503748,3.193182
17.664185,76.359681,0.499687,3.181182
17.699268,76.378896,0.495595,3.169182
17.734431,76.397965,0.491457,3.157182
17.769688,76.416858,0.487199,3.145182
17.805055,76.435543,0.482758,3.133182
17.840530,76.454024,0.478131,3.121182
17.876081,76.472358,0.473326,3.109182
17.911684,76.490593,0.468358,3.097182
17.947353,76.508696,0.463244,3.085182
17.983121,76.526601,0.458004,3.073182
18.019004,76.544277,0.452646,3.061182
18.054977,76.561768,0.447189,3.049182
18.091022,76.579114,0.441628,3.037182
18.127147,76.596288,0.435931,3.025182
18.163381,76.613233,0.430102,3.013182
18.199739,76.629910,0.424250,3.001182
18.236217,76.646323,0.418412,2.989182
18.272809,76.662480,0.412501,2.977182
18.309509,76.678392,0.406416,2.965182
18.346306,76.694076,0.400204,2.953182
18.383194,76.709543,0.394015,2.941182
18.420172,76.724798,0.387896,2.929182
18.457237,76.739839,0.381826,2.917182
18.494403,76.754628,0.375818,2.905182
18.531684,76.769123,0.369927,2.893182
18.569075,76.783334,0.364139,2.881182
18.606546,76.797332,0.358396,2.869182
18.644080,76.811162,0.352725,2.857182
18.681690,76.824780,0.347161,2.845182
18.719396,76.838132,0.341714,2.833182
18.757190,76.851233,0.336387,2.821182
18.795052,76.864138,0.331182,2.809182
18.832963,76.876897,0.326089,2.797182
18.870913,76.889538,0.321122,2.785182
18.908897,76.902077,0.316338,2.773182
18.946930,76.914464,0.311778,2.761182
18.985036,76.926630,0.307371,2.749182
19.023215,76.938561,0.303035,2.737182
19.061455,76.950297,0.298766,2.725182
19.099744,76.961869,0.294609,2.713182
19.138077,76.973299,0.290590,2.701182
19.176447,76.984601,0.286747,2.689182
19.214854,76.995777,0.283132,2.677182
19.253299,77.006821,0.279721,2.665182
19.291783,77.017731,0.276445,2.653182
19.330305,77.028505,0.273303,2.641182
19.368864,77.039144,0.270391,2.629182
19.407459,77.049653,0.267785,2.617182
19.446088,77.060037,0.265454,2.605182
19.484755,77.070276,0.263356,2.593182
19.523467,77.080345,0.261540,2.581182
19.562213,77.090281,0.260102,2.569182
19.600969,77.100182,0.259085,2.557182
19.639716,77.110115,0.258454,2.545182
19.678458,77.120068,0.258187,2.533182
19.717201,77.130015,0.258321,2.521182
19.755947,77.139954,0.258903,2.509182
19.794692,77.149892,0.259937,2.497182
19.833438,77.159832,0.261404,2.485182
19.872181,77.169779,0.263298,2.473182
19.910916,77.179762,0.265643,2.461182
19.949618,77.189869,0.268450,2.449182
19.988266,77.200180,0.271649,2.437182
20.026860,77.210692,0.275158,2.425182
20.065408,77.221373,0.278953,2.413182
20.103908,77.232226,0.283034,2.401182
20.142348,77.243286,0.287381,2.389182
20.180721,77.254580,0.291937,2.377182
20.219027,77.266100,0.296651,2.365182
20.257266,77.277839,0.301589,2.353182
20.295440,77.289787,0.306847,2.341182
20.333550,77.301936,0.312406,2.329182
20.371592,77.314300,0.318150,2.317182
20.409553,77.326909,0.324031,2.305182
20.447425,77.339783,0.330125,2.293182
20.485213,77.352901,0.336503,2.281182
20.522924,77.366237,0.343238,2.269182
20.560572,77.379754,0.350443,2.257182
20.598168,77.393411,0.358249,2.245182
20.635712,77.407213,0.366725,2.233182
20.673173,77.421237,0.375935,2.221182
20.710524,77.435553,0.385997,2.209182
20.747755,77.450179,0.397049,2.197182
20.784862,77.465116,0.409179,2.185182
20.821835,77.480380,0.422439,2.173182
20.858660,77.496002,0.436923,2.161182
20.895311,77.512030,0.452733,2.149182
20.931732,77.528572,0.469969,2.137182
20.967859,77.545745,0.488757,2.125182
21.003650,77.563615,0.509241,2.113182
21.039068,77.582213,0.531445,2.101182
21.074069,77.601588,0.555287,2.089182
21.108579,77.621822,0.580715,2.077182
21.142521,77.643000,0.607679,2.065182
21.175820,77.665177,0.636068,2.053182
21.208400,77.688398,0.665759,2.041182
21.240187,77.712696,0.696696,2.029182
21.271112,77.738082,0.728761,2.017182
21.301103,77.764569,0.761738,2.005182
21.330066,77.792175,0.795413,1.993182
21.357899,77.820920,0.829639,1.981182
21.384523,77.850792,0.864263,1.971304
21.409885,77.881741,0.899070,1.967276
21.433951,77.913705,0.933770,1.968975
21.456746,77.946590,0.968080,1.976180
21.478311,77.980294,1.001748,1.988180
21.498650,78.014749,1.034525,2.000180
21.517741,78.049908,1.066238,2.012180
21.535579,78.085720,1.096815,2.024180
21.552198,78.122115,1.126177,2.036180
21.567638,78.159023,1.154245,2.048180
21.581953,78.196380,1.180949,2.060180
21.595207,78.234126,1.206253,2.072180
21.607489,78.272198,1.230117,2.084180
21.618918,78.310534,1.252577,2.096180
21.629615,78.349079,1.273753,2.108180
21.639700,78.387789,1.293745,2.120180
21.649282,78.426626,1.312596,2.132180
21.658396,78.465575,1.330343,2.144180
21.667044,78.504630,1.347091,2.156180
21.675222,78.543786,1.362974,2.168180
21.682912,78.583041,1.378147,2.180180
21.690113,78.622388,1.392791,2.192180
21.696853,78.661817,1.407038,2.204180
21.703159,78.701318,1.420977,2.216180
21.709031,78.740885,1.434718,2.228180
21.714463,78.780516,1.448409,2.240180
21.719437,78.820206,1.462193,2.252180
21.723930,78.859954,1.476089,2.264180
21.727907,78.899757,1.489999,2.276180
21.731322,78.939613,1.503838,2.288180
21.734121,78.979517,1.517520,2.300180
21.736235,79.019463,1.530945,2.312180
21.737603,79.059441,1.544043,2.324180
21.738247,79.099438,1.556767,2.336180
21.738214,79.139441,1.569091,2.348180
21.737528,79.179437,1.580965,2.360180
21.736188,79.219415,1.592316,2.372180
21.734231,79.259369,1.603047,2.384180
21.731742,79.299293,1.613094,2.396180
21.728804,79.339185,1.622402,2.408180
21.725481,79.379048,1.630889,2.420180
21.721839,79.418882,1.638415,2.432180
21.717949,79.458692,1.644849,2.444180
21.713890,79.498486,1.650263,2.456180
21.709714,79.538268,1.654835,2.468180
21.705455,79.578040,1.658696,2.480180
21.701156,79.617809,1.661912,2.492180
21.696873,79.657578,1.664577,2.504180
21.692652,79.697355,1.666885,2.516180
21.688508,79.737140,1.669016,2.528180
21.684447,79.776934,1.671033,2.540180
21.680514,79.816740,1.672983,2.552180
21.676762,79.856563,1.674941,2.564180
21.673167,79.896401,1.677002,2.576180
21.669630,79.936245,1.679265,2.588180
21.666064,79.976086,1.681797,2.600180
21.662413,80.015919,1.684676,2.612180
21.658618,80.055739,1.688024,2.624180
21.654593,80.095536,1.691934,2.636180
21.650253,80.135300,1.696337,2.648180
21.645584,80.175027,1.701129,2.660180
21.640609,80.214717,1.706255,2.672180
21.635341,80.254369,1.711716,2.684180
21.629782,80.293981,1.717487,2.696180
21.623926,80.333550,1.723398,2.708180
21.617758,80.373072,1.729290,2.720180
21.611254,80.412541,1.735120,2.732180
21.604373,80.451946,1.740872,2.744180
21.597074,80.491274,1.746502,2.756180
21.589394,80.530530,1.751945,2.768180
21.581426,80.569730,1.757097,2.780180
21.573251,80.608885,1.761906,2.792180
21.564927,80.648010,1.766333,2.804180
21.556510,80.687114,1.770348,2.816180
21.548056,80.726210,1.773929,2.828180
21.539616,80.765310,1.777115,2.840180
21.531185,80.804411,1.779948,2.852180
21.522729,80.843507,1.782460,2.864180
21.514210,80.882590,1.784663,2.876180
21.505591,80.921650,1.786556,2.888180
21.496858,80.960685,1.788188,2.900180
21.488063,80.999706,1.789626,2.912180
21.479267,81.038727,1.790935,2.924180
21.470507,81.077756,1.792174,2.936180
21.461809,81.116799,1.793365,2.948180
21.453162,81.155853,1.794517,2.960180
21.444512,81.194907,1.795681,2.972180
21.435805,81.233948,1.796918,2.984180
21.426984,81.272963,1.798255,2.996180
21.418002,81.311941,1.799609,3.008180
21.408878,81.350887,1.800885,3.020180
21.399657,81.389810,1.802063,3.032180
21.390360,81.428714,1.803174,3.044180
21.380995,81.467603,1.804232,3.056180
21.371584,81.506480,1.805221,3.068180
21.362171,81.545357,1.806148,3.080180
21.352788,81.584241,1.807051,3.092180
21.343379,81.623118,1.807955,3.104180
21.333865,81.661970,1.808766,3.116180
21.324239,81.700795,1.809353,3.128180
21.314539,81.739601,1.809662,3.140180
21.304805,81.778398,1.809735,3.152180
21.295077,81.817197,1.809599,3.164180
21.285394,81.856008,1.809215,3.176180
21.275796,81.894839,1.808550,3.188180
21.266318,81.933700,1.807699,3.200000
21.256924,81.972581,1.806792,3.200000
21.247534,82.011464,1.805885,3.200000
21.238117,82.050339,1.804947,3.200000
21.228715,82.089219,1.803940,3.200000
21.219369,82.128111,1.802862,3.200000
21.210093,82.167021,1.801720,3.200000
21.200895,82.205949,1.800518,3.200000
21.191808,82.244904,1.799263,3.200000
21.182873,82.283893,1.798033,3.200000
21.174090,82.322917,1.796944,3.200000
21.165406,82.361963,1.796084,3.200000
21.156763,82.401018,1.795429,3.200000
21.148106,82.440070,1.794941,3.200000
21.139386,82.479108,1.794605,3.200000
21.130612,82.518134,1.794429,3.200000
21.121820,82.557155,1.794423,3.200000
21.113044,82.596181,1.794588,3.200000
21.104321,82.635218,1.794914,3.200000
21.095662,82.674270,1.795391,3.200000
21.087020,82.713325,1.796033,3.200000
21.078340,82.752372,1.796879,3.200000
21.069564,82.791397,1.797953,3.200000
21.060637,82.830389,1.799175,3.200000
21.051557,82.869344,1.800427,3.200000
21.042365,82.908274,1.801627,3.200000
21.033094,82.947185,1.802767,3.200000
21.023752,82.986079,1.803843,3.200000
21.014354,83.024959,1.804849,3.200000
21.004938,83.063835,1.805784,3.200000
20.995549,83.102717,1.806686,3.200000
20.986160,83.141600,1.807588,3.200000
20.976690,83.180463,1.808440,3.200000
20.967100,83.219296,1.809112,3.200000
20.957424,83.258108,1.809505,3.200000
20.947701,83.296908,1.809649,3.200000
20.937970,83.335707,1.809583,3.200000
20.928272,83.374513,1.809284,3.200000
20.918645,83.413338,1.808709,3.200000
20.909130,83.452189,1.807905,3.200000
20.899721,83.491067,1.807002,3.200000
20.890343,83.529952,1.806100,3.200000
20.880937,83.568831,1.805177,3.200000
20.871528,83.607708,1.804191,3.200000
20.862165,83.646597,1.803140,3.200000
20.852868,83.685502,1.802038,3.200000
20.843646,83.724424,1.800870,3.200000
20.834521,83.763370,1.799595,3.200000
20.825534,83.802347,1.798235,3.200000
20.816708,83.841361,1.796915,3.200000
20.808000,83.880402,1.795756,3.200000
20.799350,83.919455,1.794757,3.200000
20.790706,83.958510,1.793880,3.200000
20.782014,83.997554,1.793097,3.200000
20.773258,84.036584,1.792429,3.200000
20.764462,84.075605,1.791876,3.200000
20.755664,84.114626,1.791396,3.200000
20.746929,84.153660,1.790949,3.200000
20.738316,84.192722,1.790537,3.200000
20.729794,84.231804,1.790178,3.200000
20.721299,84.270891,1.789894,3.200000
20.712771,84.309972,1.789680,3.200000
20.704158,84.349033,1.789537,3.200000
20.695431,84.388070,1.789478,3.200000
20.686618,84.427087,1.789489,3.200000
20.677751,84.466092,1.789520,3.200000
20.668874,84.505094,1.789527,3.200000
20.660030,84.544104,1.789504,3.200000
20.651257,84.583131,1.789460,3.200000
20.642588,84.622180,1.789437,3.200000
20.634026,84.661252,1.789434,3.200000
20.625521,84.700338,1.789445,3.200000
20.617019,84.739424,1.789471,3.200000
20.608458,84.778497,1.789506,3.200000
20.599781,84.817545,1.789530,3.200000
20.591006,84.856570,1.789540,3.200000
20.582192,84.895587,1.789539,3.200000
20.573400,84.934609,1.789538,3.200000
20.564694,84.973650,1.789533,3.200000
20.556109,85.012718,1.789482,3.200000
20.547598,85.051802,1.789359,3.200000
20.539099,85.090889,1.789185,3.200000
20.530556,85.129966,1.788972,3.200000
20.521916,85.169022,1.788722,3.200000
20.513165,85.208053,1.788434,3.200000
20.504337,85.247067,1.788077,3.200000
20.495468,85.286071,1.787645,3.200000
20.486592,85.325074,1.787137,3.200000
20.477748,85.364084,1.786552,3.200000
20.468995,85.403115,1.785893,3.200000
20.460399,85.442180,1.785197,3.200000
20.451959,85.481279,1.784475,3.200000
20.443614,85.520399,1.783711,3.200000
20.435302,85.559526,1.782872,3.200000
20.426961,85.598647,1.781948,3.200000
20.418548,85.637752,1.781052,3.200000
20.410096,85.676849,1.780300,3.200000
20.401667,85.715951,1.779682,3.200000
20.393324,85.755071,1.779164,3.200000
20.385131,85.794223,1.778726,3.200000
20.377102,85.833409,1.778377,3.200000
20.369175,85.872616,1.778154,3.200000
20.361285,85.911830,1.778068,3.200000
20.353398,85.951045,1.778118,3.200000
20.345486,85.990254,1.778305,3.200000
20.337491,86.029448,1.778629,3.200000
20.329345,86.068609,1.779045,3.200000
20.321035,86.107736,1.779539,3.200000
20.312623,86.146842,1.780123,3.200000
20.304171,86.185939,1.780843,3.200000
20.295742,86.225041,1.781729,3.200000
20.287384,86.264158,1.782651,3.200000
20.279071,86.303284,1.783442,3.200000
20.270741,86.342407,1.784079,3.200000
20.262332,86.381514,1.784607,3.200000
20.253780,86.420589,1.785055,3.200000
20.245062,86.459627,1.785415,3.200000
20.236236,86.498641,1.785653,3.200000
20.227368,86.537646,1.785752,3.200000
20.218493,86.576649,1.785714,3.200000
20.209639,86.615657,1.785546,3.200000
20.200857,86.654681,1.785255,3.200000
20.192216,86.693736,1.784861,3.200000
20.183742,86.732829,1.784335,3.200000
20.175380,86.771945,1.783647,3.200000
20.167066,86.811071,1.782763,3.200000
20.158738,86.850195,1.781658,3.200000
20.150342,86.889304,1.780445,3.200000
20.141894,86.928401,1.779291,3.200000
20.133456,86.967502,1.778239,3.200000
20.125090,87.006617,1.777243,3.200000
20.116850,87.045759,1.776265,3.200000
20.108772,87.084935,1.775311,3.200000
20.100835,87.124140,1.774409,3.200000
20.093002,87.163365,1.773594,3.200000
20.085237,87.202604,1.772872,3.200000
20.077504,87.241850,1.772221,3.200000
20.069750,87.281091,1.771610,3.200000
20.061907,87.320314,1.771042,3.200000
20.053941,87.359513,1.770629,3.200000
20.045904,87.398698,1.770466,3.200000
20.037860,87.437881,1.770559,3.200000
20.029872,87.477075,1.770908,3.200000
20.021999,87.516292,1.771441,3.200000
20.014232,87.555531,1.772041,3.200000
20.006502,87.594777,1.772673,3.200000
19.998750,87.634019,1.773369,3.200000
19.990940,87.673249,1.774156,3.200000
19.983034,87.712460,1.775034,3.200000
19.974997,87.751644,1.775978,3.200000
19.966799,87.790795,1.776949,3.200000
19.958461,87.829916,1.777938,3.200000
19.950039,87.869020,1.778972,3.200000
19.941591,87.908118,1.780097,3.200000
19.933180,87.947223,1.781312,3.200000
19.924842,87.986345,1.782461,3.200000
19.916533,88.025472,1.783401,3.200000
19.908190,88.064593,1.784136,3.200000
19.899751,88.103692,1.784701,3.200000
19.891155,88.142758,1.785128,3.200000
19.882402,88.181788,1.785449,3.200000
19.873560,88.220799,1.785653,3.200000
19.864689,88.259803,1.785725,3.200000
19.855817,88.298806,1.785658,3.200000
19.846976,88.337817,1.785461,3.200000
19.838225,88.376848,1.785147,3.200000
19.829632,88.415914,1.784726,3.200000
19.821194,88.455014,1.784165,3.200000
19.812851,88.494135,1.783432,3.200000
19.804539,88.533262,1.782495,3.200000
19.796197,88.572382,1.781348,3.200000
19.787781,88.611487,1.780140,3.200000
19.779329,88.650583,1.779024,3.200000
19.770905,88.689686,1.777997,3.200000
19.762566,88.728808,1.777008,3.200000
19.754367,88.767958,1.776038,3.200000
19.746330,88.807143,1.775108,3.200000
19.738422,88.846353,1.774250,3.200000
19.730609,88.885583,1.773444,3.200000
19.722855,88.924824,1.772655,3.200000
19.715120,88.964069,1.771861,3.200000
19.707347,89.003307,1.771043,3.200000
19.699466,89.042523,1.770237,3.200000
19.691471,89.081715,1.769563,3.200000
19.683424,89.120898,1.769086,3.200000
19.675389,89.160082,1.768804,3.200000
19.667419,89.199281,1.768710,3.200000
19.659562,89.238501,1.768715,3.200000
19.651806,89.277742,1.768715,3.200000
19.644118,89.316996,1.768686,3.200000
19.636456,89.356256,1.768623,3.200000
19.628776,89.395512,1.768522,3.200000
19.621036,89.434756,1.768355,3.200000
19.613201,89.473981,1.768104,3.200000
19.605249,89.513182,1.767865,3.200000
19.597223,89.552369,1.767749,3.200000
19.589176,89.591551,1.767771,3.200000
19.581168,89.630741,1.767930,3.200000
19.573253,89.669950,1.768183,3.200000
19.565452,89.709182,1.768424,3.200000
19.557735,89.748431,1.768582,3.200000
19.550067,89.787689,1.768644,3.200000
19.542402,89.826948,1.768599,3.200000
19.534695,89.866198,1.768455,3.200000
19.526910,89.905434,1.768227,3.200000
19.519014,89.944647,1.767968,3.200000
19.511017,89.983839,1.767788,3.200000
19.502973,90.023022,1.767743,3.200000
19.494939,90.062207,1.767837,3.200000
19.486972,90.101405,1.768062,3.200000
19.479118,90.140627,1.768320,3.200000
19.471365,90.179868,1.768501,3.200000
19.463678,90.219123,1.768610,3.200000
19.456017,90.258382,1.768678,3.200000
19.448335,90.297638,1.768713,3.200000
19.440592,90.336881,1.768717,3.200000
19.432754,90.376106,1.768706,3.200000
19.424801,90.415307,1.768777,3.200000
19.416772,90.454493,1.769027,3.200000
19.408723,90.493675,1.769473,3.200000
19.400715,90.532865,1.770116,3.200000
19.392813,90.572077,1.770908,3.200000
19.385027,90.611312,1.771732,3.200000
19.377291,90.650556,1.772528,3.200000
19.369542,90.689799,1.773317,3.200000
19.361741,90.729031,1.774118,3.200000
19.353851,90.768245,1.774965,3.200000
19.345837,90.807434,1.775887,3.200000
19.337665,90.846590,1.776852,3.200000
19.329345,90.885716,1.777838,3.200000
19.320931,90.924821,1.778856,3.200000
19.312479,90.963918,1.779954,3.200000
19.304053,91.003020,1.781157,3.200000
19.295701,91.042138,1.782325,3.200000
19.287388,91.081265,1.783299,3.200000
19.279054,91.120387,1.784062,3.200000
19.270636,91.159492,1.784648,3.200000
19.262071,91.198564,1.785090,3.200000
19.253341,91.237599,1.785419,3.200000
19.244510,91.276612,1.785637,3.200000
19.235641,91.315617,1.785725,3.200000
19.226767,91.354620,1.785675,3.200000
19.217918,91.393629,1.785491,3.200000
19.209146,91.432656,1.785186,3.200000
19.200521,91.471714,1.784778,3.200000
19.192060,91.510809,1.784238,3.200000
19.183706,91.549928,1.783532,3.200000
19.175396,91.589055,1.782628,3.200000
19.167067,91.628178,1.781504,3.200000
19.158668,91.667286,1.780288,3.200000
19.150221,91.706384,1.779146,3.200000
19.141791,91.745486,1.778101,3.200000
19.133436,91.784604,1.777104,3.200000
19.125212,91.823749,1.776126,3.200000
19.117150,91.862928,1.775184,3.200000
19.109226,91.902136,1.774312,3.200000
19.101402,91.941363,1.773498,3.200000
19.093644,91.980604,1.772708,3.200000
19.085914,92.019850,1.771917,3.200000
19.078157,92.059090,1.771107,3.200000
19.070305,92.098312,1.770293,3.200000
19.062331,92.137509,1.769589,3.200000
19.054292,92.176693,1.769078,3.200000
19.046253,92.215877,1.768765,3.200000
19.038271,92.255073,1.768644,3.200000
19.030395,92.294289,1.768644,3.200000
19.022626,92.333528,1.768654,3.200000
19.014929,92.372780,1.768636,3.200000
19.007268,92.412040,1.768585,3.200000
18.999597,92.451297,1.768499,3.200000
18.991872,92.490544,1.768351,3.200000
18.984058,92.529774,1.768116,3.200000
18.976128,92.568980,1.767871,3.200000
18.968112,92.608168,1.767733,3.200000
18.960066,92.647351,1.767734,3.200000
18.952047,92.686539,1.767872,3.200000
18.944111,92.725744,1.768119,3.200000
18.936291,92.764972,1.768373,3.200000
18.928561,92.804218,1.768550,3.200000
18.920886,92.843475,1.768634,3.200000
18.913224,92.882734,1.768610,3.200000
18.905528,92.921987,1.768485,3.200000
18.897760,92.961225,1.768272,3.200000
18.889886,93.000443,1.768012,3.200000
18.881904,93.039638,1.767810,3.200000
18.873864,93.078822,1.767742,3.200000
18.865824,93.118006,1.767809,3.200000
18.857840,93.157201,1.768009,3.200000
18.849965,93.196418,1.768271,3.200000
18.842195,93.235656,1.768486,3.200000
18.834499,93.274909,1.768614,3.200000
18.826836,93.314168,1.768641,3.200000
18.819162,93.353425,1.768562,3.200000
18.811434,93.392671,1.768389,3.200000
18.803615,93.431900,1.768138,3.200000
18.795681,93.471105,1.767893,3.200000
18.787662,93.510293,1.767758,3.200000
18.779616,93.549475,1.767759,3.200000
18.771598,93.588663,1.767896,3.200000
18.763665,93.627869,1.768142,3.200000
18.755848,93.667097,1.768392,3.200000
18.748120,93.706344,1.768564,3.200000
18.740447,93.745601,1.768642,3.200000
18.732784,93.784860,1.768613,3.200000
18.725087,93.824113,1.768484,3.200000
18.717316,93.863351,1.768268,3.200000
18.709438,93.902567,1.768006,3.200000
18.701453,93.941762,1.767807,3.200000
18.693413,93.980946,1.767741,3.200000
18.685374,94.020130,1.767813,3.200000
18.677392,94.059325,1.768022,3.200000
18.669520,94.098543,1.768283,3.200000
18.661754,94.137782,1.768477,3.200000
18.654059,94.177035,1.768596,3.200000
18.646397,94.216294,1.768668,3.200000
18.638722,94.255551,1.768708,3.200000
18.630991,94.294797,1.768717,3.200000
18.623169,94.334025,1.768703,3.200000
18.615233,94.373229,1.768754,3.200000
18.607212,94.412417,1.768975,3.200000
18.599162,94.451599,1.769390,3.200000
18.591144,94.490787,1.770003,3.200000
18.583222,94.529994,1.770779,3.200000
18.575422,94.569226,1.771606,3.200000
18.567682,94.608471,1.772406,3.200000
18.559939,94.647714,1.773195,3.200000
18.552148,94.686948,1.773992,3.200000
18.544274,94.726165,1.774830,3.200000
18.536281,94.765359,1.775743,3.200000
18.528135,94.804520,1.776702,3.200000
18.519834,94.843650,1.777688,3.200000
18.511431,94.882757,1.778698,3.200000
18.502981,94.921855,1.779782,3.200000
18.494546,94.960955,1.780975,3.200000
18.486183,95.000071,1.782161,3.200000
18.477868,95.039197,1.783172,3.200000
18.469542,95.078321,1.783968,3.200000
18.461141,95.117429,1.784581,3.200000
18.452602,95.156507,1.785046,3.200000
18.443894,95.195548,1.785394,3.200000
18.435073,95.234563,1.785635,3.200000
18.426207,95.273568,1.785747,3.200000
18.417332,95.312571,1.785722,3.200000
18.408475,95.351578,1.785563,3.200000
18.399685,95.390601,1.785279,3.200000
18.391032,95.429654,1.784893,3.200000
18.382548,95.468743,1.784379,3.200000
18.374180,95.507858,1.783704,3.200000
18.365864,95.546985,1.782835,3.200000
18.357540,95.586109,1.781744,3.200000
18.349149,95.625219,1.780533,3.200000
18.340703,95.664317,1.779372,3.200000
18.332262,95.703416,1.778315,3.200000
18.323889,95.742530,1.777314,3.200000
18.315637,95.781670,1.776330,3.200000
18.307549,95.820843,1.775378,3.200000
18.299602,95.860046,1.774489,3.200000
18.291763,95.899271,1.773665,3.200000
18.283994,95.938509,1.772867,3.200000
18.276260,95.977754,1.772071,3.200000
18.268510,96.016996,1.771258,3.200000
18.260675,96.056222,1.770430,3.200000
18.252716,96.095422,1.769694,3.200000
18.244683,96.134607,1.769145,3.200000
18.236641,96.173790,1.768794,3.200000
18.228648,96.212983,1.768636,3.200000
18.220755,96.252197,1.768618,3.200000
18.212972,96.291432,1.768625,3.200000
18.205269,96.330684,1.768605,3.200000
18.197608,96.369943,1.768553,3.200000
18.189944,96.409202,1.768469,3.200000
18.182233,96.448452,1.768329,3.200000
18.174438,96.487685,1.768103,3.200000
18.166529,96.526895,1.767850,3.200000
18.158526,96.566087,1.767689,3.200000
18.150483,96.605270,1.767668,3.200000
18.142459,96.644457,1.767786,3.200000
18.134510,96.683659,1.768023,3.200000
18.126675,96.722884,1.768286,3.200000
18.118936,96.762128,1.768478,3.200000
18.111258,96.801385,1.768580,3.200000
18.103598,96.840644,1.768577,3.200000
18.095912,96.879899,1.768470,3.200000
18.088159,96.919140,1.768275,3.200000
18.080305,96.958362,1.768019,3.200000
18.072337,96.997560,1.767804,3.200000
18.064303,97.036745,1.767718,3.200000
18.056260,97.075928,1.767768,3.200000
18.048265,97.115121,1.767959,3.200000
18.040371,97.154334,1.768222,3.200000
18.032587,97.193570,1.768437,3.200000
18.024882,97.232821,1.768569,3.200000
18.017217,97.272079,1.768650,3.200000
18.009548,97.311337,1.768698,3.200000
18.001829,97.350586,1.768714,3.200000
17.994027,97.389817,1.768702,3.200000
17.986111,97.429026,1.768733,3.200000
17.978102,97.468216,1.768919,3.200000
17.970053,97.507398,1.769298,3.200000
17.962024,97.546584,1.769874,3.200000
17.954079,97.585787,1.770629,3.200000
17.946260,97.625015,1.771455,3.200000
17.938515,97.664258,1.772259,3.200000
17.930776,97.703503,1.773048,3.200000
17.922996,97.742739,1.773842,3.200000
17.915141,97.781960,1.774670,3.200000
17.907173,97.821158,1.775567,3.200000
17.899057,97.860326,1.776520,3.200000
17.890782,97.899461,1.777502,3.200000
17.882393,97.938572,1.778505,3.200000
17.873948,97.977670,1.779571,3.200000
17.865506,98.016769,1.780747,3.200000
17.857128,98.055882,1.781947,3.200000
17.848809,98.095007,1.783001,3.200000
17.840489,98.134132,1.783834,3.200000
17.832106,98.173244,1.784479,3.200000
17.823598,98.212329,1.784969,3.200000
17.814918,98.251376,1.785336,3.200000
17.806113,98.290395,1.785600,3.200000
17.797251,98.329401,1.785738,3.200000
17.788376,98.368404,1.785740,3.200000
17.779513,98.407410,1.785605,3.200000
17.770705,98.446428,1.785344,3.200000
17.762022,98.485474,1.784980,3.200000
17.753509,98.524558,1.784493,3.200000
17.745124,98.563669,1.783853,3.200000
17.736803,98.602794,1.783025,3.200000
17.728485,98.641920,1.781977,3.200000
17.720109,98.681033,1.780779,3.200000
17.711668,98.720132,1.779599,3.200000
17.703222,98.759230,1.778529,3.200000
17.694831,98.798340,1.777528,3.200000
17.686552,98.837474,1.776550,3.200000
17.678433,98.876641,1.775594,3.200000
17.670461,98.915839,1.774676,3.200000
17.662603,98.955060,1.773843,3.200000
17.654822,98.994296,1.773104,3.200000
17.647083,99.033540,1.772443,3.200000
17.639338,99.072783,1.771829,3.200000
17.631522,99.112012,1.771244,3.200000
17.623581,99.151216,1.770786,3.200000
17.615553,99.190402,1.770566,3.200000
17.607501,99.229583,1.770597,3.200000
17.599488,99.268773,1.770868,3.200000
17.591578,99.307982,1.771358,3.200000
17.583785,99.347216,1.771992,3.200000
17.576048,99.386461,1.772728,3.200000
17.568301,99.425703,1.773581,3.200000
17.560505,99.464936,1.774572,3.200000
17.552624,99.504152,1.775710,3.200000
17.544620,99.543343,1.776988,3.200000
17.536457,99.582502,1.778349,3.200000
17.528143,99.621628,1.779775,3.200000
17.519740,99.660736,1.781288,3.200000
17.511303,99.699836,1.782967,3.200000
17.502864,99.738935,1.784872,3.200000
17.494443,99.778039,1.786900,3.200000
17.486011,99.817140,1.788907,3.200000
17.477514,99.856227,1.790891,3.200000
17.468894,99.895288,1.792912,3.200000
17.460083,99.934305,1.794956,3.200000
17.451059,99.973274,1.796916,3.200000
17.441886,100.012208,1.798708,3.200000
17.432634,100.051124,1.800379,3.200000
17.423318,100.090024,1.801998,3.200000
17.413938,100.128908,1.803571,3.200000
17.404522,100.167784,1.805072,3.200000
17.395121,100.206664,1.806520,3.200000
17.385742,100.245549,1.807946,3.200000
17.376307,100.284420,1.809354,3.200000
17.366753,100.323262,1.810641,3.200000
17.357101,100.362080,1.811702,3.200000
17.347401,100.400887,1.812591,3.200000
17.337676,100.439686,1.813426,3.200000
17.327931,100.478481,1.814241,3.200000
17.318187,100.517276,1.814968,3.200000
17.308488,100.556083,1.815588,3.200000
17.298864,100.594907,1.816246,3.200000
17.289257,100.633737,1.817089,3.200000
17.279597,100.672552,1.818052,3.200000
17.269867,100.711351,1.819004,3.200000
17.260092,100.750139,1.819911,3.200000
17.250280,100.788916,1.820847,3.200000
17.240412,100.827680,1.821866,3.200000
17.230483,100.866428,1.822948,3.200000
17.220534,100.905171,1.824070,3.200000
17.210612,100.943921,1.825248,3.200000
17.200686,100.982670,1.826511,3.200000
17.190679,101.021398,1.827834,3.200000
17.180555,101.060095,1.829127,3.200000
17.170332,101.098767,1.830327,3.200000
17.160026,101.137417,1.831466,3.200000
17.149631,101.176042,1.832576,3.200000
17.139136,101.214641,1.833614,3.200000
17.128555,101.253216,1.834518,3.200000
17.117914,101.291775,1.835295,3.200000
17.107239,101.330324,1.836021,3.200000
17.096551,101.368870,1.836730,3.200000
17.085869,101.407417,1.837338,3.200000
17.075194,101.445967,1.837758,3.200000
17.064522,101.484516,1.837978,3.200000
17.053845,101.523065,1.838005,3.200000
17.043158,101.561611,1.837877,3.200000
17.032469,101.600156,1.837659,3.200000
17.021808,101.638710,1.837408,3.200000
17.011202,101.677278,1.837138,3.200000
17.000648,101.715860,1.836863,3.200000
16.990139,101.754455,1.836605,3.200000
16.979672,101.793062,1.836387,3.200000
16.969244,101.831678,1.836238,3.200000
16.958860,101.870307,1.836193,3.200000
16.948537,101.908952,1.836271,3.200000
16.938277,101.947614,1.836459,3.200000
16.928026,101.986278,1.836744,3.200000
16.917724,102.024928,1.837148,3.200000
16.907355,102.063561,1.837701,3.200000
16.896936,102.102181,1.838434,3.200000
16.886478,102.140789,1.839379,3.200000
16.875985,102.179388,1.840557,3.200000
16.865454,102.217977,1.841950,3.200000
16.854860,102.256549,1.843542,3.200000
16.844173,102.295095,1.845364,3.200000
16.833388,102.333613,1.847462,3.200000
16.822509,102.372106,1.849839,3.200000
16.811543,102.410573,1.852464,3.200000
16.800499,102.449018,1.855301,3.200000
16.789374,102.487440,1.858287,3.200000
16.778144,102.525832,1.861349,3.200000
16.766777,102.564183,1.864502,3.200000
16.755270,102.602492,1.867797,3.200000
16.743637,102.640763,1.871258,3.200000
16.731879,102.678996,1.874873,3.200000
16.719977,102.717184,1.878637,3.200000
16.707910,102.755321,1.882528,3.200000
16.695641,102.793393,1.886521,3.200000
16.683137,102.831389,1.890596,3.200000
16.670423,102.869314,1.894741,3.200000
16.657570,102.907193,1.898919,3.200000
16.644619,102.945039,1.903079,3.200000
16.631542,102.982841,1.907180,3.200000
16.618302,103.020586,1.911191,3.200000
16.604873,103.058265,1.915069,3.200000
16.591236,103.095869,1.918797,3.200000
16.577390,103.133396,1.922469,3.200000
16.563364,103.170857,1.926157,3.200000
16.549182,103.208258,1.929785,3.200000
16.534864,103.245608,1.933261,3.200000
16.520425,103.282911,1.936637,3.200000
16.505877,103.320172,1.940022,3.200000
16.491230,103.357394,1.943424,3.200000
16.476503,103.394584,1.946787,3.200000
16.461740,103.431760,1.950055,3.200000
16.446974,103.468935,1.953212,3.200000
16.432151,103.506087,1.956277,3.200000
16.417176,103.543178,1.959302,3.200000
16.402015,103.580194,1.962301,3.200000
16.386713,103.617151,1.965276,3.200000
16.371312,103.654068,1.968275,3.200000
16.355811,103.690942,1.971378,3.200000
16.340195,103.727768,1.974625,3.200000
16.324464,103.764545,1.977922,3.200000
16.308627,103.801276,1.981196,3.200000
16.292690,103.837964,1.984512,3.200000
16.276628,103.874598,1.987949,3.200000
16.260415,103.911165,1.991432,3.200000
16.244049,103.947664,1.994776,3.200000
16.227551,103.984103,1.997920,3.200000
16.210925,104.020485,2.000936,3.200000
16.194132,104.056789,2.003917,3.200000
16.177130,104.092996,2.006881,3.200000
16.159956,104.129121,2.009767,3.200000
16.142697,104.165207,2.012529,3.200000
16.125407,104.201277,2.015194,3.200000
16.108044,104.237312,2.017803,3.200000
16.090552,104.273284,2.020354,3.200000
16.072950,104.309203,2.022767,3.200000
16.055303,104.345101,2.024999,3.200000
16.037652,104.380996,2.027101,3.200000
16.019962,104.416871,2.029136,3.200000
16.002189,104.452705,2.031106,3.200000
15.984338,104.488502,2.032909,3.200000
15.966452,104.524280,2.034556,3.200000
15.948554,104.560052,2.036158,3.200000
15.930611,104.595802,2.037797,3.200000
15.912586,104.631511,2.039466,3.200000
15.894487,104.667181,2.041092,3.200000
15.876358,104.702838,2.042698,3.200000
15.858226,104.738492,2.044351,3.200000
15.840038,104.774118,2.046066,3.200000
15.821729,104.809681,2.047798,3.200000
15.803305,104.845186,2.049486,3.200000
15.784834,104.880666,2.051143,3.200000
15.766367,104.916148,2.052807,3.200000
15.747861,104.951610,2.054480,3.200000
15.729253,104.987018,2.056120,3.200000
15.710527,105.022364,2.057679,3.200000
15.691718,105.057666,2.059184,3.200000
15.672860,105.092942,2.060695,3.200000
15.653948,105.128188,2.062270,3.200000
15.634968,105.163398,2.063903,3.200000
15.615919,105.198571,2.065547,3.200000
15.596824,105.233719,2.067247,3.200000
15.577705,105.268854,2.069076,3.200000
15.558562,105.303976,2.071064,3.200000
15.539384,105.339079,2.073157,3.200000
15.520170,105.374162,2.075295,3.200000
15.500934,105.409233,2.077495,3.200000
15.481693,105.444302,2.079797,3.200000
15.462415,105.479350,2.082232,3.200000
15.443037,105.514342,2.084797,3.200000
15.423514,105.549254,2.087491,3.200000
15.403859,105.584092,2.090360,3.200000
15.384092,105.618868,2.093463,3.200000
15.364215,105.653579,2.096809,3.200000
15.344204,105.688214,2.100342,3.200000
15.324039,105.722759,2.104006,3.200000
15.303725,105.757217,2.107781,3.200000
15.283272,105.791593,2.111663,3.200000
15.262682,105.825887,2.115630,3.200000
15.241947,105.860093,2.119594,3.200000
15.221053,105.894203,2.123463,3.200000
15.199986,105.928206,2.127204,3.200000
15.178729,105.962091,2.130821,3.200000
15.157274,105.995849,2.134315,3.200000
15.135642,106.029496,2.137672,3.200000
15.113866,106.063050,2.140891,3.200000
15.091973,106.096526,2.143982,3.200000
15.069983,106.129940,2.146947,3.200000
15.047916,106.163302,2.149779,3.200000
15.025784,106.196622,2.152448,3.200000
15.003592,106.229901,2.154905,3.200000
14.981345,106.263144,2.157099,3.200000
14.959060,106.296361,2.159031,3.200000
14.936754,106.329563,2.160746,3.200000
14.914433,106.362757,2.162319,3.200000
14.892080,106.395928,2.163794,3.200000
14.869674,106.429063,2.165193,3.200000
14.847211,106.462161,2.166534,3.200000
14.824704,106.495228,2.167848,3.200000
14.802166,106.528274,2.169165,3.200000
14.779618,106.561313,2.170496,3.200000
14.757081,106.594360,2.171845,3.200000
14.734563,106.627420,2.173228,3.200000
14.712027,106.660467,2.174667,3.200000
14.689424,106.693469,2.176183,3.200000
14.666729,106.726407,2.177760,3.200000
14.643952,106.759289,2.179376,3.200000
14.621106,106.792123,2.181024,3.200000
14.598195,106.824911,2.182730,3.200000
14.575216,106.857652,2.184525,3.200000
14.552167,106.890344,2.186442,3.200000
14.529048,106.922986,2.188504,3.200000
14.505858,106.955578,2.190684,3.200000
14.482600,106.988121,2.192896,3.200000
14.459275,107.020616,2.195048,3.200000
14.435886,107.053066,2.197105,3.200000
14.412433,107.085469,2.199096,3.200000
14.388905,107.117818,2.201056,3.200000
14.365292,107.150105,2.203003,3.200000
14.341587,107.182324,2.204940,3.200000
14.317781,107.214469,2.206876,3.200000
14.293872,107.246536,2.208828,3.200000
14.269884,107.278545,2.210811,3.200000
14.245859,107.310527,2.212816,3.200000
14.221830,107.342505,2.214828,3.200000
14.197791,107.374476,2.216834,3.200000
14.173719,107.406422,2.218820,3.200000
14.149600,107.438332,2.220757,3.200000
14.125426,107.470201,2.222622,3.200000
14.101198,107.502029,2.224425,3.200000
14.076908,107.533809,2.226178,3.200000
14.052545,107.565534,2.227901,3.200000
14.028097,107.597193,2.229644,3.200000
14.003562,107.628785,2.231504,3.200000
13.978951,107.660317,2.233562,3.200000
13.954276,107.691800,2.235826,3.200000
13.929547,107.723240,2.238252,3.200000
13.904778,107.754648,2.240804,3.200000
13.879977,107.786032,2.243469,3.200000
13.855140,107.817386,2.246245,3.200000
13.830249,107.848699,2.249125,3.200000
13.805287,107.879955,2.252089,3.200000
13.780232,107.911135,2.255115,3.200000
13.755056,107.942219,2.258187,3.200000
13.729739,107.973187,2.261327,3.200000
13.704282,108.004041,2.264557,3.200000
13.678695,108.034788,2.267906,3.200000
13.652986,108.065432,2.271405,3.200000
13.627155,108.095973,2.275085,3.200000
13.601201,108.126410,2.278945,3.200000
13.575126,108.156743,2.282937,3.200000
13.548931,108.186973,2.287010,3.200000
13.522621,108.217102,2.291114,3.200000
13.496197,108.247133,2.295190,3.200000
13.469657,108.277059,2.299182,3.200000
13.442995,108.306878,2.303061,3.200000
13.416206,108.336584,2.306834,3.200000
13.389284,108.366168,2.310509,3.200000
13.362222,108.395623,2.314084,3.200000
13.335015,108.424946,2.317551,3.200000
13.307676,108.454146,2.320900,3.200000
13.280223,108.483238,2.324125,3.200000
13.252671,108.512236,2.327224,3.200000
13.225030,108.541150,2.330195,3.200000
13.197312,108.569988,2.333028,3.200000
13.169524,108.598761,2.335710,3.200000
13.141674,108.627473,2.338227,3.200000
13.113764,108.656127,2.340563,3.200000
13.085799,108.684727,2.342695,3.200000
13.057782,108.713276,2.344598,3.200000
13.029718,108.741779,2.346268,3.200000
13.001612,108.770240,2.347731,3.200000
12.973469,108.798665,2.349024,3.200000
12.945294,108.827058,2.350181,3.200000
12.917089,108.855422,2.351229,3.200000
12.888861,108.883762,2.352188,3.200000
12.860611,108.912081,2.353078,3.200000
12.832344,108.940382,2.353910,3.200000
12.804063,108.968670,2.354699,3.200000
12.775776,108.996951,2.355456,3.200000
12.747489,109.025233,2.356199,3.200000
12.719207,109.053520,2.356941,3.200000
12.690926,109.081807,2.357699,3.200000
12.662638,109.110087,2.358485,3.200000
12.634337,109.138355,2.359317,3.200000
12.606018,109.166604,2.360210,3.200000
12.577678,109.194833,2.361180,3.200000
12.549313,109.223037,2.362238,3.200000
12.520921,109.251212,2.363392,3.200000
12.492495,109.279355,2.364657,3.200000
12.464033,109.307459,2.366061,3.200000
12.435529,109.335522,2.367644,3.200000
12.406979,109.363539,2.369436,3.200000
12.378380,109.391505,2.371433,3.200000
12.349727,109.419415,2.373606,3.200000
12.321014,109.447265,2.375932,3.200000
12.292237,109.475048,2.378393,3.200000
12.263391,109.502759,2.380981,3.200000
12.234474,109.530396,2.383686,3.200000
12.205485,109.557958,2.386494,3.200000
12.176418,109.585438,2.389386,3.200000
12.147260,109.612821,2.392342,3.200000
12.117995,109.640089,2.395350,3.200000
12.088610,109.667227,2.398409,3.200000
12.059109,109.694241,2.401517,3.200000
12.029503,109.721140,2.404666,3.200000
11.999800,109.747930,2.407843,3.200000
11.970004,109.774617,2.411037,3.200000
11.940116,109.801201,2.414246,3.200000
11.910140,109.827686,2.417483,3.200000
11.880081,109.854077,2.420761,3.200000
11.849947,109.880381,2.424042,3.200000
11.819742,109.906605,2.427241,3.200000
11.789467,109.932747,2.430277,3.200000
11.759118,109.958804,2.433137,3.200000
11.728694,109.984773,2.435866,3.200000
11.698195,110.010654,2.438507,3.200000
11.667625,110.036451,2.441081,3.200000
11.636983,110.062163,2.443594,3.200000
11.606264,110.087782,2.446052,3.200000
11.575459,110.113297,2.448484,3.200000
11.544567,110.138708,2.450925,3.200000
11.513611,110.164040,2.453407,3.200000
11.482621,110.189331,2.455907,3.200000
11.451614,110.214602,2.458383,3.200000
11.420583,110.239841,2.460798,3.200000
11.389510,110.265030,2.463150,3.200000
11.358385,110.290155,2.465441,3.200000
11.327207,110.315214,2.467669,3.200000
11.295973,110.340203,2.469801,3.200000
11.264679,110.365117,2.471793,3.200000
11.233312,110.389938,2.473632,3.200000
11.201859,110.414651,2.475388,3.200000
11.170323,110.439257,2.477162,3.200000
11.138721,110.463780,2.479010,3.200000
11.107074,110.488243,2.480909,3.200000
11.075389,110.512658,2.482803,3.200000
11.043666,110.537022,2.484656,3.200000
11.011905,110.561338,2.486456,3.200000
10.980117,110.585618,2.488197,3.200000
10.948316,110.609881,2.489845,3.200000
10.916511,110.634139,2.491348,3.200000
10.884686,110.658371,2.492668,3.200000
10.852818,110.682545,2.493846,3.200000
10.820889,110.706640,2.494975,3.200000
10.788911,110.730669,2.496125,3.200000
10.756897,110.754650,2.497305,3.200000
10.724856,110.778596,2.498497,3.200000
10.692791,110.802508,2.499704,3.200000
10.660702,110.826389,2.500958,3.200000
10.628597,110.850250,2.502311,3.200000
10.596494,110.874111,2.503794,3.200000
10.564405,110.897992,2.505398,3.200000
10.532317,110.921875,2.507071,3.200000
10.500199,110.945716,2.508766,3.200000
10.468021,110.969477,2.510479,3.200000
10.435784,110.993159,2.512240,3.200000
10.403500,111.016775,2.514088,3.200000
10.371174,111.040334,2.516044,3.200000
10.338798,111.063825,2.518133,3.200000
10.306360,111.087228,2.520392,3.200000
10.273851,111.110535,2.522878,3.200000
10.241274,111.133746,2.525590,3.200000
10.208632,111.156866,2.528483,3.200000
10.175927,111.179895,2.531459,3.200000
10.143158,111.202835,2.534487,3.200000
10.110326,111.225684,2.537576,3.200000
10.077428,111.248437,2.540762,3.200000
10.044457,111.271084,2.544042,3.200000
10.011406,111.293616,2.547389,3.200000
9.978262,111.316011,2.550752,3.200000
9.945011,111.338245,2.554087,3.200000
9.911653,111.360318,2.557376,3.200000
9.878211,111.382265,2.560656,3.200000
9.844711,111.404123,2.563965,3.200000
9.811153,111.425892,2.567313,3.200000
9.777519,111.447543,2.570674,3.200000
9.743793,111.469050,2.574020,3.200000
9.709981,111.490421,2.577320,3.200000
9.676094,111.511674,2.580542,3.200000
9.642143,111.532824,2.583653,3.200000
9.608138,111.553888,2.586630,3.200000
9.574089,111.574880,2.589457,3.200000
9.539991,111.595794,2.592157,3.200000
9.505831,111.616603,2.594757,3.200000
9.471596,111.637291,2.597274,3.200000
9.437293,111.657866,2.599677,3.200000
9.402934,111.678346,2.601930,3.200000
9.368528,111.698748,2.604023,3.200000
9.334083,111.719084,2.605977,3.200000
9.299608,111.739368,2.607815,3.200000
9.265100,111.759598,2.609560,3.200000
9.230557,111.779766,2.611239,3.200000
9.195975,111.799869,2.612864,3.200000
9.161366,111.819924,2.614396,3.200000
9.126740,111.839950,2.615795,3.200000
9.092102,111.859955,2.617066,3.200000
9.057449,111.879934,2.618266,3.200000
9.022777,111.899881,2.619442,3.200000
8.988089,111.919798,2.620604,3.200000
8.953383,111.939686,2.621754,3.200000
8.918661,111.959546,2.622911,3.200000
8.883922,111.979375,2.624098,3.200000
8.849165,111.999173,2.625332,3.200000
8.814392,112.018942,2.626615,3.200000
8.779606,112.038688,2.627955,3.200000
8.744806,112.058411,2.629379,3.200000
8.709983,112.078092,2.630932,3.200000
8.675125,112.097711,2.632654,3.200000
8.640228,112.117262,2.634497,3.200000
8.605301,112.136757,2.636386,3.200000
8.570344,112.156201,2.638281,3.200000
8.535351,112.175578,2.640241,3.200000
8.500306,112.194861,2.642327,3.200000
8.465206,112.214044,2.644508,3.200000
8.430057,112.233138,2.646708,3.200000
8.394866,112.252155,2.648882,3.200000
8.359621,112.271070,2.651066,3.200000
8.324302,112.289847,2.653291,3.200000
8.288907,112.308478,2.655523,3.200000
8.253461,112.327016,2.657718,3.200000
8.217994,112.345512,2.659856,3.200000
8.182499,112.363955,2.661977,3.200000
8.146952,112.382294,2.664103,3.200000
8.111340,112.400510,2.666192,3.200000
8.075692,112.418655,2.668191,3.200000
8.040037,112.436785,2.670083,3.200000
8.004373,112.454898,2.671938,3.200000
7.968677,112.472948,2.673798,3.200000
7.932937,112.490910,2.675610,3.200000
7.897168,112.508816,2.677338,3.200000
7.861391,112.526705,2.679016,3.200000
7.825602,112.544568,2.680783,3.200000
7.789780,112.562367,2.682698,3.200000
7.753913,112.580076,2.684712,3.200000
7.718021,112.597732,2.686797,3.200000
7.682123,112.615378,2.688989,3.200000
7.646213,112.632998,2.691354,3.200000
7.610259,112.650527,2.693856,3.200000
7.574239,112.667922,2.696440,3.200000
7.538175,112.685225,2.699112,3.200000
7.502093,112.702491,2.701925,3.200000
7.465983,112.719697,2.704918,3.200000
7.429803,112.736757,2.708048,3.200000
7.393526,112.753608,2.711256,3.200000
7.357164,112.770276,2.714547,3.200000
7.320739,112.786807,2.717987,3.200000
7.284257,112.803211,2.721645,3.200000
7.247713,112.819475,2.725470,3.200000
7.211103,112.835590,2.729289,3.200000
7.174428,112.851557,2.732992,3.200000
7.137690,112.867378,2.736619,3.200000
7.100888,112.883053,2.740273,3.200000
7.064024,112.898577,2.743908,3.200000
7.027096,112.913950,2.747419,3.200000
6.990107,112.929176,2.750795,3.200000
6.953059,112.944259,2.754048,3.200000
6.915947,112.959183,2.757142,3.200000
6.878763,112.973924,2.760022,3.200000
6.841513,112.988500,2.762738,3.200000
6.804232,113.002997,2.765354,3.200000
6.766948,113.017485,2.767824,3.200000
6.729654,113.031946,2.770060,3.200000
6.692332,113.046335,2.772016,3.200000
6.654972,113.060628,2.773726,3.200000
6.617574,113.074818,2.775234,3.200000
6.580140,113.088916,2.776612,3.200000
6.542694,113.102979,2.777922,3.200000
6.505256,113.117065,2.779131,3.200000
6.467822,113.131159,2.780160,3.200000
6.430368,113.145203,2.781058,3.200000
6.392891,113.159184,2.781960,3.200000
6.355414,113.173165,2.782934,3.200000
6.317960,113.187207,2.783987,3.200000
6.280526,113.201303,2.785144,3.200000
6.243101,113.215423,2.786411,3.200000
6.205670,113.229527,2.787706,3.200000
6.168212,113.243561,2.789025,3.200000
6.130717,113.257493,2.790525,3.200000
6.093195,113.271352,2.792351,3.200000
6.055661,113.285180,2.794441,3.200000
6.018116,113.298979,2.796676,3.200000
5.980554,113.312729,2.799062,3.200000
5.942960,113.326394,2.801671,3.200000
5.905315,113.339916,2.804522,3.200000
5.867603,113.353249,2.807578,3.200000
5.829834,113.366422,2.810801,3.200000
5.792030,113.379494,2.814136,3.200000
5.754187,113.392455,2.817524,3.200000
5.716282,113.405228,2.820966,3.200000
5.678297,113.417764,2.824482,3.200000
5.640242,113.430087,2.828069,3.200000
5.602132,113.442238,2.831707,3.200000
5.563975,113.454240,2.835377,3.200000
5.525776,113.466109,2.839020,3.200000
5.487540,113.477856,2.842554,3.200000
5.449265,113.489476,2.845961,3.200000
5.410951,113.500967,2.849317,3.200000
5.372596,113.512321,2.852678,3.200000
5.334199,113.523532,2.855963,3.200000
5.295766,113.534617,2.859068,3.200000
5.257305,113.545608,2.861994,3.200000
5.218823,113.556520,2.864813,3.200000
5.180316,113.567348,2.867569,3.200000
5.141784,113.578084,2.870207,3.200000
5.103226,113.588729,2.872670,3.200000
5.064644,113.599284,2.874952,3.200000
5.026037,113.609750,2.877068,3.200000
4.987406,113.620124,2.879026,3.200000
4.948750,113.630408,2.880837,3.200000
4.910072,113.640605,2.882493,3.200000
4.871371,113.650716,2.883946,3.200000
4.832644,113.660727,2.885152,3.200000
4.793888,113.670625,2.886138,3.200000
4.755112,113.680444,2.886948,3.200000
4.716332,113.690249,2.887610,3.200000
4.677558,113.700078,2.888145,3.200000
4.638788,113.709919,2.888572,3.200000
4.600018,113.719762,2.888915,3.200000
4.561244,113.729590,2.889199,3.200000
4.522464,113.739393,2.889450,3.200000
4.483688,113.749215,2.889697,3.200000
4.444936,113.759126,2.889958,3.200000
4.406213,113.769153,2.890239,3.200000
4.367510,113.779256,2.890567,3.200000
4.328816,113.789396,2.891024,3.200000
4.290128,113.799557,2.891704,3.200000
4.251442,113.809724,2.892686,3.200000
4.212752,113.819879,2.894039,3.200000
4.174054,113.830000,2.895750,3.200000
4.135342,113.840068,2.897743,3.200000
4.096611,113.850065,2.899986,3.200000
4.057857,113.859970,2.902556,3.200000
4.019074,113.869761,2.905520,3.200000
3.980256,113.879415,2.908798,3.200000
3.941402,113.888920,2.912277,3.200000
3.902509,113.898268,2.915975,3.200000
3.863570,113.907423,2.919976,3.200000
3.824571,113.916316,2.924306,3.200000
3.785503,113.924901,2.928912,3.200000
3.746375,113.933210,2.933748,3.200000
3.707198,113.941283,2.938808,3.200000
3.667977,113.949138,2.944086,3.200000
3.628714,113.956782,2.949521,3.200000
3.589416,113.964244,2.955038,3.200000
3.550092,113.971571,2.960603,3.200000
3.510746,113.978776,2.966221,3.200000
3.471365,113.985785,2.971884,3.200000
3.431938,113.992530,2.977506,3.200000
3.392466,113.999011,2.982997,3.200000
3.352955,114.005252,2.988383,3.200000
3.313408,114.011251,2.993749,3.200000
3.273822,114.016991,2.999050,3.200000
3.234199,114.022478,3.004174,3.200000
3.194548,114.027749,3.009063,3.200000
3.154872,114.032832,3.013741,3.200000
3.115172,114.037720,3.018222,3.200000
3.075447,114.042403,3.022364,3.200000
3.035698,114.046884,3.025996,3.200000
2.995928,114.051171,3.029124,3.200000
2.956137,114.055254,3.031839,3.200000
2.916323,114.059106,3.034168,3.200000
2.876488,114.062742,3.036073,3.200000
2.836643,114.066257,3.037535,3.200000
2.796795,114.069740,3.038593,3.200000
2.756947,114.073226,3.039297,3.200000
2.717102,114.076741,3.039649,3.200000
2.677264,114.080345,3.039625,3.200000
2.637442,114.084112,3.039251,3.200000
2.597637,114.088050,3.038577,3.200000
2.557842,114.092105,3.037630,3.200000
2.518057,114.096244,3.036395,3.200000
2.478281,114.100476,3.034879,3.200000
2.438517,114.104813,3.033228,3.200000
2.398765,114.109254,3.031595,3.200000
2.359023,114.113793,3.029950,3.200000
2.319293,114.118433,3.028223,3.200000
2.279576,114.123184,3.026488,3.200000
2.239871,114.128037,3.024896,3.200000
2.200175,114.132958,3.023555,3.200000
2.160484,114.137922,3.022432,3.200000
2.120797,114.142914,3.021483,3.200000
2.081111,114.147918,3.020731,3.200000
2.041421,114.152889,3.020224,3.200000
2.001722,114.157781,3.019993,3.200000
1.962016,114.162627,3.020055,3.200000
1.922317,114.167518,3.020439,3.200000
1.882627,114.172490,3.021187,3.200000
1.842941,114.177494,3.022325,3.200000
1.803254,114.182487,3.023831,3.200000
1.763563,114.187450,3.025701,3.200000
1.723866,114.192368,3.028004,3.200000
1.684162,114.197220,3.030801,3.200000
1.644446,114.201981,3.034017,3.200000
1.604717,114.206628,3.037533,3.200000
1.564972,114.211140,3.041287,3.200000
1.525210,114.215495,3.045359,3.200000
1.485428,114.219666,3.049829,3.200000
1.445624,114.223630,3.054648,3.200000
1.405800,114.227376,3.059722,3.200000
1.365954,114.230890,3.064953,3.200000
1.326084,114.234116,3.070260,3.200000
1.286186,114.236977,3.075570,3.200000
1.246263,114.239458,3.080800,3.200000
1.206320,114.241605,3.085867,3.200000
1.166362,114.243457,3.090693,3.200000
1.126393,114.245034,3.095196,3.200000
1.086414,114.246352,3.099280,3.200000
1.046429,114.247429,3.102861,3.200000
1.006438,114.248283,3.105900,3.200000
0.966443,114.248956,3.108366,3.200000
0.926447,114.249501,3.110204,3.200000
0.886450,114.249968,3.111301,3.200000
0.846452,114.250400,3.111536,3.200000
0.806454,114.250843,3.110893,3.200000
0.766457,114.251340,3.109438,3.200000
0.726462,114.251938,3.107287,3.200000
0.686469,114.252689,3.104536,3.200000
0.646480,114.253644,3.101253,3.200000
0.606497,114.254831,3.097503,3.200000
0.566523,114.256268,3.093374,3.200000
0.526559,114.257970,3.088983,3.200000
0.486608,114.259957,3.084446,3.200000
0.446673,114.262255,3.079871,3.200000
0.406761,114.264907,3.075364,3.200000
0.366876,114.267944,3.071034,3.200000
0.327018,114.271315,3.066989,3.200000
0.287183,114.274951,3.063332,3.200000
0.247369,114.278803,3.060178,3.200000
0.207572,114.282832,3.057654,3.200000
0.167789,114.286996,3.055866,3.200000
0.128016,114.291247,3.054830,3.200000
0.088247,114.295541,3.054512,3.200000
0.048478,114.299832,3.054892,3.200000
0.008704,114.304078,3.055993,3.200000
-0.031080,114.308231,3.057850,3.200000
-0.070878,114.312246,3.060434,3.200000
-0.110694,114.316081,3.063639,3.200000
-0.150531,114.319696,3.067334,3.200000
-0.190392,114.323040,3.071409,3.200000
-0.230279,114.326043,3.075759,3.200000
-0.270193,114.328662,3.080276,3.200000
-0.310130,114.330931,3.084852,3.200000
-0.350082,114.332892,3.089380,3.200000
-0.390047,114.334570,3.093753,3.200000
-0.430022,114.335984,3.097853,3.200000
-0.470006,114.337150,3.101564,3.200000
-0.509995,114.338085,3.104803,3.200000
-0.549988,114.338820,3.107504,3.200000
-0.589984,114.339407,3.109597,3.200000
-0.629981,114.339898,3.110984,3.200000
-0.669979,114.340338,3.111549,3.200000
-0.709976,114.340772,3.111237,3.200000
-0.749973,114.341243,3.110074,3.200000
-0.789970,114.341798,3.108174,3.200000
-0.829964,114.342484,3.105641,3.200000
-0.869955,114.343357,3.102551,3.200000
-0.909940,114.344455,3.098969,3.200000
-0.949917,114.345795,3.094970,3.200000
-0.989886,114.347395,3.090663,3.200000
-1.029842,114.349273,3.086168,3.200000
-1.069784,114.351448,3.081595,3.200000
-1.109705,114.353962,3.077051,3.200000
-1.149600,114.356854,3.072641,3.200000
-1.189468,114.360107,3.068473,3.200000
-1.229312,114.363651,3.064655,3.200000
-1.269133,114.367426,3.061308,3.200000
-1.308936,114.371393,3.058544,3.200000
-1.348724,114.375511,3.056439,3.200000
-1.388500,114.379735,3.055024,3.200000
-1.428270,114.384018,3.054243,3.200000
-1.468039,114.388315,3.054040,3.200000
-1.507810,114.392583,3.054399,3.200000
-1.547590,114.396776,3.055326,3.200000
-1.587382,114.400850,3.056800,3.200000
-1.627191,114.404760,3.058689,3.200000
-1.667019,114.408459,3.060858,3.200000
-1.706872,114.411902,3.063206,3.200000
-1.746748,114.415047,3.065632,3.200000
-1.786649,114.417861,3.068000,3.200000
-1.826570,114.420378,3.070169,3.200000
-1.866505,114.422666,3.071980,3.200000
-1.906449,114.424777,3.073279,3.200000
-1.946401,114.426751,3.073995,3.200000
-1.986357,114.428630,3.074095,3.200000
-2.026315,114.430464,3.073552,3.200000
-2.066272,114.432299,3.072337,3.200000
-2.106228,114.434175,3.070425,3.200000
-2.146180,114.436134,3.067799,3.200000
-2.186125,114.438236,3.064443,3.200000
-2.226059,114.440551,3.060348,3.200000
-2.265974,114.443158,3.055591,3.200000
-2.305863,114.446144,3.050235,3.200000
-2.345717,114.449567,3.044309,3.200000
-2.385532,114.453417,3.037881,3.200000
-2.425306,114.457675,3.031100,3.200000
-2.465036,114.462318,3.024119,3.200000
-2.504722,114.467321,3.017100,3.200000
-2.544365,114.472658,3.010188,3.200000
-2.583966,114.478299,3.003422,3.200000
-2.623524,114.484228,2.996820,3.200000
-2.663039,114.490445,2.990434,3.200000
-2.702506,114.496955,2.984366,3.200000
-2.741921,114.503773,2.978699,3.200000
-2.781280,114.510907,2.973368,3.200000
-2.820590,114.518302,2.968273,3.200000
-2.859866,114.525880,2.963413,3.200000
-2.899123,114.533557,2.958805,3.200000
-2.938377,114.541244,2.954469,3.200000
-2.977637,114.548900,2.950422,3.200000
-3.016895,114.556570,2.946638,3.200000
-3.056142,114.564299,2.943018,3.200000
-3.095374,114.572096,2.939463,3.200000
-3.134593,114.579964,2.935896,3.200000
-3.173788,114.587950,2.932249,3.200000
-3.212944,114.596123,2.928490,3.200000
-3.252055,114.604509,2.924562,3.200000
-3.291128,114.613074,2.920382,3.200000
-3.330169,114.621778,2.915810,3.200000
-3.369189,114.630581,2.910725,3.200000
-3.408193,114.639449,2.905248,3.200000
-3.447173,114.648426,2.899568,3.200000
-3.486109,114.657593,2.893746,3.200000
-3.524981,114.667029,2.887737,3.200000
-3.563767,114.676806,2.881510,3.200000
-3.602454,114.686973,2.875077,3.200000
-3.641042,114.697510,2.868455,3.200000
-3.679535,114.708392,2.861670,3.200000
-3.717924,114.719630,2.854761,3.200000
-3.756200,114.731249,2.847728,3.200000
-3.794368,114.743217,2.840527,3.200000
-3.832457,114.755436,2.833160,3.200000
-3.870487,114.767833,2.825747,3.200000
-3.908452,114.780428,2.818414,3.200000
-3.946340,114.793257,2.811272,3.200000
-3.984131,114.806367,2.804430,3.200000
-4.021803,114.819815,2.797892,3.200000
-4.059350,114.833607,2.791539,3.200000
-4.096792,114.847684,2.785269,3.200000
-4.134148,114.861987,2.779090,3.200000
-4.171424,114.876498,2.773021,3.200000
-4.208620,114.891211,2.766988,3.200000
-4.245740,114.906113,2.760966,3.200000
-4.282793,114.921183,2.755027,3.200000
-4.319785,114.936402,2.749194,3.200000
-4.356721,114.951755,2.743456,3.200000
-4.393605,114.967233,2.737851,3.200000
-4.430421,114.982873,2.732495,3.200000
-4.467139,114.998743,2.727390,3.200000
-4.503735,115.014891,2.722437,3.200000
-4.540205,115.031322,2.717538,3.200000
-4.576550,115.048027,2.712662,3.200000
-4.612791,115.064955,2.707827,3.200000
-4.648966,115.082027,2.703038,3.200000
-4.685090,115.099206,2.698304,3.200000
-4.721142,115.116531,2.693637,3.200000
-4.757104,115.134046,2.689056,3.200000
-4.792980,115.151736,2.684598,3.200000
-4.828790,115.169559,2.680381,3.200000
-4.864543,115.187496,2.676466,3.200000
-4.900224,115.205576,2.672815,3.200000
-4.935816,115.223830,2.669374,3.200000
-4.971321,115.242253,2.666141,3.200000
-5.006749,115.260824,2.663056,3.200000
-5.042112,115.279518,2.660048,3.200000
-5.077423,115.298310,2.657148,3.200000
-5.112696,115.317173,2.654429,3.200000
-5.147944,115.336082,2.651938,3.200000
-5.183181,115.355013,2.649636,3.200000
-5.218411,115.373957,2.647490,3.200000
-5.253612,115.392954,2.645538,3.200000
-5.288758,115.412052,2.643849,3.200000
-5.323845,115.431259,2.642447,3.200000
-5.358887,115.450548,2.641293,3.200000
-5.393898,115.469893,2.640352,3.200000
-5.428884,115.489283,2.639614,3.200000
-5.463850,115.508709,2.639070,3.200000
-5.498801,115.528163,2.638700,3.200000
-5.533743,115.547632,2.638478,3.200000
-5.568682,115.567106,2.638386,3.200000
-5.603628,115.586569,2.638486,3.200000
-5.638590,115.606003,2.638888,3.200000
-5.673571,115.625401,2.639633,3.200000
-5.708570,115.644768,2.640617,3.200000
-5.743582,115.664113,2.641739,3.200000
-5.778610,115.683426,2.643011,3.200000
-5.813665,115.702691,2.644488,3.200000
-5.848756,115.721890,2.646168,3.200000
-5.883887,115.741016,2.647962,3.200000
-5.919062,115.760063,2.649785,3.200000
-5.954289,115.779012,2.651631,3.200000
-5.989586,115.797830,2.653514,3.200000
-6.024962,115.816499,2.655413,3.200000
-6.060396,115.835058,2.657261,3.200000
-6.095858,115.853564,2.659003,3.200000
-6.131343,115.872026,2.660655,3.200000
-6.166872,115.890401,2.662232,3.200000
-6.202465,115.908653,2.663709,3.200000
-6.238105,115.926813,2.664997,3.200000
-6.273763,115.944938,2.666013,3.200000
-6.309426,115.963053,2.666774,3.200000
-6.345107,115.981134,2.667314,3.200000
-6.380815,115.999160,2.667617,3.200000
-6.416534,116.017163,2.667596,3.200000
-6.452239,116.035195,2.667222,3.200000
-6.487917,116.053281,2.666559,3.200000
-6.523579,116.071397,2.665627,3.200000
-6.559237,116.089523,2.664405,3.200000
-6.594874,116.107689,2.662867,3.200000
-6.630459,116.125956,2.661067,3.200000
-6.665981,116.144346,2.659083,3.200000
-6.701463,116.162814,2.656934,3.200000
-6.736929,116.181312,2.654611,3.200000
-6.772361,116.199874,2.652111,3.200000
-6.807718,116.218579,2.649493,3.200000
-6.842974,116.237474,2.646820,3.200000
-6.878144,116.256528,2.644089,3.200000
-6.913252,116.275699,2.641272,3.200000
-6.948299,116.294978,2.638351,3.200000
-6.983279,116.314379,2.635380,3.200000
-7.018186,116.333911,2.632433,3.200000
-7.053030,116.353556,2.629556,3.200000
-7.087823,116.373290,2.626763,3.200000
-7.122571,116.393104,2.624042,3.200000
-7.157270,116.413003,2.621447,3.200000
-7.191917,116.432993,2.619038,3.200000
-7.226513,116.453072,2.616819,3.200000
-7.261061,116.473231,2.614750,3.200000
-7.295562,116.493473,2.612792,3.200000
-7.330005,116.513812,2.610943,3.200000
-7.364383,116.534260,2.609207,3.200000
-7.398714,116.554787,2.607550,3.200000
-7.433034,116.575334,2.605909,3.200000
-7.467370,116.595854,2.604234,3.200000
-7.501709,116.616368,2.602575,3.200000
-7.536032,116.636908,2.601000,3.200000
-7.570330,116.657491,2.599537,3.200000
-7.604609,116.678106,2.598158,3.200000
-7.638874,116.698743,2.596829,3.200000
-7.673123,116.719406,2.595525,3.200000
-7.707348,116.740110,2.594221,3.200000
-7.741540,116.760870,2.592883,3.200000
-7.775685,116.781705,2.591473,3.200000
-7.809770,116.802639,2.589954,3.200000
-7.843801,116.823660,2.588317,3.200000
-7.877802,116.844730,2.586553,3.200000
-7.911794,116.865814,2.584646,3.200000
-7.945776,116.886913,2.582593,3.200000
-7.979739,116.908045,2.580404,3.200000
-8.013668,116.929232,2.578102,3.200000
-8.047542,116.950504,2.575733,3.200000
-8.081342,116.971895,2.573347,3.200000
-8.115068,116.993402,2.570972,3.199576
-8.148741,117.014992,2.568572,3.187576
-8.182378,117.036639,2.566101,3.175576
-8.215964,117.058365,2.563492,3.163576
-8.249471,117.080212,2.560704,3.151576
-8.282883,117.102203,2.557729,3.139576
-8.316209,117.124325,2.554596,3.127576
-8.349462,117.146556,2.551336,3.115576
-8.382656,117.168877,2.547988,3.103576
-8.415803,117.191266,2.544576,3.091576
-8.448915,117.213706,2.541105,3.079576
-8.481975,117.236225,2.537529,3.067576
-8.514948,117.258869,2.533849,3.055576
-8.547811,117.281673,2.530109,3.043576
-8.580566,117.304633,2.526382,3.031576
-8.613220,117.327735,2.522690,3.019576
-8.645779,117.350971,2.518997,3.007576
-8.678246,117.374336,2.515244,2.995576
-8.710623,117.397825,2.511379,2.983576
-8.742904,117.421448,2.507347,2.971576
-8.775072,117.445222,2.503129,2.959576
-8.807116,117.469163,2.498750,2.947576
-8.839048,117.493253,2.494298,2.935576
-8.870894,117.517458,2.489847,2.923576
-8.902674,117.541749,2.485414,2.911576
-8.934379,117.566138,2.480979,2.899576
-8.965990,117.590648,2.476525,2.887576
-8.997489,117.615303,2.472047,2.875576
-9.028862,117.640117,2.467541,2.863576
-9.060095,117.665108,2.463014,2.851576
-9.091181,117.690280,2.458497,2.839576
-9.122132,117.715619,2.454026,2.827576
-9.152961,117.741107,2.449595,2.815576
-9.183674,117.766734,2.445138,2.803576
-9.214271,117.792498,2.440588,2.791576
-9.244750,117.818403,2.435945,2.779576
-9.275109,117.844448,2.431275,2.767576
-9.305350,117.870631,2.426639,2.755576
-9.335472,117.896950,2.422085,2.743576
-9.365478,117.923401,2.417651,2.731576
-9.395371,117.949979,2.413375,2.719576
-9.425155,117.976681,2.409260,2.707576
-9.454827,118.003505,2.405298,2.695576
-9.484379,118.030463,2.401480,2.683576
-9.513799,118.057564,2.397815,2.671576
-9.543087,118.084808,2.394319,2.659576
-9.572257,118.112179,2.391007,2.647576
-9.601323,118.139660,2.387893,2.635576
-9.630298,118.167236,2.384996,2.623576
-9.659191,118.194898,2.382333,2.611576
-9.688010,118.222638,2.379923,2.599576
-9.716761,118.250447,2.377787,2.587576
-9.745455,118.278316,2.375951,2.575576
-9.774100,118.306234,2.374458,2.563576
-9.802707,118.334193,2.373357,2.551576
-9.831281,118.362184,2.372695,2.539576
-9.859831,118.390200,2.372489,2.527576
-9.888364,118.418233,2.372743,2.515576
-9.916892,118.446272,2.373459,2.503576
-9.945426,118.474304,2.374654,2.491576
-9.973980,118.502316,2.376370,2.479576
-10.002569,118.530292,2.378657,2.467576
-10.031212,118.558213,2.381563,2.455576
-10.059927,118.586061,2.385112,2.443576
-10.088731,118.613816,2.389320,2.431576
-10.117643,118.641459,2.394210,2.419576
-10.146681,118.668969,2.399840,2.407576
-10.175864,118.696325,2.406280,2.395576
-10.205208,118.723509,2.413591,2.383576
-10.234730,118.750500,2.421819,2.371576
-10.264454,118.777270,2.431008,2.359576
-10.294411,118.803777,2.441187,2.347576
-10.324635,118.829980,2.452358,2.335576
-10.355151,118.855844,2.464524,2.323576
-10.385974,118.881340,2.477713,2.311576
-10.417118,118.906446,2.491966,2.299576
-10.448604,118.931120,2.507324,2.287576
-10.480467,118.955307,2.523819,2.275576
-10.512739,118.978946,2.541480,2.263576
-10.545446,119.001980,2.560290,2.251576
-10.578606,119.024357,2.580195,2.239576
-10.612236,119.046024,2.601138,2.227576
-10.646336,119.066941,2.623096,2.215576
-10.680906,119.087076,2.646044,2.203576
-10.715943,119.106387,2.669890,2.191576
-10.751453,119.124810,2.694532,2.179576
-10.787445,119.142278,2.719875,2.167576
-10.823915,119.158727,2.745801,2.155576
-10.860853,119.174093,2.772211,2.143576
-10.898240,119.188331,2.799061,2.131576
-10.936040,119.201436,2.826308,2.119576
-10.974215,119.213410,2.853830,2.107576
-11.012733,119.224223,2.881508,2.099293
-11.051567,119.233830,2.909220,2.094910
-11.090683,119.242227,2.936836,2.094224
-11.130030,119.249462,2.964223,2.097019
-11.169564,119.255584,2.991249,2.102942
-11.209249,119.260631,3.017792,2.111581
-11.249054,119.264631,3.043758,2.122611
-11.288951,119.267568,3.069058,2.134611
-11.328913,119.269408,3.093666,2.146611
-11.368911,119.270164,3.117591,2.158611
-11.408914,119.269890,3.140864,2.170611
-11.448898,119.268650,-3.119696,2.182611
-11.488845,119.266523,-3.097755,2.194611
-11.528740,119.263585,-3.076505,2.206611
-11.568571,119.259889,-3.055923,2.218611
-11.608329,119.255479,-3.035956,2.230611
-11.648006,119.250390,-3.016556,2.242611
-11.687594,119.244648,-2.997702,2.254611
-11.727084,119.238272,-2.979427,2.266611
-11.766469,119.231275,-2.961727,2.278611
-11.805739,119.223653,-2.944495,2.290611
-11.844875,119.215376,-2.927626,2.302611
-11.883861,119.206421,-2.911058,2.314611
-11.922695,119.196824,-2.894732,2.326611
-11.961378,119.186636,-2.878588,2.338611
-11.999906,119.175878,-2.862567,2.350611
-12.038270,119.164553,-2.846633,2.362611
-12.076464,119.152662,-2.830818,2.374611
-12.114476,119.140204,-2.815163,2.386611
-12.152296,119.127172,-2.799692,2.398611
-12.189902,119.113536,-2.784419,2.410611
-12.227270,119.099260,-2.769392,2.422611
-12.264387,119.084343,-2.754662,2.434611
-12.301254,119.068819,-2.740231,2.446611
-12.337871,119.052712,-2.726049,2.458611
-12.374227,119.036028,-2.712086,2.470611
-12.410315,119.018772,-2.698359,2.482611
-12.446141,119.000978,-2.684919,2.494611
-12.481723,118.982699,-2.671830,2.506611
-12.517076,118.963984,-2.659149,2.518611
-12.552206,118.944854,-2.646926,2.530611
-12.587119,118.925330,-2.635232,2.542611
-12.621815,118.905423,-2.624134,2.554611
-12.656292,118.885139,-2.613634,2.566611
-12.690549,118.864485,-2.603728,2.578611
-12.724588,118.843476,-2.594422,2.590611
-12.758414,118.822125,-2.585731,2.602611
-12.792040,118.800460,-2.577654,2.614611
-12.825488,118.778523,-2.570129,2.626611
-12.858785,118.756355,-2.563086,2.638611
-12.891945,118.733985,-2.556496,2.650611
-12.924978,118.711427,-2.550401,2.662611
-12.957893,118.688698,-2.544851,2.674611
-12.990703,118.665818,-2.539887,2.686611
-13.023424,118.642810,-2.535505,2.698611
-13.056068,118.619692,-2.531695,2.710611
-13.088640,118.596475,-2.528437,2.722611
-13.121148,118.573167,-2.525712,2.734611
-13.153593,118.549772,-2.523470,2.746611
-13.185975,118.526290,-2.521651,2.758611
-13.218293,118.502721,-2.520201,2.770611
-13.250569,118.479093,-2.519097,2.782611
-13.282836,118.455453,-2.518320,2.794611
-13.315126,118.431844,-2.517848,2.806611
-13.347448,118.408281,-2.517649,2.818611
-13.379803,118.384761,-2.517681,2.830611
-13.412191,118.361287,-2.517915,2.842611
-13.444610,118.337857,-2.518352,2.854611
-13.477063,118.314472,-2.519019,2.866611
-13.509547,118.291132,-2.519952,2.878611
-13.542064,118.267837,-2.521115,2.890611
-13.574613,118.244587,-2.522429,2.902611
-13.607195,118.221382,-2.523768,2.914611
-13.639810,118.198225,-2.525064,2.926611
-13.672460,118.175117,-2.526286,2.938611
-13.705142,118.152054,-2.527446,2.950611
-13.737850,118.129029,-2.528556,2.962611
-13.770584,118.106041,-2.529625,2.974611
-13.803359,118.083109,-2.530668,2.986611
-13.836191,118.060261,-2.531704,2.998611
-13.869084,118.037501,-2.532753,3.010611
-13.902010,118.014787,-2.533810,3.022611
-13.934935,117.992072,-2.534861,3.034611
-13.967845,117.969337,-2.535898,3.046611
-14.000748,117.946590,-2.536949,3.058611
-14.033650,117.923842,-2.538055,3.070611
-14.066556,117.901100,-2.539230,3.082611
-14.099471,117.878372,-2.540424,3.094611
-14.132401,117.855665,-2.541564,3.106611
-14.165355,117.832993,-2.542618,3.118611
-14.198343,117.810369,-2.543601,3.130611
-14.231367,117.787800,-2.544599,3.142611
-14.264424,117.765277,-2.545703,3.154611
-14.297505,117.742791,-2.546993,3.166611
-14.330619,117.720352,-2.548467,3.178611
-14.363782,117.697987,-2.550074,3.190611
-14.397008,117.675716,-2.551759,3.200000
-14.430282,117.653515,-2.553484,3.200000
-14.463573,117.631340,-2.555219,3.200000
-14.496866,117.609169,-2.556931,3.200000
-14.530179,117.587027,-2.558628,3.200000
-14.563534,117.564950,-2.560328,3.200000
-14.596950,117.542963,-2.562053,3.200000
-14.630433,117.521080,-2.563775,3.200000
-14.663992,117.499312,-2.565451,3.200000
-14.697615,117.477645,-2.567064,3.200000
-14.731285,117.456050,-2.568644,3.200000
-14.764985,117.434502,-2.570245,3.200000
-14.798705,117.412986,-2.571895,3.200000
-14.832437,117.391487,-2.573601,3.200000
-14.866180,117.370008,-2.575310,3.200000
-14.899953,117.348573,-2.576948,3.200000
-14.933768,117.327207,-2.578448,3.200000
-14.967619,117.305897,-2.579808,3.200000
-15.001484,117.284609,-2.581058,3.200000
-15.035351,117.263326,-2.582241,3.200000
-15.069245,117.242083,-2.583396,3.200000
-15.103193,117.220929,-2.584558,3.200000
-15.137204,117.199876,-2.585742,3.200000
-15.171256,117.178888,-2.586945,3.200000
-15.205325,117.157929,-2.588160,3.200000
-15.239398,117.136975,-2.589362,3.200000
-15.273465,117.116012,-2.590530,3.200000
-15.307524,117.095037,-2.591654,3.200000
-15.341594,117.074078,-2.592745,3.200000
-15.375695,117.053171,-2.593807,3.200000
-15.409839,117.032333,-2.594829,3.200000
-15.444023,117.011562,-2.595797,3.200000
-15.478244,116.990851,-2.596708,3.200000
-15.512493,116.970187,-2.597600,3.200000
-15.546759,116.949552,-2.598519,3.200000
-15.581038,116.928937,-2.599498,3.200000
-15.615334,116.908351,-2.600539,3.200000
-15.649653,116.887804,-2.601640,3.200000
-15.683990,116.867287,-2.602773,3.200000
-15.718328,116.846769,-2.603896,3.200000
-15.752653,116.826233,-2.604967,3.200000
-15.786983,116.805703,-2.605986,3.200000
-15.821342,116.785222,-2.606955,3.200000
-15.855744,116.764814,-2.607887,3.200000
-15.890187,116.744475,-2.608807,3.200000
-15.924667,116.724198,-2.609738,3.200000
-15.959176,116.703972,-2.610678,3.200000
-15.993706,116.683781,-2.611609,3.200000
-16.028250,116.663613,-2.612525,3.200000
-16.062807,116.643469,-2.613462,3.200000
-16.097382,116.623355,-2.614462,3.200000
-16.131975,116.603271,-2.615521,3.200000
-16.166585,116.583218,-2.616574,3.200000
-16.201211,116.563193,-2.617563,3.200000
-16.235855,116.543197,-2.618505,3.200000
-16.270515,116.523231,-2.619439,3.200000
-16.305193,116.503294,-2.620387,3.200000
-16.339887,116.483387,-2.621356,3.200000
-16.374598,116.463508,-2.622354,3.200000
-16.409326,116.443660,-2.623410,3.200000
-16.444072,116.423843,-2.624550,3.200000
-16.478836,116.404057,-2.625788,3.200000
-16.513615,116.384297,-2.627106,3.200000
-16.548406,116.364559,-2.628488,3.200000
-16.583213,116.344850,-2.629959,3.200000
-16.618049,116.325191,-2.631570,3.200000
-16.652923,116.305600,-2.633346,3.200000
-16.687832,116.286072,-2.635218,3.200000
-16.722771,116.266597,-2.637108,3.200000
-16.757740,116.247177,-2.639020,3.200000
-16.792752,116.227834,-2.641020,3.200000
-16.827819,116.208590,-2.643151,3.200000
-16.862939,116.189443,-2.645347,3.200000
-16.898104,116.170379,-2.647531,3.200000
-16.933313,116.151397,-2.649700,3.200000
-16.968584,116.132530,-2.651898,3.200000
-17.003934,116.113811,-2.654148,3.200000
-17.039352,116.095222,-2.656370,3.200000
-17.074808,116.076705,-2.658493,3.200000
-17.110283,116.058223,-2.660516,3.200000
-17.145795,116.039814,-2.662490,3.200000
-17.181367,116.021523,-2.664435,3.200000
-17.216996,116.003341,-2.666264,3.200000
-17.252650,115.985207,-2.667899,3.200000
-17.288304,115.967075,-2.669347,3.200000
-17.323977,115.948980,-2.670685,3.200000
-17.359694,115.930971,-2.671947,3.200000
-17.395451,115.913042,-2.673040,3.200000
-17.431217,115.895132,-2.673928,3.200000
-17.466968,115.877191,-2.674669,3.200000
-17.502720,115.859252,-2.675362,3.200000
-17.538499,115.841367,-2.676030,3.200000
-17.574303,115.823533,-2.676563,3.200000
-17.610098,115.805681,-2.676928,3.200000
-17.645858,115.787758,-2.677180,3.200000
-17.681606,115.769811,-2.677427,3.200000
-17.717379,115.751915,-2.677695,3.200000
-17.753183,115.734080,-2.677873,3.200000
-17.788981,115.716233,-2.677927,3.200000
-17.824743,115.698314,-2.677907,3.200000
-17.860491,115.680367,-2.677921,3.200000
-17.896263,115.662468,-2.677984,3.200000
-17.932066,115.644633,-2.678010,3.200000
-17.967866,115.626790,-2.677996,3.200000
-18.003630,115.608875,-2.678016,3.200000
-18.039378,115.590928,-2.678165,3.200000
-18.075149,115.573028,-2.678424,3.200000
-18.110952,115.555192,-2.678679,3.200000
-18.146754,115.537352,-2.678928,3.200000
-18.182521,115.519444,-2.679250,3.200000
-18.218270,115.501499,-2.679751,3.200000
-18.254036,115.483590,-2.680412,3.200000
-18.289835,115.465743,-2.681116,3.200000
-18.325640,115.447912,-2.681856,3.200000
-18.361432,115.430052,-2.682712,3.200000
-18.397224,115.412193,-2.683794,3.200000
-18.433049,115.394402,-2.685081,3.200000
-18.468921,115.376705,-2.686466,3.200000
-18.504818,115.359058,-2.687951,3.200000
-18.540718,115.341416,-2.689608,3.200000
-18.576633,115.323807,-2.691496,3.200000
-18.612598,115.306300,-2.693542,3.200000
-18.648626,115.288922,-2.695636,3.200000
-18.684696,115.271630,-2.697768,3.200000
-18.720784,115.254378,-2.699993,3.200000
-18.756906,115.237195,-2.702354,3.200000
-18.793090,115.220146,-2.704781,3.200000
-18.829352,115.203262,-2.707163,3.200000
-18.865676,115.186510,-2.709492,3.200000
-18.902043,115.169853,-2.711822,3.200000
-18.938453,115.153292,-2.714199,3.200000
-18.974915,115.136845,-2.716551,3.200000
-19.011429,115.120513,-2.718763,3.200000
-19.047983,115.104269,-2.720823,3.200000
-19.084564,115.088089,-2.722791,3.200000
-19.121175,115.071975,-2.724713,3.200000
-19.157822,115.055943,-2.726517,3.200000
-19.194502,115.039989,-2.728089,3.200000
-19.231205,115.024086,-2.729408,3.200000
-19.267919,115.008209,-2.730522,3.200000
-19.304647,114.992365,-2.731470,3.200000
-19.341395,114.976567,-2.732238,3.200000
-19.378161,114.960809,-2.732802,3.200000
-19.414931,114.945063,-2.733184,3.200000
-19.451697,114.929305,-2.733421,3.200000
-19.488461,114.913544,-2.733534,3.200000
-19.525229,114.897794,-2.733504,3.200000
-19.561998,114.882044,-2.733315,3.200000
-19.598755,114.866268,-2.732992,3.200000
-19.635493,114.850445,-2.732577,3.200000
-19.672212,114.834580,-2.732089,3.200000
-19.708915,114.818679,-2.731506,3.200000
-19.745604,114.802743,-2.730797,3.200000
-19.782278,114.786772,-2.729981,3.200000
-19.818935,114.770764,-2.729145,3.200000
-19.855576,114.754720,-2.728364,3.200000
-19.892201,114.738639,-2.727651,3.200000
-19.928811,114.722523,-2.726980,3.200000
-19.965404,114.706370,-2.726367,3.200000
-20.001981,114.690180,-2.725847,3.200000
-20.038544,114.673956,-2.725435,3.200000
-20.075092,114.657702,-2.725122,3.200000
-20.111623,114.641408,-2.724901,3.200000
-20.148130,114.625061,-2.724771,3.200000
-20.184619,114.608672,-2.724736,3.200000
-20.221110,114.592290,-2.724797,3.200000
-20.257623,114.575957,-2.724952,3.200000
-20.294159,114.559673,-2.725199,3.200000
-20.330711,114.543427,-2.725537,3.200000
-20.367277,114.527212,-2.725976,3.200000
-20.403859,114.511031,-2.726523,3.200000
-20.440456,114.494888,-2.727154,3.200000
-20.477070,114.478781,-2.727839,3.200000
-20.513700,114.462711,-2.728571,3.200000
-20.550345,114.446676,-2.729369,3.200000
-20.587007,114.430678,-2.730194,3.200000
-20.623684,114.414717,-2.730981,3.200000
-20.660377,114.398791,-2.731694,3.200000
-20.697085,114.382900,-2.732349,3.200000
-20.733809,114.367045,-2.732963,3.200000
-20.770551,114.351234,-2.733535,3.200000
-20.807313,114.335467,-2.734060,3.200000
-20.844083,114.319720,-2.734536,3.200000
-20.880852,114.303970,-2.734963,3.200000
-20.917616,114.288212,-2.735346,3.200000
-20.954381,114.272451,-2.735685,3.200000
-20.991146,114.256693,-2.735972,3.200000
-21.027912,114.240936,-2.736200,3.200000
-21.064677,114.225178,-2.736381,3.200000
-21.101442,114.209420,-2.736551,3.200000
-21.138207,114.193662,-2.736728,3.200000
-21.174973,114.177904,-2.736900,3.200000
-21.211738,114.162146,-2.737076,3.200000
-21.248503,114.146386,-2.737286,3.200000
-21.285268,114.130628,-2.737557,3.200000
-21.322034,114.114872,-2.737884,3.200000
-21.358800,114.099116,-2.738260,3.200000
-21.395563,114.083354,-2.738684,3.200000
-21.432323,114.067584,-2.739155,3.200000
-21.469089,114.051825,-2.739667,3.200000
-21.505870,114.036104,-2.740221,3.200000
-21.542671,114.020429,-2.740846,3.200000
-21.579488,114.004795,-2.741570,3.200000
-21.616321,113.989195,-2.742409,3.200000
-21.653169,113.973631,-2.743372,3.200000
-21.690032,113.958104,-2.744436,3.200000
-21.726912,113.942615,-2.745534,3.200000
-21.763808,113.927166,-2.746611,3.200000
-21.800721,113.911756,-2.747686,3.200000
-21.837647,113.896379,-2.748766,3.200000
-21.874586,113.881032,-2.749820,3.200000
-21.911542,113.865728,-2.750808,3.200000
-21.948526,113.850491,-2.751728,3.200000
-21.985545,113.835337,-2.752618,3.200000
-22.022601,113.820276,-2.753510,3.200000
-22.059695,113.805308,-2.754420,3.200000
-22.096811,113.790395,-2.755355,3.200000
-22.133928,113.775484,-2.756300,3.200000
-22.171038,113.760555,-2.757191,3.200000
-22.208145,113.745621,-2.757969,3.200000
-22.245255,113.730693,-2.758637,3.200000
-22.282366,113.715766,-2.759202,3.200000
-22.319473,113.700830,-2.759651,3.200000
-22.356580,113.685896,-2.759977,3.200000
-22.393697,113.670986,-2.760189,3.200000
-22.430833,113.656122,-2.760297,3.200000
-22.467990,113.641311,-2.760346,3.200000
-22.505169,113.626557,-2.760417,3.200000
-22.542358,113.611826,-2.760583,3.200000
-22.579536,113.597068,-2.760832,3.200000
-22.616691,113.582252,-2.761082,3.200000
-22.653826,113.567385,-2.761267,3.200000
-22.690943,113.552476,-2.761385,3.200000
-22.728050,113.537540,-2.761451,3.200000
-22.765154,113.522595,-2.761453,3.200000
-22.802260,113.507658,-2.761382,3.200000
-22.839376,113.492746,-2.761243,3.200000
-22.876509,113.477874,-2.761048,3.200000
-22.913662,113.463053,-2.760833,3.200000
-22.950837,113.448289,-2.760678,3.200000
-22.988025,113.433556,-2.760660,3.200000
-23.025205,113.418801,-2.760789,3.200000
-23.062361,113.403990,-2.760988,3.200000
-23.099497,113.389127,-2.761168,3.200000
-23.136616,113.374219,-2.761298,3.200000
-23.173722,113.359283,-2.761403,3.200000
-23.210825,113.344336,-2.761500,3.200000
-23.247929,113.329394,-2.761582,3.200000
-23.285043,113.314475,-2.761646,3.200000
-23.322172,113.299595,-2.761702,3.200000
-23.359321,113.284765,-2.761777,3.200000
-23.396495,113.269995,-2.761953,3.200000
-23.433683,113.255262,-2.762309,3.200000
-23.470862,113.240508,-2.762866,3.200000
-23.508017,113.225691,-2.763555,3.200000
-23.545156,113.210836,-2.764287,3.200000
-23.582294,113.195977,-2.765017,3.200000
-23.619438,113.181135,-2.765761,3.200000
-23.656594,113.166320,-2.766539,3.200000
-23.693765,113.151545,-2.767370,3.200000
-23.730959,113.136828,-2.768278,3.200000
-23.768183,113.122187,-2.769213,3.200000
-23.805443,113.107636,-2.770088,3.200000
-23.842741,113.093184,-2.770916,3.200000
-23.880070,113.078813,-2.771811,3.200000
-23.917409,113.064467,-2.772816,3.200000
-23.954740,113.050101,-2.773829,3.200000
-23.992069,113.035729,-2.774726,3.200000
-24.029407,113.021381,-2.775463,3.200000
-24.066767,113.007089,-2.776067,3.200000
-24.104161,112.992888,-2.776560,3.200000
-24.141593,112.978787,-2.776957,3.200000
-24.179042,112.964730,-2.777277,3.200000
-24.216485,112.950658,-2.777478,3.200000
-24.253922,112.936570,-2.777477,3.200000
-24.291366,112.922500,-2.777279,3.200000
-24.328814,112.908443,-2.776965,3.200000
-24.366245,112.894340,-2.776573,3.200000
-24.403638,112.880135,-2.776083,3.200000
-24.440998,112.865843,-2.775481,3.200000
-24.478337,112.851496,-2.774744,3.200000
-24.515666,112.837126,-2.773845,3.200000
-24.552999,112.822765,-2.772835,3.200000
-24.590340,112.808423,-2.771838,3.200000
-24.627670,112.794054,-2.770953,3.200000
-24.664967,112.779600,-2.770128,3.200000
-24.702226,112.765048,-2.769250,3.200000
-24.739451,112.750407,-2.768315,3.200000
-24.776645,112.735691,-2.767410,3.200000
-24.813817,112.720917,-2.766580,3.200000
-24.850973,112.706104,-2.765802,3.200000
-24.888118,112.691264,-2.765056,3.200000
-24.925257,112.676407,-2.764324,3.200000
-24.962398,112.661556,-2.763587,3.200000
-24.999555,112.646745,-2.762896,3.200000
-25.036736,112.631995,-2.762342,3.200000
-25.073924,112.617264,-2.761994,3.200000
-25.111097,112.602493,-2.761823,3.200000
-25.148246,112.587662,-2.761740,3.200000
-25.185375,112.572781,-2.761661,3.200000
-25.222488,112.557861,-2.761588,3.200000
-25.259593,112.542920,-2.761546,3.200000
-25.296696,112.527974,-2.761552,3.200000
-25.333803,112.513039,-2.761603,3.200000
-25.370922,112.498133,-2.761673,3.200000
-25.408058,112.483271,-2.761740,3.200000
-25.445217,112.468463,-2.761841,3.200000
-25.482398,112.453714,-2.762069,3.200000
-25.519586,112.438980,-2.762500,3.200000
-25.556756,112.424204,-2.763116,3.200000
-25.593904,112.409369,-2.763831,3.200000
-25.631041,112.394508,-2.764559,3.200000
-25.668181,112.379655,-2.765290,3.200000
-25.705329,112.364821,-2.766043,3.200000
-25.742489,112.350019,-2.766837,3.200000
-25.779668,112.335263,-2.767692,3.200000
-25.816872,112.320572,-2.768621,3.200000
-25.854109,112.305963,-2.769539,3.200000
-25.891383,112.291448,-2.770384,3.200000
-25.928694,112.277031,-2.771222,3.200000
-25.966030,112.262676,-2.772158,3.200000
-26.003367,112.248325,-2.773180,3.200000
-26.040695,112.233953,-2.774161,3.200000
-26.078026,112.219585,-2.774993,3.200000
-26.115371,112.205254,-2.775675,3.200000
-26.152742,112.190991,-2.776234,3.200000
-26.190151,112.176830,-2.776687,3.200000
-26.227591,112.162752,-2.777050,3.200000
-26.265040,112.148693,-2.777334,3.200000
-26.302479,112.134611,-2.777466,3.200000
-26.339917,112.120525,-2.777383,3.200000
-26.377364,112.106464,-2.777130,3.200000
-26.414808,112.092396,-2.776789,3.200000
-26.452226,112.078257,-2.776362,3.200000
-26.489604,112.064014,-2.775832,3.200000
-26.526954,112.049696,-2.775184,3.200000
-26.564287,112.035335,-2.774392,3.200000
-26.601616,112.020962,-2.773440,3.200000
-26.638952,112.006609,-2.772422,3.200000
-26.676290,111.992261,-2.771466,3.200000
-26.713609,111.977864,-2.770620,3.200000
-26.750892,111.963372,-2.769791,3.200000
-26.788137,111.948785,-2.768890,3.200000
-26.825349,111.934113,-2.767958,3.200000
-26.862534,111.919372,-2.767089,3.200000
-26.899699,111.904582,-2.766287,3.200000
-26.936851,111.889758,-2.765528,3.200000
-26.973993,111.874911,-2.764794,3.200000
-27.011132,111.860053,-2.764066,3.200000
-27.048277,111.845214,-2.763340,3.200000
-27.085444,111.830428,-2.762695,3.200000
-27.122631,111.815693,-2.762217,3.200000
-27.159817,111.800955,-2.761943,3.200000
-27.196982,111.786163,-2.761815,3.200000
-27.234123,111.771315,-2.761753,3.200000
-27.271247,111.756420,-2.761691,3.200000
-27.308357,111.741492,-2.761613,3.200000
-27.345461,111.726549,-2.761512,3.200000
-27.382565,111.711607,-2.761403,3.200000
-27.419677,111.696682,-2.761294,3.200000
-27.456803,111.681794,-2.761151,3.200000
-27.493947,111.666952,-2.760923,3.200000
-27.531114,111.652166,-2.760652,3.200000
-27.568300,111.637427,-2.760431,3.200000
-27.605485,111.622687,-2.760317,3.200000
-27.642651,111.607899,-2.760265,3.200000
-27.679794,111.593055,-2.760190,3.200000
-27.716918,111.578161,-2.760024,3.200000
-27.754027,111.563231,-2.759748,3.200000
-27.791132,111.548289,-2.759353,3.200000
-27.828240,111.533355,-2.758840,3.200000
-27.865349,111.518426,-2.758218,3.200000
-27.902456,111.503491,-2.757494,3.200000
-27.939563,111.488555,-2.756650,3.200000
-27.976675,111.473632,-2.755724,3.200000
-28.013793,111.458724,-2.754781,3.200000
-28.050899,111.443785,-2.753866,3.200000
-28.087972,111.428766,-2.752972,3.200000
-28.125007,111.413652,-2.752088,3.200000
-28.162005,111.398449,-2.751187,3.200000
-28.198973,111.383171,-2.750237,3.200000
-28.235918,111.367840,-2.749229,3.200000
-28.272849,111.352476,-2.748173,3.200000
-28.309768,111.337081,-2.747077,3.200000
-28.346672,111.321649,-2.745923,3.200000
-28.383558,111.306177,-2.744699,3.200000
-28.420429,111.290668,-2.743448,3.200000
-28.457284,111.275121,-2.742219,3.200000
-28.494124,111.259538,-2.741027,3.200000
-28.530948,111.243917,-2.739842,3.200000
-28.567756,111.228259,-2.738670,3.200000
-28.604548,111.212564,-2.737504,3.200000
-28.641325,111.196834,-2.736296,3.200000
-28.678086,111.181065,-2.734987,3.200000
-28.714830,111.165257,-2.733564,3.200000
-28.751558,111.149413,-2.732056,3.200000
-28.788274,111.133541,-2.730483,3.200000
-28.824977,111.117639,-2.728811,3.200000
-28.861657,111.101684,-2.726984,3.200000
-28.898303,111.085650,-2.724990,3.200000
-28.934914,111.069536,-2.722915,3.200000
-28.971496,111.053357,-2.720837,3.200000
-29.008050,111.037113,-2.718725,3.200000
-29.044563,111.020781,-2.716509,3.200000
-29.081025,111.004332,-2.714171,3.200000
-29.117435,110.987770,-2.711798,3.200000
-29.153802,110.971113,-2.709462,3.200000
-29.190125,110.954360,-2.707125,3.200000
-29.226385,110.937473,-2.704736,3.200000
-29.262568,110.920420,-2.702305,3.200000
-29.298689,110.903236,-2.699943,3.200000
-29.334778,110.885984,-2.697715,3.200000
-29.370847,110.868691,-2.695576,3.200000
-29.406873,110.851311,-2.693477,3.200000
-29.442836,110.833799,-2.691428,3.200000
-29.478750,110.816188,-2.689539,3.200000
-29.514649,110.798545,-2.687878,3.200000
-29.550545,110.780895,-2.686387,3.200000
-29.586416,110.763195,-2.685006,3.200000
-29.622238,110.745398,-2.683736,3.200000
-29.658028,110.727536,-2.682651,3.200000
-29.693819,110.709674,-2.681739,3.200000
-29.729624,110.691840,-2.680883,3.200000
-29.765419,110.673989,-2.680029,3.200000
-29.801184,110.656075,-2.679192,3.200000
-29.836932,110.638128,-2.678455,3.200000
-29.872698,110.620218,-2.677799,3.200000
-29.908497,110.602374,-2.677114,3.200000
-29.944299,110.584536,-2.676345,3.200000
-29.980073,110.566640,-2.675505,3.200000
-30.015823,110.548698,-2.674672,3.200000
-30.051576,110.530762,-2.673830,3.200000
-30.087343,110.512853,-2.672879,3.200000
-30.123096,110.494916,-2.671767,3.200000
-30.158805,110.476892,-2.670505,3.200000
-30.194474,110.458788,-2.669157,3.200000
-30.230128,110.440656,-2.667683,3.200000
-30.265779,110.422518,-2.666014,3.200000
-30.301402,110.404324,-2.664163,3.200000
-30.336965,110.386014,-2.662210,3.200000
-30.372470,110.367591,-2.660232,3.200000
-30.407941,110.349103,-2.658199,3.200000
-30.443394,110.330579,-2.656057,3.200000
-30.478804,110.311975,-2.653826,3.200000
-30.514142,110.293234,-2.651580,3.200000
-30.549402,110.274347,-2.649389,3.200000
-30.584604,110.255352,-2.647221,3.200000
-30.619764,110.236276,-2.645031,3.200000
-30.654876,110.217117,-2.642840,3.200000
-30.689935,110.197858,-2.640724,3.200000
-30.724940,110.178502,-2.638741,3.200000
-30.759904,110.159072,-2.636836,3.200000
-30.794839,110.139590,-2.634945,3.200000
-30.829744,110.120054,-2.633082,3.200000
-30.864612,110.100453,-2.631324,3.200000
-30.899443,110.080785,-2.629733,3.200000
-30.934247,110.061071,-2.628280,3.200000
-30.969036,110.041330,-2.626921,3.200000
-31.003813,110.021567,-2.625621,3.200000
-31.038574,110.001777,-2.624372,3.200000
-31.073317,109.981954,-2.623170,3.200000
-31.108043,109.962101,-2.622003,3.200000
-31.142752,109.942219,-2.620850,3.200000
-31.177444,109.922308,-2.619688,3.200000
-31.212118,109.902366,-2.618508,3.200000
-31.246775,109.882393,-2.617302,3.200000
-31.281415,109.862392,-2.616044,3.200000
-31.316043,109.842369,-2.614698,3.200000
-31.350656,109.822320,-2.613254,3.200000
-31.385243,109.802228,-2.611774,3.200000
-31.419794,109.782073,-2.610317,3.200000
-31.454308,109.761853,-2.608882,3.200000
-31.488789,109.741579,-2.607431,3.200000
-31.523241,109.721255,-2.605933,3.200000
-31.557655,109.700867,-2.604382,3.200000
-31.592022,109.680399,-2.602775,3.200000
-31.626334,109.659839,-2.601131,3.200000
-31.660587,109.639182,-2.599495,3.200000
-31.694782,109.618428,-2.597914,3.200000
-31.728933,109.597603,-2.596391,3.200000
-31.763066,109.576747,-2.594909,3.200000
-31.797192,109.555881,-2.593458,3.200000
-31.831301,109.534987,-2.592056,3.200000
-31.865379,109.514041,-2.590726,3.200000
-31.899416,109.493030,-2.589489,3.200000
-31.933411,109.471950,-2.588350,3.200000
-31.967363,109.450803,-2.587311,3.200000
-32.001293,109.429618,-2.586342,3.200000
-32.035223,109.408434,-2.585404,3.200000
-32.069165,109.387269,-2.584452,3.200000
-32.103102,109.366097,-2.583464,3.200000
-32.137016,109.344887,-2.582424,3.200000
-32.170907,109.323642,-2.581351,3.200000
-32.204792,109.302386,-2.580258,3.200000
-32.238683,109.281140,-2.579156,3.200000
-32.272578,109.259900,-2.578017,3.200000
-32.306468,109.238652,-2.576805,3.200000
-32.340340,109.217375,-2.575471,3.200000
-32.374174,109.196039,-2.573982,3.200000
-32.407952,109.174613,-2.572315,3.200000
-32.441673,109.153098,-2.570508,3.200000
-32.475354,109.131520,-2.568614,3.200000
-32.509008,109.109901,-2.566674,3.200000
-32.542633,109.088236,-2.564670,3.200000
-32.576219,109.066510,-2.562576,3.200000
-32.609754,109.044706,-2.560394,3.200000
-32.643219,109.022796,-2.558159,3.200000
-32.676597,109.000752,-2.555908,3.200000
-32.709884,108.978572,-2.553693,3.200000
-32.743095,108.956277,-2.551553,3.200000
-32.776240,108.933885,-2.549510,3.200000
-32.809327,108.911406,-2.547535,3.200000
-32.842360,108.888849,-2.545609,3.200000
-32.875343,108.866220,-2.543738,3.200000
-32.908283,108.843527,-2.541952,3.200000
-32.941186,108.820780,-2.540283,3.200000
-32.974058,108.797989,-2.538776,3.200000
-33.006908,108.775166,-2.537487,3.200000
-33.039743,108.752323,-2.536459,3.200000
-33.072566,108.729460,-2.535666,3.200000
-33.105371,108.706573,-2.535018,3.200000
-33.138155,108.683656,-2.534431,3.200000
-33.170925,108.660719,-2.533867,3.200000
-33.203690,108.637773,-2.533331,3.200000
-33.236456,108.614831,-2.532830,3.200000
-33.269231,108.591900,-2.532353,3.200000
-33.302018,108.568987,-2.531884,3.200000
-33.334824,108.546101,-2.531401,3.200000
-33.367655,108.523251,-2.530887,3.200000
-33.400515,108.500442,-2.530331,3.200000
-33.433388,108.477652,-2.529742,3.200000
-33.466243,108.454837,-2.529127,3.200000
-33.499055,108.431960,-2.528484,3.200000
-33.531825,108.409022,-2.527794,3.200000
-33.564560,108.386035,-2.527044,3.200000
-33.597266,108.363006,-2.526226,3.200000
-33.629942,108.339935,-2.525321,3.200000
-33.662585,108.316817,-2.524303,3.200000
-33.695195,108.293652,-2.523145,3.200000
-33.727772,108.270442,-2.521878,3.200000
-33.760316,108.247186,-2.520565,3.200000
-33.792829,108.223885,-2.519316,3.200000
-33.825309,108.200538,-2.518187,3.200000
-33.857755,108.177145,-2.517191,3.200000
-33.890170,108.153708,-2.516299,3.200000
-33.922555,108.130230,-2.515498,3.200000
-33.954910,108.106711,-2.514788,3.200000
-33.987229,108.083142,-2.514178,3.200000
-34.019504,108.059513,-2.513673,3.200000
-34.051740,108.035832,-2.513276,3.200000
-34.083966,108.012136,-2.512977,3.200000
-34.116211,107.988466,-2.512760,3.200000
-34.148484,107.964834,-2.512613,3.200000
-34.180779,107.941233,-2.512519,3.200000
-34.213088,107.917650,-2.512463,3.200000
-34.245410,107.894086,-2.512429,3.200000
-34.277746,107.870541,-2.512417,3.200000
-34.310099,107.847018,-2.512445,3.200000
-34.342469,107.823520,-2.512527,3.200000
-34.374858,107.800048,-2.512660,3.200000
-34.407265,107.776600,-2.512784,3.200000
-34.439684,107.753169,-2.512825,3.200000
-34.472108,107.729745,-2.512725,3.200000
-34.504529,107.706317,-2.512482,3.200000
-34.536939,107.682874,-2.512099,3.200000
-34.569332,107.659406,-2.511574,3.200000
-34.601705,107.635912,-2.510892,3.200000
-34.634063,107.612398,-2.510045,3.200000
-34.666409,107.588866,-2.509028,3.200000
-34.698738,107.565311,-2.507842,3.200000
-34.731042,107.541721,-2.506508,3.200000
-34.763312,107.518085,-2.505059,3.200000
-34.795543,107.494396,-2.503538,3.200000
-34.827731,107.470649,-2.501991,3.200000
-34.859869,107.446835,-2.500466,3.200000
-34.891953,107.422947,-2.498986,3.200000
-34.923974,107.398975,-2.497540,3.200000
-34.955929,107.374914,-2.496096,3.200000
-34.987815,107.350763,-2.494636,3.200000
-35.019633,107.326522,-2.493161,3.200000
-35.051388,107.302199,-2.491688,3.200000
-35.083095,107.277813,-2.490252,3.200000
-35.114765,107.253380,-2.488888,3.200000
-35.146416,107.228921,-2.487631,3.200000
-35.178062,107.204456,-2.486521,3.200000
-35.209717,107.180003,-2.485601,3.200000
-35.241375,107.155553,-2.484910,3.200000
-35.273021,107.131089,-2.484443,3.200000
-35.304648,107.106599,-2.484181,3.200000
-35.336253,107.082082,-2.484107,3.200000
-35.367837,107.057536,-2.484215,3.200000
-35.399403,107.032968,-2.484475,3.200000
-35.430963,107.008392,-2.484851,3.200000
-35.462528,106.983823,-2.485287,3.200000
-35.494114,106.959281,-2.485726,3.200000
-35.525736,106.934785,-2.486147,3.200000
-35.557410,106.910357,-2.486589,3.200000
-35.589138,106.885998,-2.487118,3.200000
-35.620909,106.861695,-2.487758,3.200000
-35.652710,106.837432,-2.488497,3.200000
-35.684537,106.813203,-2.489312,3.200000
-35.716387,106.789005,-2.490179,3.200000
-35.748258,106.764833,-2.491060,3.200000
-35.780139,106.740675,-2.491909,3.200000
-35.812015,106.716511,-2.492677,3.200000
-35.843880,106.692333,-2.493313,3.200000
-35.875753,106.668163,-2.493781,3.200000
-35.907655,106.644033,-2.494101,3.200000
-35.939600,106.619960,-2.494335,3.200000
-35.971579,106.595932,-2.494519,3.200000
-36.003581,106.571934,-2.494647,3.200000
-36.035594,106.547952,-2.494694,3.200000
-36.067608,106.523970,-2.494652,3.200000
-36.099610,106.499974,-2.494530,3.200000
-36.131590,106.475947,-2.494349,3.200000
-36.163537,106.451876,-2.494119,3.200000
-36.195441,106.427748,-2.493804,3.200000
-36.227314,106.403581,-2.493343,3.200000
-36.259180,106.379403,-2.492713,3.200000
-36.291057,106.355240,-2.491947,3.200000
-36.322938,106.331082,-2.491097,3.200000
-36.354810,106.306913,-2.490215,3.200000
-36.386662,106.282717,-2.489352,3.200000
-36.418491,106.258489,-2.488546,3.200000
-36.450293,106.234228,-2.487804,3.200000
-36.482065,106.209927,-2.487129,3.200000
-36.513794,106.185570,-2.486525,3.200000
-36.545471,106.161145,-2.485976,3.200000
-36.577095,106.136651,-2.485420,3.200000
-36.608681,106.112109,-2.484819,3.200000
-36.640245,106.087539,-2.484187,3.200000
-36.671803,106.062961,-2.483580,3.200000
-36.703370,106.038393,-2.483055,3.200000
-36.734958,106.013853,-2.482656,3.200000
-36.766566,105.989340,-2.482415,3.200000
-36.798185,105.964840,-2.482326,3.200000
-36.829805,105.940341,-2.482384,3.200000
-36.861417,105.915832,-2.482591,3.200000
-36.893010,105.891300,-2.482957,3.200000
-36.924581,105.866738,-2.483458,3.200000
-36.956140,105.842161,-2.484052,3.200000
-36.987702,105.817587,-2.484684,3.200000
-37.019282,105.793038,-2.485298,3.200000
-37.050897,105.768532,-2.485864,3.200000
-37.082560,105.744090,-2.486408,3.200000
-37.114279,105.719720,-2.486995,3.200000
-37.146043,105.695408,-2.487654,3.200000
-37.177840,105.671139,-2.488380,3.200000
-37.209663,105.646905,-2.489171,3.200000
-37.241510,105.622702,-2.490021,3.200000
-37.273378,105.598528,-2.490901,3.200000
-37.305259,105.574370,-2.491762,3.200000
-37.337138,105.550209,-2.492550,3.200000
-37.369006,105.526034,-2.493214,3.200000
-37.400875,105.501861,-2.493711,3.200000
-37.432770,105.477721,-2.494052,3.200000
-37.464707,105.453637,-2.494294,3.200000
-37.496680,105.429601,-2.494485,3.200000
-37.528678,105.405599,-2.494621,3.200000
-37.560690,105.381614,-2.494682,3.200000
-37.592703,105.357633,-2.494654,3.200000
-37.624709,105.333639,-2.494543,3.200000
-37.656693,105.309619,-2.494370,3.200000
-37.688647,105.285557,-2.494147,3.200000
-37.720558,105.261439,-2.493854,3.200000
-37.752434,105.237275,-2.493425,3.200000
-37.784299,105.213096,-2.492830,3.200000
-37.816172,105.188928,-2.492087,3.200000
-37.848053,105.164769,-2.491251,3.200000
-37.879927,105.140602,-2.490374,3.200000
-37.911782,105.116411,-2.489505,3.200000
-37.943615,105.092189,-2.488690,3.200000
-37.975422,105.067934,-2.487938,3.200000
-38.007201,105.043642,-2.487253,3.200000
-38.038940,105.019297,-2.486638,3.200000
-38.070628,104.994887,-2.486087,3.200000
-38.102261,104.970406,-2.485541,3.200000
-38.133854,104.945873,-2.484954,3.200000
-38.165423,104.921307,-2.484327,3.200000
-38.196981,104.896730,-2.483714,3.200000
-38.228546,104.872160,-2.483172,3.200000
-38.260130,104.847615,-2.482747,3.200000
-38.291736,104.823099,-2.482472,3.200000
-38.323354,104.798598,-2.482351,3.200000
-38.354976,104.774102,-2.482381,3.200000
-38.386591,104.749597,-2.482567,3.200000
-38.418190,104.725071,-2.482910,3.200000
-38.449765,104.700515,-2.483369,3.200000
-38.481326,104.675941,-2.483892,3.200000
-38.512887,104.651366,-2.484427,3.200000
-38.544463,104.626811,-2.484922,3.200000
-38.576070,104.602296,-2.485341,3.200000
-38.607722,104.577839,-2.485699,3.200000
-38.639429,104.553453,-2.486055,3.200000
-38.671184,104.529129,-2.486450,3.200000
-38.702978,104.504857,-2.486882,3.200000
-38.734801,104.480623,-2.487348,3.200000
-38.766642,104.456413,-2.487844,3.200000
-38.798489,104.432210,-2.488350,3.200000
-38.830330,104.407999,-2.488815,3.200000
-38.862155,104.383768,-2.489188,3.200000
-38.893954,104.359502,-2.489425,3.200000
-38.925735,104.335213,-2.489479,3.200000
-38.957522,104.310931,-2.489340,3.200000
-38.989332,104.286680,-2.489037,3.200000
-39.021165,104.262459,-2.488617,3.200000
-39.053010,104.238254,-2.488127,3.200000
-39.084855,104.214049,-2.487616,3.200000
-39.116690,104.189829,-2.487128,3.200000
-39.148501,104.165580,-2.486675,3.200000
-39.180280,104.141287,-2.486264,3.200000
-39.212014,104.116938,-2.485898,3.200000
-39.243697,104.092521,-2.485549,3.200000
-39.275327,104.068035,-2.485141,3.200000
-39.306919,104.043500,-2.484621,3.200000
-39.338486,104.018934,-2.484000,3.200000
-39.370045,103.994356,-2.483333,3.200000
-39.401610,103.969787,-2.482671,3.200000
-39.433194,103.945242,-2.482065,3.200000
-39.464799,103.920725,-2.481565,3.200000
-39.496419,103.896226,-2.481191,3.200000
-39.528046,103.871736,-2.480945,3.200000
-39.559665,103.847236,-2.480825,3.200000
-39.591256,103.822700,-2.480829,3.200000
-39.622804,103.798110,-2.480920,3.200000
-39.654320,103.773477,-2.481047,3.200000
-39.685820,103.748825,-2.481147,3.200000
-39.717322,103.724174,-2.481158,3.200000
-39.748840,103.699545,-2.481030,3.200000
-39.780389,103.674955,-2.480769,3.200000
-39.811976,103.650415,-2.480420,3.200000
-39.843596,103.625915,-2.480029,3.200000
-39.875237,103.601444,-2.479646,3.200000
-39.906890,103.576989,-2.479340,3.200000
-39.938547,103.552537,-2.479152,3.200000
-39.970196,103.528077,-2.479060,3.200000
-40.001826,103.503590,-2.478998,3.200000
-40.033416,103.479054,-2.478902,3.200000
-40.064951,103.454446,-2.478713,3.200000
-40.096433,103.429771,-2.478377,3.200000
-40.127879,103.405049,-2.477870,3.200000
-40.159306,103.380303,-2.477213,3.200000
-40.190730,103.355553,-2.476442,3.200000
-40.222167,103.330821,-2.475592,3.200000
-40.253630,103.306121,-2.474701,3.200000
-40.285109,103.281442,-2.473805,3.200000
-40.316588,103.256762,-2.472956,3.200000
-40.348049,103.232061,-2.472223,3.200000
-40.379480,103.207319,-2.471665,3.200000
-40.410864,103.182519,-2.471279,3.200000
-40.442194,103.157652,-2.471005,3.200000
-40.473478,103.132725,-2.470778,3.200000
-40.504724,103.107752,-2.470539,3.200000
-40.535943,103.082743,-2.470229,3.200000
-40.567143,103.057712,-2.469804,3.200000
-40.598333,103.032669,-2.469273,3.200000
-40.629527,103.007630,-2.468685,3.200000
-40.660742,102.982617,-2.468090,3.200000
-40.691995,102.957653,-2.467541,3.200000
-40.723286,102.932736,-2.467086,3.200000
-40.754600,102.907847,-2.466772,3.200000
-40.785918,102.882963,-2.466613,3.200000
-40.817225,102.858067,-2.466608,3.200000
-40.848509,102.833140,-2.466727,3.200000
-40.879755,102.808167,-2.466927,3.200000
-40.910967,102.783150,-2.467161,3.200000
-40.942152,102.758100,-2.467384,3.200000
-40.973319,102.733028,-2.467535,3.200000
-41.004479,102.707947,-2.467555,3.200000
-41.035645,102.682873,-2.467426,3.200000
-41.066826,102.657818,-2.467190,3.200000
-41.098033,102.632795,-2.466897,3.200000
-41.129273,102.607815,-2.466599,3.200000
-41.160552,102.582882,-2.466346,3.200000
-41.191856,102.557981,-2.466186,3.200000
-41.223171,102.533095,-2.466149,3.200000
-41.254483,102.508204,-2.466237,3.200000
-41.285778,102.483291,-2.466441,3.200000
-41.317040,102.458337,-2.466717,3.200000
-41.348264,102.433336,-2.467014,3.200000
-41.379457,102.408297,-2.467283,3.200000
-41.410630,102.383231,-2.467476,3.200000
-41.441791,102.358151,-2.467547,3.200000
-41.472952,102.333071,-2.467471,3.200000
-41.504124,102.308006,-2.467279,3.200000
-41.535319,102.282968,-2.467018,3.200000
-41.566544,102.257968,-2.466731,3.200000
-41.597807,102.233016,-2.466453,3.200000
-41.629102,102.208104,-2.466221,3.200000
-41.660415,102.183214,-2.466067,3.200000
-41.691731,102.158328,-2.465991,3.200000
-41.723036,102.133428,-2.465984,3.200000
-41.754314,102.108494,-2.466001,3.200000
-41.785553,102.083512,-2.465985,3.200000
-41.816759,102.058488,-2.465875,3.200000
-41.847942,102.033436,-2.465614,3.200000
-41.879112,102.008367,-2.465148,3.200000
-41.910274,101.983289,-2.464429,3.200000
-41.941433,101.958207,-2.463454,3.200000
-41.972593,101.933125,-2.462257,3.200000
-42.003757,101.908050,-2.460876,3.200000
-42.034929,101.882984,-2.459344,3.200000
-42.066107,101.857925,-2.457695,3.200000
-42.097271,101.832849,-2.455959,3.200000
-42.128401,101.807731,-2.454124,3.200000
-42.159479,101.782548,-2.452151,3.200000
-42.190483,101.757275,-2.449997,3.200000
-42.221397,101.731890,-2.447640,3.200000
-42.252210,101.706384,-2.445059,3.200000
-42.282927,101.680763,-2.442235,3.200000
-42.313553,101.655032,-2.439136,3.200000
-42.344092,101.629199,-2.435733,3.200000
-42.374546,101.603265,-2.432004,3.189219
-42.404918,101.577234,-2.427990,3.177219
-42.435201,101.551101,-2.423751,3.165219
-42.465383,101.524851,-2.419344,3.153219
-42.495454,101.498474,-2.414805,3.141219
-42.525403,101.471958,-2.410166,3.129219
-42.555225,101.445300,-2.405457,3.117219
-42.584912,101.418491,-2.400668,3.105219
-42.614455,101.391523,-2.395785,3.093219
-42.643837,101.364381,-2.390791,3.081219
-42.673047,101.337053,-2.385657,3.069219
-42.702084,101.309541,-2.380348,3.057219
-42.730958,101.281858,-2.374838,3.045219
-42.759681,101.254019,-2.369141,3.033219
-42.788258,101.226030,-2.363286,3.021219
-42.816686,101.197889,-2.357294,3.009219
-42.844962,101.169597,-2.351160,2.997219
-42.873083,101.141150,-2.344871,2.985219
-42.901046,101.112547,-2.338417,2.973219
-42.928846,101.083785,-2.331806,2.961219
-42.956472,101.054857,-2.325052,2.949219
-42.983908,101.025748,-2.318156,2.937219
-43.011133,100.996442,-2.311048,2.925219
-43.038137,100.966933,-2.303641,2.913219
-43.064921,100.937223,-2.295863,2.901219
-43.091486,100.907316,-2.287697,2.889219
-43.117827,100.877213,-2.279132,2.877219
-43.143929,100.846902,-2.270142,2.865219
-43.169775,100.816372,-2.260663,2.853219
-43.195350,100.785616,-2.250633,2.841219
-43.220647,100.754630,-2.240024,2.829219
-43.245657,100.723410,-2.228848,2.817219
-43.270354,100.691943,-2.217117,2.805219
-43.294696,100.660201,-2.204816,2.793219
-43.318637,100.628155,-2.191897,2.781219
-43.342151,100.595794,-2.178341,2.769219
-43.365224,100.563116,-2.164179,2.757219
-43.387839,100.530119,-2.149456,2.745219
-43.409955,100.496786,-2.134172,2.733219
-43.431518,100.463093,-2.118320,2.721219
-43.452481,100.429023,-2.101932,2.709219
-43.472826,100.394580,-2.085096,2.697219
-43.492537,100.359769,-2.067890,2.685504
-43.511584,100.324590,-2.050375,2.675667
-43.529924,100.289039,-2.032623,2.667966
-43.547523,100.253115,-2.014768,2.663379
-43.564385,100.216839,-1.996938,2.663650
-43.580530,100.180237,-1.979245,2.668146
-43.595954,100.143327,-1.961800,2.676373
-43.610627,100.106113,-1.944735,2.686960
-43.624533,100.068605,-1.928116,2.698960
-43.637712,100.030835,-1.911965,2.710960
-43.650218,99.992837,-1.896253,2.722960
-43.662074,99.954632,-1.880945,2.734960
-43.673279,99.916232,-1.866083,2.746960
-43.683861,99.877656,-1.851770,2.758960
-43.693901,99.838935,-1.838051,2.770960
-43.703483,99.800098,-1.824878,2.782960
-43.712677,99.761169,-1.812205,2.794960
-43.721543,99.722163,-1.800061,2.806960
-43.730105,99.683090,-1.788486,2.818960
-43.738353,99.643949,-1.777441,2.830960
-43.746266,99.604738,-1.766818,2.842960
-43.753803,99.565455,-1.756515,2.854960
-43.760934,99.526095,-1.746468,2.866960
-43.767688,99.486669,-1.736644,2.878960
-43.774106,99.447186,-1.727033,2.890960
-43.780191,99.407651,-1.717602,2.902960
-43.785929,99.368064,-1.708314,2.914960
-43.791314,99.328428,-1.699147,2.926960
-43.796353,99.288746,-1.690070,2.938960
-43.801047,99.249022,-1.681109,2.950960
-43.805371,99.209256,-1.672296,2.962960
-43.809297,99.169448,-1.663704,2.974960
-43.812783,99.129599,-1.655414,2.986960
-43.815788,99.089712,-1.647453,2.998960
-43.818333,99.049792,-1.639794,3.010960
-43.820484,99.009849,-1.632429,3.022960
-43.822299,98.969890,-1.625398,3.034960
-43.823826,98.929919,-1.618750,3.046960
-43.825105,98.889939,-1.612515,3.058960
-43.826156,98.849952,-1.606705,3.070960
-43.826995,98.809961,-1.601327,3.082960
-43.827647,98.769966,-1.596403,3.094960
-43.828134,98.729969,-1.591975,3.106960
-43.828480,98.689970,-1.588102,3.118960
-43.828710,98.649971,-1.584809,3.130960
-43.828844,98.609971,-1.582026,3.142960
-43.828904,98.569971,-1.579675,3.154960
-43.828913,98.529971,-1.577694,3.166960
-43.828901,98.489971,-1.576029,3.178960
-43.828896,98.449971,-1.574645,3.190960
-43.828899,98.409971,-1.573523,3.200000
-43.828901,98.369971,-1.572641,3.200000
-43.828901,98.329971,-1.571968,3.200000
-43.828900,98.289971,-1.571476,3.200000
-43.828900,98.249971,-1.571138,3.200000
-43.828900,98.209971,-1.570926,3.200000
-43.828900,98.169971,-1.570814,3.200000
-43.828900,98.129971,-1.570779,3.200000
-43.828900,98.089971,-1.570786,3.200000
-43.828900,98.049971,-1.570800,3.200000
-43.828900,98.009971,-1.570800,3.200000
-43.828900,97.969971,-1.570796,3.200000
-43.828900,97.929971,-1.570795,3.200000
-43.828900,97.889971,-1.570796,3.200000
-43.828900,97.849971,-1.570797,3.200000
-43.828900,97.809971,-1.570796,3.200000
-43.828900,97.769971,-1.570796,3.200000
-43.828900,97.729971,-1.570796,3.200000
-43.828900,97.689971,-1.570796,3.200000
-43.828900,97.649971,-1.570796,3.200000
-43.828900,97.609971,-1.570796,3.200000
-43.828900,97.569971,-1.570796,3.200000
-43.828900,97.529971,-1.570796,3.200000
-43.828900,97.489971,-1.570796,3.200000
-43.828900,97.449971,-1.570796,3.200000
-43.828900,97.409971,-1.570796,3.200000
-43.828900,97.369971,-1.570796,3.200000
-43.828900,97.329971,-1.570796,3.200000
-43.828900,97.289971,-1.570796,3.200000
-43.828900,97.249971,-1.570796,3.200000
-43.828900,97.209971,-1.570796,3.200000
-43.828900,97.169971,-1.570796,3.200000
-43.828900,97.129971,-1.570796,3.200000
-43.828900,97.089971,-1.570796,3.200000
-43.828900,97.049971,-1.570796,3.200000
-43.828900,97.009971,-1.570796,3.200000
-43.828900,96.969971,-1.570796,3.200000
-43.828900,96.929971,-1.570796,3.200000
-43.828900,96.889971,-1.570796,3.200000
-43.828900,96.849971,-1.570796,3.200000
-43.828900,96.809971,-1.570796,3.200000
-43.828900,96.769971,-1.570796,3.200000
-43.828900,96.729971,-1.570796,3.200000
-43.828900,96.689971,-1.570796,3.200000
-43.828900,96.649971,-1.570796,3.200000
-43.828900,96.609971,-1.570796,3.200000
-43.828900,96.569971,-1.570796,3.200000
-43.828900,96.529971,-1.570796,3.200000
-43.828900,96.489971,-1.570796,3.200000
-43.828900,96.449971,-1.570796,3.200000
-43.828900,96.409971,-1.570796,3.200000
-43.828900,96.369971,-1.570796,3.200000
-43.828900,96.329971,-1.570796,3.200000
-43.828900,96.289971,-1.570796,3.200000
-43.828900,96.249971,-1.570796,3.200000
-43.828900,96.209971,-1.570796,3.200000
-43.828900,96.169971,-1.570796,3.200000
-43.828900,96.129971,-1.570796,3.200000
-43.828900,96.089971,-1.570796,3.200000
-43.828900,96.049971,-1.570796,3.200000
-43.828900,96.009971,-1.570796,3.200000
-43.828900,95.969971,-1.570796,3.200000
-43.828900,95.929971,-1.570796,3.200000
-43.828900,95.889971,-1.570797,3.200000
-43.828900,95.849971,-1.570797,3.200000
-43.828900,95.809971,-1.570793,3.200000
-43.828900,95.769971,-1.570792,3.200000
-43.828900,95.729971,-1.570804,3.200000
-43.828900,95.689971,-1.570814,3.200000
-43.828900,95.649971,-1.570785,3.200000
-43.828900,95.609971,-1.570682,3.200000
-43.828900,95.569971,-1.570481,3.200000
-43.828900,95.529971,-1.570157,3.200000
-43.828900,95.489971,-1.569682,3.200000
-43.828901,95.449971,-1.569028,3.200000
-43.828899,95.409971,-1.568167,3.200000
-43.828896,95.369971,-1.567074,3.200000
-43.828900,95.329971,-1.565720,3.200000
-43.828912,95.289971,-1.564076,3.200000
-43.828907,95.249971,-1.562116,3.200000
-43.828853,95.209971,-1.559820,3.200000
-43.828727,95.169971,-1.557164,3.200000
-43.828508,95.129972,-1.554097,3.200000
-43.828175,95.089973,-1.550567,3.200000
-43.827702,95.049976,-1.546619,3.200000
-43.827068,95.009981,-1.542341,3.200000
-43.826250,94.969989,-1.537799,3.200000
-43.825224,94.930002,-1.533032,3.200000
-43.823967,94.890022,-1.528080,3.200000
-43.822455,94.850050,-1.523013,3.200000
-43.820669,94.810090,-1.517924,3.200000
-43.818593,94.770143,-1.512900,3.200000
-43.816194,94.730214,-1.508018,3.200000
-43.813427,94.690310,-1.503359,3.200000
-43.810284,94.650433,-1.499006,3.200000
-43.806827,94.610582,-1.495039,3.200000
-43.803122,94.570754,-1.491530,3.200000
-43.799213,94.530945,-1.488562,3.200000
-43.795140,94.491153,-1.486246,3.200000
-43.790945,94.451374,-1.484683,3.200000
-43.786676,94.411602,-1.483864,3.200000
-43.782379,94.371834,-1.483750,3.200000
-43.778097,94.332063,-1.484339,3.200000
-43.773874,94.292287,-1.485675,3.200000
-43.769757,94.252499,-1.487774,3.200000
-43.765792,94.212696,-1.490526,3.200000
-43.762018,94.172874,-1.493782,3.200000
-43.758477,94.133031,-1.497425,3.200000
-43.755227,94.093163,-1.501358,3.200000
-43.752338,94.053267,-1.505475,3.200000
-43.749829,94.013345,-1.509666,3.200000
-43.747654,93.973404,-1.513820,3.200000
-43.745775,93.933447,-1.517834,3.200000
-43.744181,93.893479,-1.521597,3.200000
-43.742858,93.853501,-1.524989,3.200000
-43.741760,93.813516,-1.527899,3.200000
-43.740832,93.773526,-1.530262,3.200000
-43.740027,93.733534,-1.532021,3.200000
-43.739300,93.693541,-1.533070,3.200000
-43.738607,93.653547,-1.533270,3.200000
-43.737901,93.613553,-1.532579,3.200000
-43.737136,93.573560,-1.531116,3.200000
-43.736267,93.533570,-1.529011,3.200000
-43.735251,93.493582,-1.526336,3.200000
-43.734034,93.453601,-1.523147,3.200000
-43.732563,93.413628,-1.519532,3.200000
-43.730811,93.373666,-1.515613,3.200000
-43.728769,93.333717,-1.511508,3.200000
-43.726414,93.293786,-1.507321,3.200000
-43.723697,93.253878,-1.503157,3.200000
-43.720598,93.213998,-1.499129,3.200000
-43.717176,93.174144,-1.495346,3.200000
-43.713500,93.134313,-1.491908,3.200000
-43.709614,93.094502,-1.488916,3.200000
-43.705559,93.054708,-1.486510,3.200000
-43.701377,93.014927,-1.484834,3.200000
-43.697115,92.975155,-1.483922,3.200000
-43.692819,92.935386,-1.483729,3.200000
-43.688532,92.895617,-1.484233,3.200000
-43.684299,92.855841,-1.485461,3.200000
-43.680166,92.816055,-1.487450,3.200000
-43.676179,92.776254,-1.490148,3.200000
-43.672380,92.736435,-1.493447,3.200000
-43.668807,92.696594,-1.497215,3.200000
-43.665516,92.656729,-1.501345,3.200000
-43.662578,92.616837,-1.505731,3.200000
-43.660023,92.576919,-1.510266,3.200000
-43.657810,92.536979,-1.514842,3.200000
-43.655900,92.497024,-1.519351,3.200000
-43.654268,92.457057,-1.523685,3.200000
-43.652898,92.417081,-1.527727,3.200000
-43.651773,92.377096,-1.531361,3.200000
-43.650876,92.337106,-1.534512,3.200000
-43.650170,92.297112,-1.537114,3.200000
-43.649603,92.257116,-1.539093,3.200000
-43.649124,92.217119,-1.540348,3.200000
-43.648688,92.177121,-1.540761,3.200000
-43.648251,92.137124,-1.540299,3.200000
-43.647768,92.097127,-1.539001,3.200000
-43.647195,92.057131,-1.536984,3.200000
-43.646480,92.017137,-1.534350,3.200000
-43.645570,91.977147,-1.531171,3.200000
-43.644432,91.937163,-1.527512,3.200000
-43.643048,91.897187,-1.523451,3.200000
-43.641402,91.857220,-1.519104,3.200000
-43.639474,91.817266,-1.514588,3.200000
-43.637244,91.777328,-1.510012,3.200000
-43.634668,91.737411,-1.505484,3.200000
-43.631709,91.697520,-1.501108,3.200000
-43.628401,91.657657,-1.496991,3.200000
-43.624814,91.617817,-1.493247,3.200000
-43.621003,91.577999,-1.489992,3.200000
-43.617007,91.538199,-1.487337,3.200000
-43.612868,91.498414,-1.485352,3.200000
-43.608630,91.458639,-1.484051,3.200000
-43.604342,91.418869,-1.483373,3.200000
-43.600046,91.379101,-1.483267,3.200000
-43.595789,91.339328,-1.483723,3.200000
-43.591613,91.299546,-1.484747,3.200000
-43.587563,91.259752,-1.486303,3.200000
-43.583686,91.219940,-1.488252,3.200000
-43.580028,91.180107,-1.490461,3.200000
-43.576634,91.140251,-1.492821,3.200000
-43.573545,91.100370,-1.495235,3.200000
-43.570786,91.060465,-1.497601,3.200000
-43.568313,91.020541,-1.499809,3.200000
-43.566060,90.980605,-1.501727,3.200000
-43.563975,90.940659,-1.503230,3.200000
-43.562020,90.900707,-1.504288,3.200000
-43.560151,90.860750,-1.504896,3.200000
-43.558322,90.820792,-1.505052,3.200000
-43.556485,90.780834,-1.504758,3.200000
-43.554595,90.740879,-1.504013,3.200000
-43.552605,90.700929,-1.502818,3.200000
-43.550473,90.660985,-1.501181,3.200000
-43.548159,90.621052,-1.499160,3.200000
-43.545606,90.581133,-1.496890,3.200000
-43.542748,90.541235,-1.494498,3.200000
-43.539561,90.501362,-1.492092,3.200000
-43.536082,90.461513,-1.489768,3.200000
-43.532353,90.421687,-1.487623,3.200000
-43.528418,90.381881,-1.485775,3.200000
-43.524325,90.342091,-1.484373,3.200000
-43.520120,90.302313,-1.483538,3.200000
-43.515846,90.262541,-1.483249,3.200000
-43.511548,90.222773,-1.483462,3.200000
-43.507270,90.183002,-1.484174,3.200000
-43.503057,90.143225,-1.485422,3.200000
-43.498957,90.103436,-1.487225,3.200000
-43.495014,90.063630,-1.489502,3.200000
-43.491267,90.023806,-1.492151,3.200000
-43.487755,89.983960,-1.495064,3.200000
-43.484545,89.944088,-1.498133,3.200000
-43.481714,89.904189,-1.501244,3.200000
-43.479255,89.864264,-1.504288,3.200000
-43.477094,89.824321,-1.507163,3.200000
-43.475166,89.784368,-1.509774,3.200000
-43.473433,89.744405,-1.511996,3.200000
-43.471856,89.704436,-1.513682,3.200000
-43.470388,89.664463,-1.514737,3.200000
-43.468981,89.624488,-1.515200,3.200000
-43.467589,89.584512,-1.515117,3.200000
-43.466168,89.544537,-1.514476,3.200000
-43.464671,89.504565,-1.513229,3.200000
-43.463050,89.464598,-1.511362,3.200000
-43.461261,89.424638,-1.509003,3.200000
-43.459266,89.384688,-1.506301,3.200000
-43.457021,89.344750,-1.503363,3.200000
-43.454455,89.304832,-1.500287,3.200000
-43.451501,89.264941,-1.497177,3.200000
-43.448190,89.225078,-1.494145,3.200000
-43.444599,89.185239,-1.491302,3.200000
-43.440788,89.145421,-1.488757,3.200000
-43.436792,89.105621,-1.486615,3.200000
-43.432652,89.065835,-1.484980,3.200000
-43.428414,89.026060,-1.483901,3.200000
-43.424125,88.986291,-1.483346,3.200000
-43.419830,88.946522,-1.483285,3.200000
-43.415573,88.906750,-1.483737,3.200000
-43.411397,88.866968,-1.484749,3.200000
-43.407349,88.827173,-1.486305,3.200000
-43.403472,88.787361,-1.488261,3.200000
-43.399815,88.747529,-1.490471,3.200000
-43.396422,88.707672,-1.492831,3.200000
-43.393334,88.667791,-1.495244,3.200000
-43.390576,88.627887,-1.497609,3.200000
-43.388104,88.587963,-1.499817,3.200000
-43.385852,88.548026,-1.501734,3.200000
-43.383768,88.508080,-1.503235,3.200000
-43.381813,88.468128,-1.504291,3.200000
-43.379944,88.428171,-1.504897,3.200000
-43.378115,88.388213,-1.505052,3.200000
-43.376279,88.348255,-1.504756,3.200000
-43.374388,88.308300,-1.504009,3.200000
-43.372397,88.268350,-1.502813,3.200000
-43.370265,88.228406,-1.501174,3.200000
-43.367950,88.188473,-1.499153,3.200000
-43.365396,88.148554,-1.496881,3.200000
-43.362536,88.108657,-1.494490,3.200000
-43.359349,88.068783,-1.492083,3.200000
-43.355869,88.028935,-1.489759,3.200000
-43.352138,87.989109,-1.487616,3.200000
-43.348203,87.949303,-1.485769,3.200000
-43.344110,87.909513,-1.484369,3.200000
-43.339904,87.869734,-1.483536,3.200000
-43.335630,87.829963,-1.483249,3.200000
-43.331332,87.790195,-1.483464,3.200000
-43.327054,87.750424,-1.484178,3.200000
-43.322842,87.710646,-1.485428,3.200000
-43.318742,87.670857,-1.487233,3.200000
-43.314800,87.631052,-1.489512,3.200000
-43.311053,87.591227,-1.492161,3.200000
-43.307542,87.551381,-1.495075,3.200000
-43.304334,87.511510,-1.498144,3.200000
-43.301504,87.471610,-1.501256,3.200000
-43.299046,87.431685,-1.504299,3.200000
-43.296886,87.391743,-1.507173,3.200000
-43.294959,87.351789,-1.509783,3.200000
-43.293227,87.311826,-1.512004,3.200000
-43.291650,87.271857,-1.513687,3.200000
-43.290182,87.231884,-1.514740,3.200000
-43.288775,87.191909,-1.515201,3.200000
-43.287384,87.151933,-1.515116,3.200000
-43.285962,87.111958,-1.514473,3.200000
-43.284465,87.071986,-1.513224,3.200000
-43.282844,87.032019,-1.511354,3.200000
-43.281054,86.992059,-1.508994,3.200000
-43.279058,86.952109,-1.506291,3.200000
-43.276812,86.912171,-1.503352,3.200000
-43.274245,86.872253,-1.500274,3.200000
-43.271289,86.832363,-1.497165,3.200000
-43.267977,86.792499,-1.494139,3.200000
-43.264386,86.752660,-1.491296,3.200000
-43.260573,86.712842,-1.488734,3.200000
-43.256577,86.673042,-1.486586,3.200000
-43.252436,86.633257,-1.485001,3.200000
-43.248198,86.593482,-1.484052,3.200000
-43.243910,86.553713,-1.483691,3.200000
-43.239614,86.513944,-1.483881,3.200000
-43.235356,86.474171,-1.484644,3.200000
-43.231181,86.434390,-1.486030,3.200000
-43.227135,86.394595,-1.488022,3.200000
-43.223263,86.354783,-1.490473,3.200000
-43.219599,86.314950,-1.493240,3.200000
-43.216193,86.275095,-1.496220,3.200000
-43.213120,86.235213,-1.499316,3.200000
-43.210438,86.195303,-1.502415,3.200000
-43.208102,86.155371,-1.505407,3.200000
-43.206035,86.115423,-1.508193,3.200000
-43.204186,86.075466,-1.510673,3.200000
-43.202517,86.035501,-1.512709,3.200000
-43.200987,85.995530,-1.514154,3.200000
-43.199547,85.955556,-1.514977,3.200000
-43.198151,85.915580,-1.515228,3.200000
-43.196754,85.875605,-1.514938,3.200000
-43.195310,85.835631,-1.514073,3.200000
-43.193771,85.795660,-1.512583,3.200000
-43.192091,85.755696,-1.510511,3.200000
-43.190228,85.715739,-1.508006,3.200000
-43.188144,85.675793,-1.505203,3.200000
-43.185786,85.635861,-1.502201,3.200000
-43.183077,85.595953,-1.499099,3.200000
-43.179978,85.556073,-1.496005,3.200000
-43.176552,85.516220,-1.493032,3.200000
-43.172872,85.476389,-1.490289,3.200000
-43.168986,85.436578,-1.487886,3.200000
-43.164930,85.396784,-1.485924,3.200000
-43.160748,85.357003,-1.484504,3.200000
-43.156485,85.317231,-1.483629,3.200000
-43.152189,85.277462,-1.483264,3.200000
-43.147903,85.237693,-1.483393,3.200000
-43.143671,85.197917,-1.484054,3.200000
-43.139539,85.158131,-1.485288,3.200000
-43.135550,85.118330,-1.487015,3.200000
-43.131752,85.078511,-1.489084,3.200000
-43.128190,85.038669,-1.491365,3.200000
-43.124908,84.998804,-1.493758,3.200000
-43.121946,84.958913,-1.496167,3.200000
-43.119306,84.919001,-1.498490,3.200000
-43.116925,84.879071,-1.500606,3.200000
-43.114741,84.839130,-1.502380,3.200000
-43.112711,84.799182,-1.503717,3.200000
-43.110795,84.759228,-1.504607,3.200000
-43.108948,84.719271,-1.505046,3.200000
-43.107123,84.679312,-1.505034,3.200000
-43.105273,84.639355,-1.504572,3.200000
-43.103350,84.599401,-1.503659,3.200000
-43.101312,84.559453,-1.502300,3.200000
-43.099118,84.519513,-1.500505,3.200000
-43.096722,84.479584,-1.498378,3.200000
-43.094062,84.439673,-1.496053,3.200000
-43.091079,84.399784,-1.493648,3.200000
-43.087779,84.359920,-1.491266,3.200000
-43.084202,84.320080,-1.489003,3.200000
-43.080392,84.280261,-1.486963,3.200000
-43.076396,84.240461,-1.485273,3.200000
-43.072259,84.200676,-1.484074,3.200000
-43.068027,84.160900,-1.483444,3.200000
-43.063743,84.121130,-1.483376,3.200000
-43.059452,84.081361,-1.483870,3.200000
-43.055199,84.041588,-1.484972,3.200000
-43.051028,84.001806,-1.486745,3.200000
-43.046988,83.962011,-1.489196,3.200000
-43.043119,83.922198,-1.492243,3.200000
-43.039462,83.882365,-1.495830,3.200000
-43.036064,83.842509,-1.499914,3.200000
-43.032992,83.802627,-1.504444,3.200000
-43.030303,83.762717,-1.509362,3.200000
-43.027973,83.722784,-1.514613,3.200000
-43.025956,83.682835,-1.520146,3.200000
-43.024225,83.642872,-1.525911,3.200000
-43.022768,83.602898,-1.531846,3.200000
-43.021561,83.562916,-1.537885,3.200000
-43.020573,83.522928,-1.543995,3.200000
-43.019781,83.482936,-1.550168,3.200000
-43.019191,83.442940,-1.556386,3.200000
-43.018809,83.402942,-1.562595,3.200000
-43.018637,83.362942,-1.568733,3.200000
-43.018670,83.322942,-1.574835,3.200000
-43.018910,83.282942,-1.581005,3.200000
-43.019359,83.242945,-1.587224,3.200000
-43.020016,83.202950,-1.593418,3.200000
-43.020871,83.162959,-1.599563,3.200000
-43.021926,83.122972,-1.605686,3.200000
-43.023211,83.082993,-1.611807,3.200000
-43.024755,83.043022,-1.617901,3.200000
-43.026577,83.003064,-1.623925,3.189157
-43.028690,82.963119,-1.629852,3.177157
-43.031131,82.923193,-1.635663,3.165157
-43.033948,82.883292,-1.641323,3.153157
-43.037135,82.843419,-1.646791,3.141157
-43.040619,82.803570,-1.652058,3.129157
-43.044337,82.763743,-1.657151,3.117157
-43.048275,82.723937,-1.662083,3.105157
-43.052421,82.684152,-1.666794,3.093157
-43.056753,82.644388,-1.671231,3.081157
-43.061245,82.604640,-1.675478,3.069157
-43.065873,82.564909,-1.679644,3.057157
-43.070620,82.525192,-1.683732,3.045157
-43.075461,82.485486,-1.687674,3.033157
-43.080365,82.445787,-1.691450,3.021157
-43.085309,82.406094,-1.695194,3.009157
-43.090301,82.366407,-1.699064,2.997157
-43.095355,82.326727,-1.703139,2.985157
-43.100452,82.287053,-1.707470,2.973157
-43.105564,82.247381,-1.712139,2.961157
-43.110734,82.207717,-1.717244,2.949157
-43.116067,82.168074,-1.722823,2.937157
-43.121635,82.128463,-1.728864,2.925157
-43.127435,82.088886,-1.735379,2.913157
-43.133468,82.049343,-1.742436,2.901157
-43.139780,82.009844,-1.750103,2.889157
-43.146426,81.970399,-1.758392,2.877157
-43.153447,81.931019,-1.767280,2.865157
-43.160875,81.891714,-1.776802,2.853157
-43.168750,81.852496,-1.787052,2.841157
-43.177128,81.813382,-1.798077,2.829157
-43.186044,81.774387,-1.809730,2.817157
-43.195477,81.735514,-1.821850,2.805157
-43.205402,81.696763,-1.834411,2.793157
-43.215830,81.658145,-1.847435,2.781157
-43.226786,81.619674,-1.860909,2.769157
-43.238283,81.581360,-1.874777,2.757157
-43.250316,81.543211,-1.888993,2.745157
-43.262894,81.505237,-1.903553,2.733157
-43.276054,81.467463,-1.918458,2.721157
-43.289834,81.429910,-1.933665,2.709157
-43.304226,81.392586,-1.949091,2.697157
-43.319197,81.355491,-1.964709,2.685157
-43.334728,81.318627,-1.980527,2.673157
-43.350822,81.282006,-1.996525,2.661157
-43.367487,81.245641,-2.012641,2.649157
-43.384729,81.209545,-2.028813,2.638866
-43.402553,81.173732,-2.045007,2.631517
-43.420975,81.138223,-2.061205,2.626526
-43.440018,81.103044,-2.077385,2.623701
-43.459704,81.068221,-2.093502,2.622807
-43.480024,81.033763,-2.109521,2.623402
-43.500958,80.999674,-2.125455,2.625003
-43.522482,80.965955,-2.141317,2.627347
-43.544568,80.932602,-2.157083,2.630425
-43.567189,80.899610,-2.172719,2.634220
-43.590318,80.866972,-2.188190,2.638480
-43.613929,80.834681,-2.203470,2.642848
-43.637998,80.802728,-2.218542,2.647108
-43.662518,80.771123,-2.233368,2.651145
-43.687495,80.739876,-2.247919,2.654810
-43.712928,80.709000,-2.262199,2.657965
-43.738803,80.678493,-2.276252,2.660599
-43.765101,80.648350,-2.290106,2.662788
-43.791802,80.618563,-2.303789,2.664603
-43.818887,80.589126,-2.317338,2.666078
-43.846340,80.560031,-2.330820,2.667253
-43.874144,80.531272,-2.344318,2.668237
-43.902293,80.502850,-2.357907,2.669226
-43.930781,80.474768,-2.371599,2.670500
-43.959607,80.447033,-2.385364,2.672382
-43.988779,80.419662,-2.399186,2.675070
-44.018305,80.392674,-2.413113,2.678621
-44.048191,80.366086,-2.427220,2.683174
-44.078435,80.339904,-2.441554,2.689014
-44.109032,80.314133,-2.456136,2.696477
-44.139984,80.288792,-2.470983,2.705838
-44.171312,80.263917,-2.486072,2.717449
-44.203033,80.239547,-2.501360,2.729449
-44.235152,80.215701,-2.516797,2.741449
-44.267650,80.192375,-2.532347,2.753449
-44.300514,80.169565,-2.547961,2.765449
-44.333744,80.147294,-2.563583,2.777449
-44.367355,80.125603,-2.579163,2.789449
-44.401359,80.104531,-2.594630,2.801449
-44.435745,80.084090,-2.609839,2.813449
-44.470501,80.064285,-2.624655,2.825449
-44.505607,80.045106,-2.639034,2.837449
-44.541029,80.026519,-2.652959,2.849449
-44.576737,80.008489,-2.666360,2.861449
-44.612707,79.990987,-2.679139,2.873449
-44.648918,79.973989,-2.691225,2.885449
-44.685351,79.957473,-2.702623,2.897449
-44.721990,79.941421,-2.713303,2.909449
-44.758817,79.925807,-2.723246,2.921449
-44.795793,79.910550,-2.732468,2.933449
-44.832870,79.895538,-2.740989,2.945449
-44.870023,79.880715,-2.748764,2.957449
-44.907258,79.866102,-2.755786,2.969449
-44.944580,79.851712,-2.762140,2.981449
-44.981964,79.837484,-2.767935,2.993449
-45.019380,79.823340,-2.773279,3.005449
-45.056815,79.809245,-2.778302,3.017449
-45.094271,79.795210,-2.783109,3.029449
-45.131758,79.781253,-2.787716,3.041449
-45.169284,79.767404,-2.792164,3.053449
-45.206861,79.753694,-2.796595,3.065449
-45.244481,79.740103,-2.801148,3.077449
-45.282129,79.726589,-2.805834,3.089449
-45.319800,79.713140,-2.810624,3.101449
-45.357509,79.699795,-2.815548,3.113449
-45.395272,79.686604,-2.820696,3.125449
-45.433111,79.673634,-2.826145,3.137449
-45.471049,79.660957,-2.831932,3.149449
-45.509093,79.648599,-2.838113,3.161449
-45.547234,79.636545,-2.844665,3.173449
-45.585467,79.624786,-2.851437,3.185449
-45.623791,79.613327,-2.858308,3.197449
-45.662206,79.602175,-2.865258,3.200000
-45.700709,79.591335,-2.872273,3.200000
-45.739301,79.580813,-2.879249,3.200000
-45.777977,79.570606,-2.886052,3.200000
-45.816732,79.560702,-2.892598,3.200000
-45.855566,79.551107,-2.898861,3.200000
-45.894486,79.541874,-2.904812,3.200000
-45.933500,79.533048,-2.910422,3.200000
-45.972593,79.524578,-2.915668,3.200000
-46.011744,79.516375,-2.920508,3.200000
-46.050934,79.508367,-2.924890,3.200000
-46.090153,79.500501,-2.928742,3.200000
-46.129389,79.492718,-2.931969,3.200000
-46.168629,79.484958,-2.934532,3.200000
-46.207864,79.477172,-2.936526,3.200000
-46.247100,79.469394,-2.938050,3.200000
-46.286348,79.461675,-2.939106,3.200000
-46.325608,79.454016,-2.939653,3.200000
-46.364873,79.446381,-2.939746,3.200000
-46.404135,79.438733,-2.939570,3.200000
-46.443388,79.431038,-2.939265,3.200000
-46.482623,79.423251,-2.938857,3.200000
-46.521826,79.415307,-2.938366,3.200000
-46.560984,79.407146,-2.937821,3.200000
-46.600103,79.398793,-2.937260,3.200000
-46.639196,79.390323,-2.936731,3.200000
-46.678275,79.381787,-2.936234,3.200000
-46.717345,79.373213,-2.935794,3.200000
-46.756415,79.364637,-2.935521,3.200000
-46.795498,79.356120,-2.935506,3.200000
-46.834605,79.347717,-2.935749,3.200000
-46.873734,79.339414,-2.936241,3.200000
-46.912876,79.331176,-2.937031,3.200000
-46.952024,79.322965,-2.938197,3.200000
-46.991171,79.314746,-2.939738,3.200000
-47.030314,79.306512,-2.941507,3.200000
-47.069465,79.298311,-2.943362,3.200000
-47.108634,79.290201,-2.945213,3.200000
-47.147834,79.282241,-2.946996,3.200000
-47.187075,79.274485,-2.948729,3.200000
-47.226355,79.266932,-2.950433,3.200000
-47.265666,79.259539,-2.952074,3.200000
-47.305002,79.252276,-2.953649,3.200000
-47.344359,79.245134,-2.955149,3.200000
-47.383735,79.238096,-2.956556,3.200000
-47.423122,79.231119,-2.957856,3.200000
-47.462510,79.224150,-2.959001,3.200000
-47.501892,79.217146,-2.959911,3.200000
-47.541261,79.210070,-2.960474,3.200000
-47.580621,79.202940,-2.960565,3.200000
-47.619985,79.195839,-2.960147,3.200000
-47.659363,79.188814,-2.959336,3.200000
-47.698750,79.181838,-2.958255,3.200000
-47.738139,79.174868,-2.957001,3.200000
-47.777520,79.167857,-2.955648,3.200000
-47.816884,79.160754,-2.954174,3.200000
-47.856227,79.153533,-2.952557,3.200000
-47.895546,79.146185,-2.950802,3.200000
-47.934838,79.138690,-2.948922,3.200000
-47.974093,79.131007,-2.946952,3.200000
-48.013306,79.123111,-2.944882,3.200000
-48.052484,79.115044,-2.942680,3.200000
-48.091639,79.106863,-2.940395,3.200000
-48.130783,79.098631,-2.938120,3.200000
-48.169929,79.090413,-2.935953,3.200000
-48.209080,79.082212,-2.933999,3.200000
-48.248220,79.073962,-2.932310,3.200000
-48.287336,79.065602,-2.930833,3.200000
-48.326422,79.057099,-2.929513,3.200000
-48.365473,79.048435,-2.928314,3.200000
-48.404495,79.039645,-2.927215,3.200000
-48.443502,79.030787,-2.926247,3.200000
-48.482504,79.021909,-2.925429,3.200000
-48.521511,79.013049,-2.924748,3.200000
-48.560530,79.004245,-2.924156,3.200000
-48.599569,78.995529,-2.923601,3.200000
-48.638633,78.986928,-2.923080,3.200000
-48.677715,78.978407,-2.922616,3.200000
-48.716803,78.969912,-2.922193,3.200000
-48.755883,78.961383,-2.921773,3.200000
-48.794941,78.952754,-2.921351,3.200000
-48.833973,78.944008,-2.920910,3.200000
-48.872992,78.935206,-2.920422,3.200000
-48.912014,78.926413,-2.919850,3.200000
-48.951045,78.917662,-2.919160,3.200000
-48.990091,78.908977,-2.918361,3.200000
-49.029146,78.900332,-2.917469,3.200000
-49.068198,78.891677,-2.916449,3.200000
-49.107236,78.882956,-2.915260,3.200000
-49.146245,78.874110,-2.913919,3.200000
-49.185218,78.865101,-2.912562,3.200000
-49.224159,78.855959,-2.911317,3.200000
-49.263079,78.846724,-2.910153,3.200000
-49.301980,78.837415,-2.908991,3.200000
-49.340866,78.828040,-2.907810,3.200000
-49.379742,78.818625,-2.906642,3.200000
-49.418620,78.809217,-2.905479,3.200000
-49.457505,78.799837,-2.904279,3.200000
-49.496379,78.790414,-2.903021,3.200000
-49.535225,78.780876,-2.901828,3.200000
-49.574046,78.771234,-2.900838,3.200000
-49.612852,78.761535,-2.900056,3.200000
-49.651652,78.751810,-2.899392,3.200000
-49.690446,78.742063,-2.898809,3.200000
-49.729239,78.732311,-2.898370,3.200000
-49.768042,78.722599,-2.898107,3.200000
-49.806864,78.712964,-2.897878,3.200000
-49.845694,78.703356,-2.897519,3.200000
-49.884509,78.693692,-2.897086,3.200000
-49.923306,78.683959,-2.896754,3.200000
-49.962101,78.674213,-2.896605,3.200000
-50.000900,78.664487,-2.896546,3.200000
-50.039700,78.654760,-2.896503,3.200000
-50.078494,78.645013,-2.896525,3.200000
-50.117293,78.635283,-2.896674,3.200000
-50.156109,78.625625,-2.896848,3.200000
-50.194939,78.616021,-2.896878,3.200000
-50.233761,78.606383,-2.896728,3.200000
-50.272563,78.596667,-2.896576,3.200000
-50.311357,78.586921,-2.896556,3.200000
-50.350156,78.577192,-2.896591,3.200000
-50.388957,78.567472,-2.896578,3.200000
-50.427753,78.557732,-2.896562,3.200000
-50.466550,78.547994,-2.896652,3.200000
-50.505361,78.538314,-2.896832,3.200000
-50.544189,78.528705,-2.896921,3.200000
-50.583016,78.519087,-2.896802,3.200000
-50.621823,78.509393,-2.896625,3.200000
-50.660619,78.499650,-2.896563,3.200000
-50.699416,78.489915,-2.896586,3.200000
-50.738217,78.480195,-2.896587,3.200000
-50.777015,78.470463,-2.896554,3.200000
-50.815810,78.460718,-2.896596,3.200000
-50.854615,78.451014,-2.896762,3.200000
-50.893440,78.441389,-2.896891,3.200000
-50.932269,78.431781,-2.896819,3.200000
-50.971081,78.422108,-2.896637,3.200000
-51.009878,78.412370,-2.896516,3.200000
-51.048673,78.402626,-2.896514,3.200000
-51.087473,78.392902,-2.896553,3.200000
-51.126272,78.383173,-2.896604,3.200000
-51.165066,78.373424,-2.896793,3.200000
-51.203866,78.363700,-2.897238,3.200000
-51.242684,78.354051,-2.897820,3.200000
-51.281514,78.344445,-2.898350,3.200000
-51.320332,78.334795,-2.898830,3.200000
-51.359132,78.325071,-2.899434,3.200000
-51.397925,78.315318,-2.900282,3.200000
-51.436721,78.305578,-2.901312,3.198696
-51.475522,78.295856,-2.902465,3.186696
-51.514327,78.286152,-2.903827,3.174696
-51.553150,78.276521,-2.905522,3.162696
-51.592011,78.267044,-2.907532,3.150696
-51.630912,78.257731,-2.909736,3.138696
-51.669831,78.248493,-2.912059,3.126696
-51.708753,78.239268,-2.914557,3.114696
-51.747686,78.230091,-2.917280,3.102696
-51.786641,78.221012,-2.920108,3.090696
-51.825624,78.212046,-2.922888,3.078696
-51.864632,78.203194,-2.925652,3.066696
-51.903674,78.194489,-2.928517,3.054696
-51.942763,78.186002,-2.931498,3.042696
-51.981909,78.177778,-2.934440,3.030696
-52.021103,78.169788,-2.937204,3.018696
-52.060336,78.161993,-2.939816,3.006696
-52.099601,78.154359,-2.942339,2.994696
-52.138891,78.146852,-2.944733,2.982696
-52.178193,78.139415,-2.946878,2.970696
-52.217494,78.131971,-2.948680,2.958696
-52.256790,78.124496,-2.950094,2.946696
-52.296095,78.117075,-2.951108,2.934696
-52.335424,78.109779,-2.951723,2.922696
-52.374773,78.102590,-2.951926,2.910696
-52.414133,78.095462,-2.951756,2.898696
-52.453496,78.088354,-2.951298,2.886696
-52.492855,78.081223,-2.950557,2.874696
-52.532203,78.074027,-2.949498,2.862696
-52.571530,78.066724,-2.948111,2.850696
-52.610830,78.059269,-2.946446,2.838696
-52.650093,78.051627,-2.944572,2.826696
-52.689314,78.043771,-2.942508,2.814696
-52.728499,78.035736,-2.940219,2.802696
-52.767660,78.027587,-2.937694,2.790696
-52.806807,78.019370,-2.934987,2.778696
-52.845947,78.011117,-2.932181,2.766696
-52.885079,78.002831,-2.929384,2.754696
-52.924193,77.994459,-2.926676,2.742696
-52.963277,77.985944,-2.924025,2.730696
-53.002320,77.977247,-2.921396,2.718696
-53.041316,77.968341,-2.918833,2.706696
-53.080269,77.959250,-2.916399,2.694696
-53.119195,77.950044,-2.914115,2.682696
-53.158105,77.940767,-2.911920,2.670696
-53.196998,77.931424,-2.909769,2.658696
-53.235878,77.922024,-2.907684,2.646696
-53.274754,77.912606,-2.905684,2.634696
-53.313635,77.903213,-2.903712,2.622696
-53.352516,77.893819,-2.901707,2.610696
-53.391379,77.884348,-2.899691,2.598696
-53.430213,77.874759,-2.897748,2.586696
-53.469020,77.865064,-2.895918,2.574696
-53.507805,77.855278,-2.894089,2.562696
-53.546569,77.845415,-2.892137,2.550696
-53.585318,77.835488,-2.890025,2.538696
-53.624061,77.825537,-2.887741,2.526696
-53.662810,77.815614,-2.885225,2.514696
-53.701564,77.805708,-2.882368,2.502696
-53.740296,77.795715,-2.879092,2.490696
-53.778983,77.785552,-2.875427,2.478696
-53.817630,77.775234,-2.871405,2.466696
-53.856244,77.764794,-2.866928,2.454696
-53.894822,77.754223,-2.861861,2.442696
-53.933353,77.743485,-2.856141,2.430696
-53.971832,77.732557,-2.849804,2.418696
-54.010253,77.721431,-2.842849,2.406696
-54.048613,77.710091,-2.835102,2.394696
-54.086898,77.698503,-2.826377,2.382696
-54.125095,77.686628,-2.816690,2.370696
-54.163188,77.674424,-2.806137,2.358696
-54.201162,77.661850,-2.794725,2.346696
-54.238991,77.648846,-2.782406,2.334696
-54.276638,77.635325,-2.769160,2.322696
-54.314067,77.621215,-2.755016,2.310696
-54.351276,77.606531,-2.739986,2.298696
-54.388272,77.591313,-2.724063,2.286696
-54.425031,77.575533,-2.707245,2.274696
-54.461499,77.559095,-2.689561,2.262696
-54.497626,77.541916,-2.671058,2.250696
-54.533377,77.523965,-2.651802,2.238696
-54.568720,77.505224,-2.631859,2.226696
-54.603630,77.485688,-2.611254,2.214696
-54.638092,77.465371,-2.590013,2.202696
-54.672088,77.444282,-2.568184,2.190696
-54.705589,77.422417,-2.545809,2.178696
-54.738565,77.399768,-2.522860,2.166696
-54.770991,77.376336,-2.499330,2.154696
-54.802843,77.352130,-2.475344,2.142696
-54.834101,77.327163,-2.451045,2.130696
-54.864751,77.301453,-2.426496,2.118696
-54.894785,77.275023,-2.401686,2.106696
-54.924183,77.247887,-2.376602,2.094696
-54.952893,77.220024,-2.351229,2.082696
-54.980849,77.191409,-2.325556,2.072333
-55.008011,77.162035,-2.299593,2.064152
-55.034366,77.131934,-2.273377,2.058009
-55.059909,77.101141,-2.246944,2.053854
-55.084631,77.069688,-2.220345,2.051627
-55.108525,77.037600,-2.193632,2.051154
-55.131577,77.004900,-2.166891,2.052229
-55.153743,76.971596,-2.140241,2.054756
-55.174973,76.937687,-2.113780,2.058725
-55.195226,76.903185,-2.087543,2.064089
-55.214481,76.868115,-2.061592,2.070768
-55.232717,76.832505,-2.035972,2.078673
-55.249922,76.796387,-2.010650,2.087692
-55.266092,76.759794,-1.985617,2.097703
-55.281233,76.722763,-1.960919,2.108677
-55.295371,76.685339,-1.936602,2.120677
-55.308542,76.647567,-1.912667,2.132677
-55.320833,76.609497,-1.889141,2.144677
-55.332341,76.571184,-1.866084,2.156677
-55.343104,76.532657,-1.843555,2.168677
-55.353107,76.493925,-1.821522,2.180677
-55.362329,76.454999,-1.799904,2.192677
-55.370741,76.415891,-1.778645,2.204677
-55.378323,76.376613,-1.757722,2.216677
-55.385109,76.337190,-1.737135,2.228677
-55.391151,76.297646,-1.716945,2.240677
-55.396475,76.258000,-1.697212,2.252677
-55.401087,76.218265,-1.677916,2.264677
-55.404996,76.178454,-1.658978,2.276677
-55.408210,76.138581,-1.640320,2.288677
-55.410721,76.098657,-1.621964,2.300677
-55.412465,76.058693,-1.603954,2.312677
-55.413377,76.018700,-1.586367,2.324677
-55.413431,75.978697,-1.569273,2.336677
-55.412625,75.938703,-1.552630,2.348677
-55.411010,75.898733,-1.536333,2.360677
-55.408682,75.858798,-1.520416,2.372677
-55.405717,75.818907,-1.505007,2.384677
-55.402162,75.779064,-1.490151,2.396677
-55.398055,75.739274,-1.475780,2.408677
-55.393417,75.699542,-1.461827,2.420677
-55.388266,75.659875,-1.448277,2.432677
-55.382637,75.620272,-1.435161,2.444677
-55.376572,75.580733,-1.422535,2.456677
-55.370071,75.541263,-1.410425,2.468677
-55.363100,75.501875,-1.398834,2.480677
-55.355674,75.462571,-1.387676,2.492677
-55.347899,75.423332,-1.376840,2.504677
-55.339871,75.384145,-1.366206,2.516677
-55.331575,75.345015,-1.355671,2.528677
-55.322967,75.305952,-1.345275,2.540677
-55.313998,75.266969,-1.335112,2.552677
-55.304622,75.228083,-1.325173,2.564677
-55.294815,75.189303,-1.315307,2.576677
-55.284588,75.150632,-1.305403,2.588677
-55.273956,75.112070,-1.295538,2.600677
-55.262934,75.073618,-1.285811,2.612677
-55.251534,75.035275,-1.276161,2.624677
-55.239733,74.997054,-1.266458,2.636677
-55.227485,74.958976,-1.256669,2.648677
-55.214795,74.921042,-1.246885,2.660677
-55.201747,74.883228,-1.237201,2.672677
-55.188408,74.845516,-1.227665,2.684677
-55.174734,74.807925,-1.218299,2.696677
-55.160651,74.770487,-1.209111,2.708677
-55.146149,74.733207,-1.200189,2.720677
-55.131275,74.696074,-1.191619,2.732677
-55.116069,74.659076,-1.183367,2.744677
-55.100545,74.622211,-1.175365,2.756677
-55.084716,74.585476,-1.167636,2.768677
-55.068603,74.548864,-1.160290,2.780677
-55.052239,74.512364,-1.153317,2.792677
-55.035638,74.475971,-1.146641,2.804677
-55.018779,74.439697,-1.140270,2.816677
-55.001647,74.403552,-1.134333,2.828677
-54.984289,74.367514,-1.128942,2.840677
-54.966789,74.331545,-1.124091,2.852677
-54.949188,74.295625,-1.119686,2.864677
-54.931444,74.259776,-1.115619,2.876677
-54.913513,74.224020,-1.111828,2.888677
-54.895411,74.188350,-1.108347,2.900677
-54.877185,74.152744,-1.105201,2.912677
-54.858876,74.117180,-1.102339,2.924677
-54.840505,74.081648,-1.099697,2.936677
-54.822092,74.046138,-1.097247,2.948677
-54.803662,74.010637,-1.095008,2.960677
-54.785244,73.975129,-1.092909,2.972677
-54.766845,73.939612,-1.090880,2.984677
-54.748418,73.904110,-1.088968,2.996677
-54.729909,73.868650,-1.087264,3.008677
-54.711321,73.833231,-1.085760,3.020677
-54.692701,73.797829,-1.084345,3.032677
-54.674075,73.762430,-1.082916,3.044677
-54.655402,73.727056,-1.081431,3.056677
-54.636628,73.691735,-1.079859,3.068677
-54.617740,73.656476,-1.078228,3.080677
-54.598764,73.621263,-1.076580,3.092677
-54.579726,73.586084,-1.074933,3.104677
-54.560648,73.550927,-1.073302,3.116677
-54.541552,73.515780,-1.071734,3.128677
-54.522433,73.480645,-1.070286,3.140677
-54.503253,73.445543,-1.068936,3.152677
-54.483977,73.410494,-1.067645,3.164677
-54.464590,73.375506,-1.066437,3.176677
-54.445089,73.340581,-1.065397,3.188677
-54.425490,73.305712,-1.064562,3.200000
-54.405846,73.270868,-1.063850,3.200000
-54.386213,73.236017,-1.063172,3.200000
-54.366600,73.201156,-1.062511,3.200000
-54.346988,73.166294,-1.061879,3.200000
-54.327364,73.131438,-1.061280,3.200000
-54.307746,73.096579,-1.060750,3.200000
-54.288154,73.061706,-1.060339,3.200000
-54.268601,73.026811,-1.060068,3.200000
-54.249093,72.991890,-1.059917,3.200000
-54.229630,72.956945,-1.059872,3.200000
-54.210178,72.921993,-1.059880,3.200000
-54.190694,72.887059,-1.059868,3.200000
-54.171163,72.852152,-1.059782,3.200000
-54.151609,72.817257,-1.059643,3.200000
-54.132060,72.782360,-1.059476,3.200000
-54.112523,72.747456,-1.059274,3.200000
-54.092994,72.712546,-1.059008,3.200000
-54.073468,72.677636,-1.058654,3.200000
-54.053928,72.642734,-1.058206,3.200000
-54.034356,72.607849,-1.057663,3.200000
-54.014747,72.572985,-1.057030,3.200000
-53.995107,72.538139,-1.056341,3.200000
-53.975438,72.503309,-1.055631,3.200000
-53.955741,72.468494,-1.054880,3.200000
-53.936015,72.433697,-1.054049,3.200000
-53.916259,72.398916,-1.053125,3.200000
-53.896472,72.364153,-1.052133,3.200000
-53.876653,72.329408,-1.051098,3.200000
-53.856807,72.294679,-1.050039,3.200000
-53.836937,72.259963,-1.048981,3.200000
-53.817042,72.225261,-1.047934,3.200000
-53.797105,72.190584,-1.046880,3.200000
-53.777108,72.155941,-1.045799,3.200000
-53.757046,72.121336,-1.044663,3.200000
-53.736918,72.086769,-1.043447,3.200000
-53.716728,72.052239,-1.042136,3.200000
-53.696491,72.017736,-1.040762,3.200000
-53.676222,71.983251,-1.039363,3.200000
-53.655932,71.948779,-1.037983,3.200000
-53.635620,71.914320,-1.036672,3.200000
-53.615282,71.879877,-1.035478,3.200000
-53.594911,71.845453,-1.034432,3.200000
-53.574495,71.811055,-1.033561,3.200000
-53.554023,71.776691,-1.032871,3.200000
-53.533474,71.742372,-1.032304,3.200000
-53.512831,71.708111,-1.031796,3.200000
-53.492099,71.673902,-1.031296,3.200000
-53.471306,71.639732,-1.030768,3.200000
-53.450480,71.605581,-1.030180,3.200000
-53.429657,71.571428,-1.029556,3.200000
-53.408879,71.537248,-1.028927,3.200000
-53.388172,71.503025,-1.028343,3.200000
-53.367539,71.468757,-1.027880,3.200000
-53.346979,71.434445,-1.027615,3.200000
-53.326466,71.400106,-1.027582,3.200000
-53.305953,71.365766,-1.027792,3.200000
-53.285401,71.331450,-1.028235,3.200000
-53.264794,71.297166,-1.028805,3.200000
-53.244124,71.262921,-1.029383,3.200000
-53.223395,71.228711,-1.029871,3.200000
-53.202628,71.194524,-1.030196,3.200000
-53.181849,71.160344,-1.030292,3.200000
-53.161097,71.126149,-1.030181,3.200000
-53.140414,71.091911,-1.029919,3.200000
-53.119834,71.057612,-1.029573,3.200000
-53.099348,71.023256,-1.029259,3.200000
-53.078944,70.988851,-1.029098,3.200000
-53.058584,70.954420,-1.029144,3.200000
-53.038212,70.919997,-1.029396,3.200000
-53.017773,70.885613,-1.029844,3.200000
-52.997247,70.851280,-1.030392,3.200000
-52.976623,70.817007,-1.030929,3.200000
-52.955907,70.782790,-1.031350,3.200000
-52.935137,70.748605,-1.031575,3.200000
-52.914353,70.714428,-1.031528,3.200000
-52.893595,70.680236,-1.031229,3.200000
-52.872904,70.646004,-1.030758,3.200000
-52.852310,70.611712,-1.030199,3.200000
-52.831812,70.577364,-1.029665,3.200000
-52.811396,70.542966,-1.029276,3.200000
-52.791033,70.508537,-1.029095,3.200000
-52.770664,70.474112,-1.029105,3.200000
-52.750234,70.439722,-1.029284,3.200000
-52.729719,70.405384,-1.029526,3.200000
-52.709105,70.371105,-1.029693,3.200000
-52.688395,70.336883,-1.029665,3.200000
-52.667628,70.302697,-1.029389,3.200000
-52.646846,70.268519,-1.028816,3.200000
-52.626086,70.234328,-1.027960,3.200000
-52.605374,70.200108,-1.026886,3.200000
-52.584731,70.165846,-1.025667,3.200000
-52.564144,70.131551,-1.024417,3.200000
-52.543590,70.097235,-1.023257,3.200000
-52.523034,70.062921,-1.022272,3.200000
-52.502420,70.028642,-1.021435,3.200000
-52.481690,69.994433,-1.020718,3.200000
-52.460826,69.960305,-1.020051,3.200000
-52.439833,69.926257,-1.019350,3.200000
-52.418723,69.892280,-1.018540,3.200000
-52.397528,69.858357,-1.017621,3.200000
-52.376285,69.824464,-1.016609,3.200000
-52.355029,69.790579,-1.015550,3.200000
-52.333788,69.756685,-1.014533,3.200000
-52.312590,69.722764,-1.013651,3.200000
-52.291423,69.688823,-1.012983,3.200000
-52.270255,69.654884,-1.012583,3.200000
-52.249055,69.620964,-1.012487,3.200000
-52.227803,69.587076,-1.012665,3.200000
-52.206486,69.553230,-1.013077,3.200000
-52.185107,69.519422,-1.013666,3.200000
-52.163704,69.485630,-1.014350,3.200000
-52.142315,69.451829,-1.015051,3.200000
-52.120981,69.417993,-1.015747,3.200000
-52.099742,69.384098,-1.016452,3.200000
-52.078627,69.350125,-1.017192,3.200000
-52.057625,69.316082,-1.018004,3.200000
-52.036718,69.281980,-1.018919,3.200000
-52.015886,69.247833,-1.019932,3.200000
-51.995107,69.213654,-1.020983,3.200000
-51.974360,69.179455,-1.022010,3.200000
-51.953625,69.145249,-1.022944,3.200000
-51.932882,69.111047,-1.023720,3.200000
-51.912124,69.076855,-1.024282,3.200000
-51.891384,69.042652,-1.024605,3.200000
-51.870700,69.008415,-1.024670,3.200000
-51.850087,68.974135,-1.024502,3.200000
-51.829535,68.939819,-1.024169,3.200000
-51.809029,68.905475,-1.023735,3.200000
-51.788521,68.871132,-1.023221,3.200000
-51.767951,68.836826,-1.022633,3.200000
-51.747277,68.802583,-1.021974,3.200000
-51.726488,68.768410,-1.021245,3.200000
-51.705578,68.734310,-1.020443,3.200000
-51.684560,68.700277,-1.019560,3.200000
-51.663461,68.666295,-1.018595,3.200000
-51.642305,68.632347,-1.017558,3.200000
-51.621121,68.598417,-1.016513,3.200000
-51.599937,68.564487,-1.015531,3.200000
-51.578765,68.530550,-1.014690,3.200000
-51.557592,68.496613,-1.014050,3.200000
-51.536399,68.462689,-1.013662,3.200000
-51.515168,68.428788,-1.013531,3.200000
-51.493878,68.394925,-1.013636,3.200000
-51.472518,68.361106,-1.013952,3.200000
-51.451118,68.327312,-1.014412,3.200000
-51.429717,68.293518,-1.014948,3.200000
-51.408355,68.259699,-1.015518,3.200000
-51.387074,68.225830,-1.016152,3.200000
-51.365910,68.191888,-1.016886,3.200000
-51.344867,68.157871,-1.017760,3.200000
-51.323925,68.123790,-1.018803,3.200000
-51.303065,68.089660,-1.020033,3.200000
-51.282268,68.055492,-1.021402,3.200000
-51.261512,68.021298,-1.022850,3.200000
-51.240777,67.987092,-1.024306,3.200000
-51.220038,67.952888,-1.025704,3.200000
-51.199277,67.918698,-1.026980,3.200000
-51.178522,67.884504,-1.028100,3.200000
-51.157824,67.850275,-1.029047,3.200000
-51.137227,67.815986,-1.029819,3.200000
-51.116739,67.781631,-1.030478,3.200000
-51.096363,67.747210,-1.031088,3.200000
-51.076068,67.712741,-1.031692,3.200000
-51.055792,67.678261,-1.032308,3.200000
-51.035478,67.643803,-1.032949,3.200000
-51.015104,67.609381,-1.033573,3.200000
-50.994663,67.574998,-1.034124,3.200000
-50.974160,67.540652,-1.034546,3.200000
-50.953620,67.506328,-1.034772,3.200000
-50.933070,67.472011,-1.034732,3.200000
-50.912536,67.437684,-1.034444,3.200000
-50.892047,67.403330,-1.033977,3.200000
-50.871623,67.368937,-1.033396,3.200000
-50.851264,67.334506,-1.032758,3.200000
-50.830961,67.300041,-1.032117,3.200000
-50.810685,67.265561,-1.031502,3.200000
-50.790373,67.231102,-1.030895,3.200000
-50.769967,67.196699,-1.030277,3.200000
-50.749448,67.162362,-1.029594,3.200000
-50.728822,67.128090,-1.028782,3.200000
-50.708102,67.093875,-1.027789,3.200000
-50.687338,67.059686,-1.026629,3.200000
-50.666581,67.025494,-1.025321,3.200000
-50.645843,66.991289,-1.023906,3.200000
-50.625103,66.957086,-1.022449,3.200000
-50.604337,66.922899,-1.021017,3.200000
-50.583524,66.888740,-1.019682,3.200000
-50.562645,66.854622,-1.018510,3.200000
-50.541678,66.820557,-1.017534,3.200000
-50.520606,66.786557,-1.016706,3.200000
-50.499409,66.752635,-1.015973,3.200000
-50.478104,66.718781,-1.015280,3.200000
-50.456730,66.684971,-1.014601,3.200000
-50.435327,66.651178,-1.013921,3.200000
-50.413936,66.617379,-1.013297,3.200000
-50.392593,66.583549,-1.012797,3.200000
-50.371320,66.549675,-1.012477,3.200000
-50.350104,66.515765,-1.012357,3.200000
-50.328928,66.481829,-1.012458,3.200000
-50.307767,66.447885,-1.012760,3.200000
-50.286584,66.413955,-1.013210,3.200000
-50.265357,66.380052,-1.013742,3.200000
-50.244104,66.346165,-1.014284,3.200000
-50.222859,66.312273,-1.014767,3.200000
-50.201651,66.278358,-1.015140,3.200000
-50.180505,66.244405,-1.015378,3.200000
-50.159443,66.210399,-1.015465,3.200000
-50.138472,66.176337,-1.015443,3.200000
-50.117584,66.142224,-1.015380,3.200000
-50.096766,66.108068,-1.015343,3.200000
-50.075965,66.073902,-1.015347,3.200000
-50.055125,66.039760,-1.015390,3.200000
-50.034207,66.005665,-1.015438,3.200000
-50.013202,65.971624,-1.015422,3.200000
-49.992106,65.937640,-1.015273,3.200000
-49.970932,65.903703,-1.014978,3.200000
-49.949706,65.869800,-1.014557,3.200000
-49.928451,65.835914,-1.014041,3.200000
-49.907201,65.802025,-1.013492,3.200000
-49.885987,65.768114,-1.012977,3.200000
-49.864814,65.734178,-1.012574,3.200000
-49.843648,65.700236,-1.012339,3.200000
-49.822458,65.666310,-1.012322,3.200000
-49.801220,65.632414,-1.012519,3.200000
-49.779920,65.598557,-1.012911,3.200000
-49.758553,65.564742,-1.013468,3.200000
-49.737151,65.530949,-1.014125,3.200000
-49.715753,65.497154,-1.014815,3.200000
-49.694398,65.463331,-1.015502,3.200000
-49.673127,65.429456,-1.016212,3.200000
-49.651976,65.395505,-1.016980,3.200000
-49.630944,65.361481,-1.017862,3.200000
-49.610011,65.327395,-1.018911,3.200000
-49.589158,65.293261,-1.020156,3.200000
-49.568365,65.259090,-1.021540,3.200000
-49.547612,65.224894,-1.022996,3.200000
-49.526877,65.190688,-1.024450,3.200000
-49.506136,65.156486,-1.025837,3.200000
-49.485373,65.122297,-1.027098,3.200000
-49.464621,65.088101,-1.028202,3.200000
-49.443933,65.053867,-1.029131,3.200000
-49.423347,65.019570,-1.029890,3.200000
-49.402871,64.985209,-1.030542,3.200000
-49.382505,64.950781,-1.031153,3.200000
-49.362215,64.916309,-1.031759,3.200000
-49.341938,64.881830,-1.032379,3.200000
-49.321618,64.847375,-1.033022,3.200000
-49.301237,64.812957,-1.033641,3.200000
-49.280790,64.778578,-1.034183,3.200000
-49.260283,64.744235,-1.034588,3.200000
-49.239741,64.709912,-1.034789,3.200000
-49.219191,64.675594,-1.034719,3.200000
-49.198662,64.641264,-1.034407,3.200000
-49.178179,64.606907,-1.033926,3.200000
-49.157763,64.572509,-1.033340,3.200000
-49.137411,64.538074,-1.032697,3.200000
-49.117114,64.503606,-1.032049,3.200000
-49.096837,64.469126,-1.031422,3.200000
-49.076518,64.434671,-1.030824,3.200000
-49.056100,64.400275,-1.030254,3.200000
-49.035570,64.365945,-1.029661,3.200000
-49.014932,64.331681,-1.028976,3.200000
-48.994204,64.297470,-1.028149,3.200000
-48.973438,64.263282,-1.027179,3.200000
-48.952685,64.229087,-1.026072,3.200000
-48.931949,64.194882,-1.024857,3.200000
-48.911204,64.160682,-1.023581,3.200000
-48.890424,64.126503,-1.022298,3.200000
-48.869602,64.092350,-1.021074,3.200000
-48.848736,64.058224,-1.019974,3.200000
-48.827814,64.024131,-1.019026,3.200000
-48.806818,63.990085,-1.018197,3.200000
-48.785727,63.956097,-1.017450,3.200000
-48.764553,63.922161,-1.016751,3.200000
-48.743326,63.888258,-1.016086,3.200000
-48.722074,63.854370,-1.015452,3.200000
-48.700826,63.820480,-1.014857,3.200000
-48.679606,63.786573,-1.014299,3.200000
-48.658425,63.752641,-1.013778,3.200000
-48.637267,63.718695,-1.013314,3.200000
-48.616116,63.684744,-1.012930,3.200000
-48.594951,63.650803,-1.012638,3.200000
-48.573751,63.616883,-1.012440,3.200000
-48.552508,63.582990,-1.012322,3.200000
-48.531256,63.549103,-1.012259,3.200000
-48.510036,63.515195,-1.012226,3.200000
-48.488861,63.481260,-1.012210,3.200000
-48.467703,63.447313,-1.012216,3.200000
-48.446537,63.413373,-1.012252,3.200000
-48.425361,63.379437,-1.012334,3.200000
-48.404190,63.345499,-1.012466,3.200000
-48.383027,63.311556,-1.012652,3.200000
-48.361856,63.277618,-1.012871,3.200000
-48.340654,63.243700,-1.013100,3.200000
-48.319418,63.209803,-1.013304,3.200000
-48.298157,63.175920,-1.013488,3.200000
-48.276889,63.142044,-1.013664,3.200000
-48.255636,63.108156,-1.013852,3.200000
-48.234430,63.074240,-1.014059,3.200000
-48.213291,63.040283,-1.014278,3.200000
-48.192209,63.006289,-1.014477,3.200000
-48.171172,62.972268,-1.014629,3.200000
-48.150153,62.938235,-1.014737,3.200000
-48.129114,62.904215,-1.014823,3.200000
-48.108026,62.870226,-1.014904,3.200000
-48.086911,62.836253,-1.014934,3.200000
-48.065818,62.802266,-1.014851,3.200000
-48.044772,62.768251,-1.014596,3.200000
-48.023755,62.734217,-1.014142,3.200000
-48.002742,62.700181,-1.013465,3.200000
-47.981718,62.666152,-1.012597,3.200000
-47.960674,62.632135,-1.011604,3.200000
-47.939603,62.598135,-1.010559,3.200000
-47.918498,62.564155,-1.009484,3.200000
-47.897356,62.530199,-1.008375,3.200000
-47.876163,62.496275,-1.007197,3.200000
-47.854888,62.462402,-1.005902,3.200000
-47.833502,62.428599,-1.004451,3.200000
-47.811999,62.394870,-1.002877,3.200000
-47.790393,62.361208,-1.001259,3.200000
-47.768701,62.327600,-0.999670,3.200000
-47.746955,62.294027,-0.998115,3.200000
-47.725191,62.260467,-0.996568,3.200000
-47.703420,62.226910,-0.995007,3.200000
-47.681607,62.193381,-0.993456,3.200000
-47.659712,62.159906,-0.991952,3.200000
-47.637725,62.126491,-0.990550,3.200000
-47.615662,62.093125,-0.989301,3.200000
-47.593542,62.059798,-0.988243,3.200000
-47.571392,62.026491,-0.987339,3.200000
-47.549242,61.993183,-0.986521,3.200000
-47.527108,61.959866,-0.985712,3.200000
-47.504968,61.926551,-0.984873,3.200000
-47.482799,61.893257,-0.983985,3.200000
-47.460594,61.859986,-0.983101,3.200000
-47.438371,61.826727,-0.982290,3.200000
-47.416150,61.793468,-0.981607,3.200000
-47.393938,61.760202,-0.981016,3.200000
-47.371739,61.726927,-0.980432,3.200000
-47.349549,61.693646,-0.979759,3.200000
-47.327342,61.660377,-0.978945,3.200000
-47.305084,61.627142,-0.977964,3.200000
-47.282762,61.593950,-0.976841,3.200000
-47.260392,61.560789,-0.975614,3.200000
-47.237997,61.527646,-0.974313,3.200000
-47.215586,61.494514,-0.972916,3.200000
-47.193168,61.461387,-0.971393,3.200000
-47.170741,61.428265,-0.969720,3.200000
-47.148273,61.395171,-0.967897,3.200000
-47.125721,61.362134,-0.965938,3.200000
-47.103055,61.329176,-0.963886,3.200000
-47.080282,61.296291,-0.961795,3.200000
-47.057415,61.263473,-0.959708,3.200000
-47.034458,61.230716,-0.957610,3.200000
-47.011412,61.198022,-0.955463,3.200000
-46.988275,61.165392,-0.953233,3.200000
-46.965046,61.132828,-0.950904,3.200000
-46.941722,61.100333,-0.948508,3.200000
-46.918302,61.067905,-0.946111,3.200000
-46.894799,61.035539,-0.943817,3.200000
-46.871224,61.003224,-0.941719,3.200000
-46.847589,60.970954,-0.939855,3.200000
-46.823893,60.938728,-0.938216,3.200000
-46.800136,60.906547,-0.936759,3.200000
-46.776314,60.874414,-0.935457,3.200000
-46.752420,60.842334,-0.934307,3.200000
-46.728450,60.810312,-0.933322,3.200000
-46.704414,60.778339,-0.932515,3.200000
-46.680343,60.746392,-0.931880,3.200000
-46.656268,60.714448,-0.931394,3.200000
-46.632212,60.682491,-0.931024,3.200000
-46.608195,60.650504,-0.930733,3.200000
-46.584230,60.618477,-0.930500,3.200000
-46.560310,60.586418,-0.930318,3.200000
-46.536416,60.554338,-0.930193,3.200000
-46.512535,60.522249,-0.930142,3.200000
-46.488672,60.490147,-0.930175,3.200000
-46.464833,60.458027,-0.930282,3.200000
-46.441020,60.425887,-0.930413,3.200000
-46.417223,60.393736,-0.930502,3.200000
-46.393432,60.361581,-0.930481,3.200000
-46.369635,60.329429,-0.930299,3.200000
-46.345823,60.297289,-0.929952,3.200000
-46.321987,60.265167,-0.929480,3.200000
-46.298126,60.233063,-0.928952,3.200000
-46.274244,60.200975,-0.928376,3.200000
-46.250344,60.168900,-0.927725,3.200000
-46.226422,60.136842,-0.926965,3.200000
-46.202470,60.104806,-0.926097,3.200000
-46.178477,60.072800,-0.925145,3.200000
-46.154428,60.040837,-0.924147,3.200000
-46.130307,60.008929,-0.923151,3.200000
-46.106111,59.977077,-0.922206,3.200000
-46.081868,59.945260,-0.921339,3.200000
-46.057609,59.913455,-0.920539,3.200000
-46.033345,59.881655,-0.919777,3.200000
-46.009056,59.849875,-0.919032,3.200000
-45.984720,59.818129,-0.918294,3.200000
-45.960335,59.786421,-0.917564,3.200000
-45.935911,59.754744,-0.916850,3.200000
-45.911458,59.723089,-0.916167,3.200000
-45.886996,59.691441,-0.915534,3.200000
-45.862546,59.659783,-0.914944,3.200000
-45.838127,59.628101,-0.914331,3.200000
-45.813734,59.596400,-0.913616,3.200000
-45.789351,59.564691,-0.912786,3.200000
-45.764965,59.532984,-0.911895,3.200000
-45.740569,59.501285,-0.911010,3.200000
-45.716155,59.469599,-0.910172,3.200000
-45.691720,59.437931,-0.909385,3.200000
-45.667259,59.406282,-0.908636,3.200000
-45.642770,59.374654,-0.907867,3.200000
-45.618242,59.343057,-0.907004,3.200000
-45.593650,59.311509,-0.905996,3.200000
-45.568969,59.280032,-0.904851,3.200000
-45.544197,59.248626,-0.903610,3.200000
-45.519358,59.217272,-0.902315,3.200000
-45.494477,59.185952,-0.901004,3.200000
-45.469570,59.154653,-0.899707,3.200000
-45.444648,59.123366,-0.898452,3.200000
-45.419719,59.092084,-0.897260,3.200000
-45.394768,59.060820,-0.896151,3.200000
-45.369771,59.029593,-0.895160,3.200000
-45.344705,58.998421,-0.894351,3.200000
-45.319574,58.967301,-0.893799,3.200000
-45.294392,58.936222,-0.893518,3.200000
-45.269171,58.905175,-0.893451,3.200000
-45.243926,58.874149,-0.893528,3.200000
-45.218669,58.843131,-0.893687,3.200000
-45.193413,58.812112,-0.893881,3.200000
-45.168171,58.781083,-0.894072,3.200000
-45.142952,58.750035,-0.894276,3.200000
-45.117769,58.718957,-0.894552,3.200000
-45.092644,58.687832,-0.894959,3.200000
-45.067601,58.656642,-0.895515,3.200000
-45.042646,58.625380,-0.896203,3.200000
-45.017764,58.594061,-0.896995,3.200000
-44.992932,58.562702,-0.897845,3.200000
-44.968132,58.531319,-0.898703,3.200000
-44.943343,58.499925,-0.899525,3.200000
-44.918549,58.468537,-0.900278,3.200000
-44.893747,58.437155,-0.900928,3.200000
-44.868951,58.405767,-0.901435,3.200000
-44.844175,58.374364,-0.901740,3.200000
-44.819426,58.342940,-0.901779,3.200000
-44.794705,58.311493,-0.901522,3.200000
-44.770012,58.280025,-0.901004,3.200000
-44.745333,58.248546,-0.900277,3.200000
-44.720650,58.217070,-0.899387,3.200000
-44.695946,58.185610,-0.898375,3.200000
-44.671209,58.154176,-0.897279,3.200000
-44.646428,58.122777,-0.896121,3.200000
-44.621591,58.091422,-0.894877,3.200000
-44.596678,58.060128,-0.893521,3.200000
-44.571669,58.028909,-0.892047,3.200000
-44.546554,57.997777,-0.890464,3.200000
-44.521343,57.966722,-0.888785,3.200000
-44.496051,57.935733,-0.887027,3.200000
-44.470688,57.904802,-0.885225,3.200000
-44.445263,57.873922,-0.883415,3.200000
-44.419784,57.843086,-0.881629,3.200000
-44.394254,57.812293,-0.879893,3.200000
-44.368670,57.781545,-0.878231,3.200000
-44.343027,57.750845,-0.876680,3.200000
-44.317329,57.720192,-0.875283,3.200000
-44.291584,57.689579,-0.874079,3.200000
-44.265800,57.658998,-0.873065,3.200000
-44.239986,57.628443,-0.872218,3.200000
-44.214145,57.597910,-0.871514,3.200000
-44.188285,57.567393,-0.870935,3.200000
-44.162410,57.536889,-0.870462,3.200000
-44.136527,57.506393,-0.870088,3.200000
-44.110640,57.475899,-0.869838,3.200000
-44.084757,57.445402,-0.869743,3.200000
-44.058885,57.414896,-0.869812,3.200000
-44.033032,57.384373,-0.870000,3.200000
-44.007200,57.353833,-0.870255,3.200000
-43.981388,57.323275,-0.870545,3.200000
-43.955596,57.292702,-0.870868,3.200000
-43.929820,57.262114,-0.871227,3.200000
-43.904056,57.231516,-0.871618,3.200000
-43.878303,57.200909,-0.872030,3.200000
-43.852570,57.170285,-0.872452,3.200000
-43.826873,57.139632,-0.872873,3.200000
-43.801224,57.108937,-0.873279,3.200000
-43.775612,57.078213,-0.873658,3.200000
-43.750012,57.047478,-0.874003,3.200000
-43.724404,57.016749,-0.874324,3.200000
-43.698786,56.986029,-0.874633,3.200000
-43.673165,56.955311,-0.874950,3.200000
-43.647547,56.924592,-0.875302,3.200000
-43.621930,56.893871,-0.875716,3.200000
-43.596315,56.863148,-0.876170,3.200000
-43.570700,56.832426,-0.876598,3.200000
-43.545084,56.801704,-0.876937,3.200000
-43.519465,56.770985,-0.877190,3.200000
-43.493844,56.740268,-0.877420,3.200000
-43.468226,56.709548,-0.877687,3.200000
-43.442616,56.678821,-0.878013,3.200000
-43.417024,56.648079,-0.878381,3.200000
-43.391461,56.617313,-0.878775,3.200000
-43.365944,56.586509,-0.879190,3.200000
-43.340474,56.555666,-0.879627,3.200000
-43.315030,56.524803,-0.880086,3.200000
-43.289583,56.493941,-0.880581,3.200000
-43.264122,56.463090,-0.881123,3.200000
-43.238663,56.432239,-0.881715,3.200000
-43.213221,56.401373,-0.882314,3.200000
-43.187805,56.370485,-0.882870,3.200000
-43.162413,56.339578,-0.883338,3.200000
-43.137039,56.308656,-0.883676,3.200000
-43.111683,56.277720,-0.883835,3.200000
-43.086342,56.246771,-0.883788,3.200000
-43.061017,56.215809,-0.883574,3.200000
-43.035710,56.184832,-0.883260,3.200000
-43.010429,56.153834,-0.882894,3.200000
-42.985179,56.122811,-0.882462,3.200000
-42.959946,56.091774,-0.881934,3.200000
-42.934706,56.060743,-0.881282,3.200000
-42.909430,56.029740,-0.880506,3.200000
-42.884101,55.998782,-0.879615,3.200000
-42.858702,55.967880,-0.878616,3.200000
-42.833221,55.937047,-0.877515,3.200000
-42.807663,55.906276,-0.876317,3.200000
-42.782044,55.875557,-0.875016,3.200000
-42.756376,55.844879,-0.873588,3.200000
-42.730660,55.814241,-0.872007,3.200000
-42.704893,55.783646,-0.870297,3.200000
-42.679071,55.753097,-0.868552,3.200000
-42.653195,55.722594,-0.866870,3.200000
-42.627265,55.692137,-0.865313,3.200000
-42.601282,55.661724,-0.863905,3.200000
-42.575250,55.631355,-0.862669,3.200000
-42.549169,55.601027,-0.861614,3.200000
-42.523041,55.570739,-0.860719,3.200000
-42.496858,55.540499,-0.859960,3.200000
-42.470612,55.510314,-0.859328,3.200000
-42.444301,55.480186,-0.858828,3.200000
-42.417954,55.450088,-0.858465,3.200000
-42.391608,55.419990,-0.858241,3.200000
-42.365292,55.389866,-0.858154,3.200000
-42.339010,55.359712,-0.858200,3.200000
-42.312762,55.329528,-0.858381,3.200000
-42.286548,55.299316,-0.858703,3.200000
-42.260367,55.269074,-0.859169,3.200000
-42.234219,55.238804,-0.859806,3.200000
-42.208106,55.208504,-0.860654,3.200000
-42.182027,55.178174,-0.861751,3.200000
-42.155983,55.147815,-0.863043,3.200000
-42.129973,55.117425,-0.864419,3.200000
-42.103998,55.087007,-0.865774,3.200000
-42.078055,55.056561,-0.867081,3.200000
-42.052145,55.026087,-0.868356,3.200000
-42.026273,54.995580,-0.869612,3.200000
-42.000444,54.965038,-0.870849,3.200000
-41.974666,54.934451,-0.872065,3.200000
-41.948956,54.903808,-0.873255,3.200000
-41.923330,54.873095,-0.874417,3.200000
-41.897789,54.842311,-0.875549,3.200000
-41.872301,54.811483,-0.876651,3.200000
-41.846834,54.780637,-0.877733,3.200000
-41.821369,54.749790,-0.878807,3.200000
-41.795914,54.718935,-0.879876,3.200000
-41.770477,54.688065,-0.880895,3.200000
-41.745062,54.657177,-0.881816,3.200000
-41.719669,54.626271,-0.882594,3.200000
-41.694294,54.595350,-0.883184,3.200000
-41.668937,54.564414,-0.883536,3.200000
-41.643596,54.533465,-0.883620,3.200000
-41.618271,54.502503,-0.883489,3.200000
-41.592965,54.471526,-0.883217,3.200000
-41.567684,54.440528,-0.882865,3.200000
-41.542434,54.409504,-0.882429,3.200000
-41.517201,54.378467,-0.881888,3.200000
-41.491959,54.347438,-0.881228,3.200000
-41.466680,54.316438,-0.880450,3.200000
-41.441347,54.285482,-0.879558,3.200000
-41.415944,54.254584,-0.878558,3.200000
-41.390459,54.223754,-0.877453,3.200000
-41.364898,54.192987,-0.876250,3.200000
-41.339276,54.162270,-0.874942,3.200000
-41.313606,54.131593,-0.873510,3.200000
-41.287888,54.100957,-0.871932,3.200000
-41.262118,54.070364,-0.870229,3.200000
-41.236294,54.039817,-0.868481,3.200000
-41.210416,54.009316,-0.866771,3.200000
-41.184484,53.978860,-0.865153,3.200000
-41.158500,53.948449,-0.863656,3.200000
-41.132465,53.918082,-0.862306,3.200000
-41.106382,53.887756,-0.861110,3.200000
-41.080250,53.857472,-0.860046,3.200000
-41.054064,53.827234,-0.859092,3.200000
-41.027817,53.797050,-0.858235,3.200000
-41.001510,53.766918,-0.857483,3.200000
-40.975165,53.736819,-0.856840,3.200000
-40.948809,53.706730,-0.856309,3.200000
-40.922461,53.676633,-0.855889,3.200000
-40.896128,53.646524,-0.855579,3.200000
-40.869811,53.616400,-0.855377,3.200000
-40.843512,53.586262,-0.855278,3.200000
-40.817230,53.556108,-0.855279,3.200000
-40.790964,53.525940,-0.855387,3.200000
-40.764715,53.495757,-0.855616,3.200000
-40.738483,53.465560,-0.855982,3.200000
-40.712267,53.435348,-0.856455,3.200000
-40.686069,53.405122,-0.856976,3.200000
-40.659887,53.374881,-0.857490,3.200000
-40.633723,53.344625,-0.857977,3.200000
-40.607576,53.314354,-0.858437,3.200000
-40.581446,53.284068,-0.858871,3.200000
-40.555331,53.253769,-0.859280,3.200000
-40.529233,53.223456,-0.859663,3.200000
-40.503154,53.193127,-0.860019,3.200000
-40.477096,53.162779,-0.860348,3.200000
-40.451058,53.132414,-0.860651,3.200000
-40.425032,53.102039,-0.860927,3.200000
-40.399007,53.071663,-0.861176,3.200000
-40.372977,53.041291,-0.861398,3.200000
-40.346944,53.010922,-0.861593,3.200000
-40.320912,52.980552,-0.861760,3.200000
-40.294880,52.950182,-0.861902,3.200000
-40.268849,52.919811,-0.862019,3.200000
-40.242819,52.889440,-0.862109,3.200000
-40.216787,52.859069,-0.862166,3.200000
-40.190756,52.828699,-0.862186,3.200000
-40.164725,52.798328,-0.862181,3.200000
-40.138693,52.767958,-0.862172,3.200000
-40.112662,52.737587,-0.862175,3.200000
-40.086630,52.707217,-0.862180,3.200000
-40.060598,52.676847,-0.862166,3.200000
-40.034566,52.646477,-0.862116,3.200000
-40.008534,52.616107,-0.862032,3.200000
-39.982502,52.585737,-0.861919,3.200000
-39.956470,52.555367,-0.861782,3.200000
-39.930437,52.524999,-0.861621,3.200000
-39.904402,52.494630,-0.861433,3.200000
-39.878371,52.464260,-0.861218,3.200000
-39.852343,52.433886,-0.860977,3.200000
-39.826318,52.403511,-0.860710,3.200000
-39.800283,52.373143,-0.860417,3.200000
-39.774230,52.342791,-0.860097,3.200000
-39.748156,52.312458,-0.859751,3.200000
-39.722062,52.282141,-0.859376,3.200000
-39.695951,52.251838,-0.858976,3.200000
-39.669825,52.221549,-0.858555,3.200000
-39.643683,52.191274,-0.858114,3.200000
-39.617524,52.161014,-0.857640,3.200000
-39.591347,52.130768,-0.857122,3.200000
-39.565154,52.100538,-0.856555,3.200000
-39.538944,52.070321,-0.855984,3.200000
-39.512717,52.040119,-0.855458,3.200000
-39.486473,52.009932,-0.855013,3.200000
-39.460212,51.979760,-0.854631,3.200000
-39.433934,51.949602,-0.854286,3.200000
-39.407641,51.919458,-0.853958,3.200000
-39.381334,51.889326,-0.853642,3.200000
-39.355010,51.859209,-0.853334,3.200000
-39.328664,51.829111,-0.853028,3.200000
-39.302291,51.799037,-0.852712,3.200000
-39.275901,51.768977,-0.852373,3.200000
-39.249516,51.738913,-0.852001,3.200000
-39.223155,51.708829,-0.851600,3.200000
-39.196819,51.678722,-0.851174,3.200000
-39.170496,51.648604,-0.850727,3.200000
-39.144173,51.618486,-0.850253,3.200000
-39.117843,51.588374,-0.849750,3.200000
-39.091503,51.558271,-0.849215,3.200000
-39.065149,51.528179,-0.848662,3.200000
-39.038777,51.498104,-0.848107,3.200000
-39.012377,51.468054,-0.847550,3.200000
-38.985942,51.438034,-0.846944,3.200000
-38.959471,51.408046,-0.846232,3.200000
-38.932965,51.378088,-0.845382,3.200000
-38.906429,51.348158,-0.844431,3.200000
-38.879861,51.318256,-0.843427,3.200000
-38.853260,51.288383,-0.842413,3.200000
-38.826625,51.258540,-0.841406,3.200000
-38.799958,51.228726,-0.840424,3.200000
-38.773263,51.198937,-0.839485,3.200000
-38.746542,51.169171,-0.838626,3.200000
-38.719790,51.139434,-0.837886,3.200000
-38.692994,51.109735,-0.837297,3.200000
-38.666143,51.080087,-0.836845,3.200000
-38.639240,51.050486,-0.836508,3.200000
-38.612302,51.020917,-0.836268,3.200000
-38.585345,50.991365,-0.836118,3.200000
-38.558381,50.961819,-0.836056,3.200000
-38.531417,50.932273,-0.836075,3.200000
-38.504461,50.902721,-0.836161,3.200000
-38.477523,50.873151,-0.836299,3.200000
-38.450621,50.843550,-0.836478,3.200000
-38.423769,50.813902,-0.836710,3.200000
-38.396972,50.784204,-0.837010,3.200000
-38.370221,50.754466,-0.837384,3.200000
-38.343504,50.724697,-0.837794,3.200000
-38.316814,50.694903,-0.838193,3.200000
-38.290147,50.665090,-0.838535,3.200000
-38.263499,50.635258,-0.838792,3.200000
-38.236866,50.605414,-0.838936,3.200000
-38.210242,50.575562,-0.838940,3.200000
-38.183620,50.545707,-0.838764,3.200000
-38.156996,50.515855,-0.838371,3.200000
-38.130366,50.486009,-0.837725,3.200000
-38.103726,50.456170,-0.836852,3.200000
-38.077070,50.426347,-0.835792,3.200000
-38.050386,50.396548,-0.834586,3.200000
-38.023662,50.366785,-0.833261,3.200000
-37.996886,50.337069,-0.831833,3.200000
-37.970048,50.307408,-0.830324,3.200000
-37.943140,50.277812,-0.828755,3.200000
-37.916150,50.248289,-0.827154,3.200000
-37.889073,50.218847,-0.825545,3.200000
-37.861901,50.189493,-0.823949,3.200000
-37.834632,50.160229,-0.822388,3.200000
-37.807280,50.131042,-0.820882,3.200000
-37.779861,50.101918,-0.819464,3.200000
-37.752387,50.072845,-0.818166,3.200000
-37.724868,50.043816,-0.817021,3.200000
-37.697312,50.014821,-0.816062,3.200000
-37.669728,49.985854,-0.815330,3.200000
-37.642124,49.956906,-0.814863,3.200000
-37.614510,49.927967,-0.814692,3.200000
-37.586895,49.899028,-0.814821,3.200000
-37.559289,49.870082,-0.815248,3.200000
-37.531701,49.841118,-0.815946,3.200000
-37.504141,49.812128,-0.816876,3.200000
-37.476616,49.783104,-0.817996,3.200000
-37.449136,49.754038,-0.819273,3.200000
-37.421708,49.724922,-0.820675,3.200000
-37.394346,49.695744,-0.822174,3.200000
-37.367065,49.666492,-0.823738,3.200000
-37.339878,49.637151,-0.825336,3.200000
-37.312788,49.607721,-0.826933,3.200000
-37.285787,49.578208,-0.828499,3.200000
-37.258868,49.548622,-0.830000,3.200000
-37.232021,49.518969,-0.831404,3.200000
-37.205237,49.489260,-0.832679,3.200000
-37.178506,49.459504,-0.833797,3.200000
-37.151816,49.429711,-0.834731,3.200000
-37.125157,49.399889,-0.835450,3.200000
-37.098520,49.370048,-0.835908,3.200000
-37.071894,49.340198,-0.836058,3.200000
-37.045268,49.310348,-0.835862,3.200000
-37.018631,49.280507,-0.835341,3.200000
-36.991973,49.250685,-0.834524,3.200000
-36.965283,49.220891,-0.833443,3.200000
-36.938550,49.191136,-0.832122,3.200000
-36.911765,49.161429,-0.830585,3.200000
-36.884918,49.131776,-0.828855,3.200000
-36.858002,49.102187,-0.826955,3.200000
-36.831005,49.072671,-0.824910,3.200000
-36.803914,49.043242,-0.822747,3.200000
-36.776713,49.013914,-0.820489,3.200000
-36.749401,48.984690,-0.818161,3.200000
-36.721986,48.955562,-0.815786,3.200000
-36.694481,48.926519,-0.813390,3.200000
-36.666894,48.897554,-0.810998,3.200000
-36.639230,48.868663,-0.808633,3.200000
-36.611492,48.839842,-0.806317,3.200000
-36.583685,48.811089,-0.804070,3.200000
-36.555813,48.782398,-0.801913,3.200000
-36.527883,48.753764,-0.799876,3.200000
-36.499899,48.725182,-0.797989,3.200000
-36.471865,48.696650,-0.796283,3.200000
-36.443787,48.668161,-0.794756,3.200000
-36.415668,48.639712,-0.793391,3.200000
-36.387513,48.611299,-0.792167,3.200000
-36.359327,48.582917,-0.791074,3.200000
-36.331113,48.554562,-0.790103,3.200000
-36.302877,48.526230,-0.789250,3.200000
-36.274621,48.497918,-0.788508,3.200000
-36.246349,48.469621,-0.787869,3.200000
-36.218066,48.441335,-0.787323,3.200000
-36.189778,48.413055,-0.786863,3.200000
-36.161490,48.384774,-0.786481,3.200000
-36.133205,48.356491,-0.786171,3.200000
-36.104922,48.328205,-0.785924,3.200000
-36.076639,48.299920,-0.785735,3.200000
-36.048355,48.271635,-0.785594,3.200000
-36.020071,48.243351,-0.785496,3.200000
-35.991787,48.215066,-0.785433,3.200000
-35.963503,48.186782,-0.785400,3.200000
-35.935218,48.158498,-0.785389,3.200000
-35.906934,48.130213,-0.785392,3.200000
-35.878650,48.101929,-0.785400,3.200000
-35.850366,48.073644,-0.785403,3.200000
-35.822082,48.045360,-0.785402,3.200000
-35.793797,48.017076,-0.785400,3.200000
-35.765513,47.988792,-0.785397,3.200000
-35.737229,47.960507,-0.785397,3.200000
-35.708945,47.932223,-0.785396,3.200000
-35.680660,47.903939,-0.785396,3.200000
-35.652376,47.875655,-0.785396,3.200000
-35.624092,47.847370,-0.785395,3.200000
-35.595807,47.819086,-0.785395,3.200000
-35.567523,47.790802,-0.785395,3.200000
-35.539238,47.762518,-0.785395,3.200000
-35.510954,47.734234,-0.785396,3.200000
-35.482669,47.705950,-0.785396,3.200000
-35.454385,47.677666,-0.785396,3.200000
-35.426100,47.649382,-0.785397,3.200000
-35.397816,47.621098,-0.785397,3.200000
-35.369532,47.592814,-0.785397,3.200000
-35.341247,47.564530,-0.785398,3.200000
-35.312963,47.536245,-0.785398,3.200000
-35.284679,47.507961,-0.785399,3.200000
-35.256394,47.479677,-0.785399,3.200000
-35.228110,47.451392,-0.785399,3.200000
-35.199826,47.423108,-0.785400,3.200000
-35.171542,47.394823,-0.785400,3.200000
-35.143258,47.366539,-0.785401,3.200000
-35.114974,47.338254,-0.785401,3.200000
-35.086690,47.309970,-0.785401,3.200000
-35.058406,47.281685,-0.785401,3.200000
-35.030122,47.253401,-0.785401,3.200000
-35.001838,47.225116,-0.785401,3.200000
-34.973554,47.196832,-0.785401,3.200000
-34.945269,47.168548,-0.785400,3.200000
-34.916985,47.140264,-0.785400,3.200000
-34.888701,47.111979,-0.785399,3.200000
-34.860417,47.083695,-0.785398,3.200000
-34.832132,47.055411,-0.785397,3.200000
-34.803848,47.027126,-0.785397,3.200000
-34.775564,46.998842,-0.785396,3.200000
-34.747279,46.970558,-0.785395,3.200000
-34.718995,46.942274,-0.785395,3.200000
-34.690711,46.913990,-0.785395,3.200000
-34.662426,46.885705,-0.785395,3.200000
-34.634142,46.857421,-0.785395,3.200000
-34.605857,46.829137,-0.785396,3.200000
-34.577573,46.800853,-0.785396,3.200000
-34.549288,46.772569,-0.785396,3.200000
-34.521004,46.744285,-0.785397,3.200000
-34.492719,46.716001,-0.785397,3.200000
-34.464435,46.687717,-0.785398,3.200000
-34.436151,46.659433,-0.785398,3.200000
-34.407866,46.631149,-0.785398,3.200000
-34.379582,46.602864,-0.785399,3.200000
-34.351298,46.574580,-0.785399,3.200000
-34.323014,46.546295,-0.785399,3.200000
-34.294730,46.518011,-0.785400,3.200000
-34.266446,46.489726,-0.785401,3.200000
-34.238162,46.461442,-0.785401,3.200000
-34.209878,46.433157,-0.785401,3.200000
-34.181593,46.404873,-0.785399,3.200000
-34.153309,46.376589,-0.785398,3.200000
-34.125025,46.348304,-0.785401,3.200000
-34.096741,46.320020,-0.785409,3.200000
-34.068457,46.291736,-0.785413,3.200000
-34.040173,46.263451,-0.785404,3.200000
-34.011888,46.235167,-0.785373,3.200000
-33.983604,46.206882,-0.785314,3.200000
-33.955320,46.178598,-0.785219,3.200000
-33.927036,46.150314,-0.785083,3.200000
-33.898750,46.122031,-0.784899,3.200000
-33.870465,46.093747,-0.784659,3.200000
-33.842181,46.065463,-0.784356,3.200000
-33.813901,46.037175,-0.783984,3.200000
-33.785620,46.008887,-0.783533,3.200000
-33.757335,45.980603,-0.782999,3.200000
-33.729040,45.952330,-0.782371,3.200000
-33.700729,45.924072,-0.781643,3.200000
-33.672400,45.895833,-0.780804,3.200000
-33.644047,45.867617,-0.779849,3.200000
-33.615669,45.839427,-0.778771,3.200000
-33.587259,45.811269,-0.777564,3.200000
-33.558815,45.783145,-0.776218,3.200000
-33.530331,45.755062,-0.774714,3.200000
-33.501804,45.727023,-0.773031,3.200000
-33.473229,45.699032,-0.771166,3.200000
-33.444602,45.671095,-0.769147,3.200000
-33.415919,45.643215,-0.767004,3.200000
-33.387173,45.615399,-0.764768,3.200000
-33.358362,45.587652,-0.762461,3.200000
-33.329480,45.559978,-0.760102,3.200000
-33.300525,45.532381,-0.757713,3.200000
-33.271493,45.504865,-0.755316,3.200000
-33.242376,45.477438,-0.752938,3.200000
-33.213165,45.450112,-0.750603,3.200000
-33.183850,45.422897,-0.748334,3.200000
-33.154434,45.395792,-0.746157,3.200000
-33.124928,45.368784,-0.744094,3.200000
-33.095348,45.341858,-0.742173,3.200000
-33.065703,45.315003,-0.740419,3.200000
-33.036002,45.288210,-0.738856,3.200000
-33.006253,45.261471,-0.737507,3.200000
-32.976463,45.234776,-0.736391,3.200000
-32.946644,45.208115,-0.735531,3.200000
-32.916805,45.181476,-0.734964,3.200000
-32.886955,45.154849,-0.734731,3.200000
-32.857104,45.128224,-0.734865,3.200000
-32.827261,45.101589,-0.735346,3.200000
-32.797436,45.074935,-0.736133,3.200000
-32.767637,45.048251,-0.737191,3.200000
-32.737876,45.021525,-0.738486,3.200000
-32.708161,44.994747,-0.739990,3.200000
-32.678501,44.967910,-0.741672,3.200000
-32.648902,44.941004,-0.743500,3.200000
-32.619376,44.914019,-0.745442,3.200000
-32.589934,44.886941,-0.747465,3.200000
-32.560590,44.859757,-0.749538,3.200000
-32.531351,44.832461,-0.751631,3.200000
-32.502210,44.805060,-0.753711,3.200000
-32.473158,44.777564,-0.755748,3.200000
-32.444188,44.749984,-0.757709,3.200000
-32.415288,44.722328,-0.759562,3.200000
-32.386451,44.694607,-0.761279,3.200000
-32.357668,44.666831,-0.762831,3.200000
-32.328928,44.639009,-0.764188,3.200000
-32.300225,44.611150,-0.765316,3.200000
-32.271550,44.583263,-0.766175,3.200000
-32.242893,44.555356,-0.766728,3.200000
-32.214246,44.527439,-0.766964,3.200000
-32.185602,44.499519,-0.766881,3.200000
-32.156951,44.471606,-0.766481,3.200000
-32.128286,44.443708,-0.765764,3.200000
-32.099597,44.415835,-0.764761,3.200000
-32.070876,44.387994,-0.763509,3.200000
-32.042114,44.360195,-0.762048,3.200000
-32.013304,44.332447,-0.760407,3.200000
-31.984436,44.304759,-0.758616,3.200000
-31.955500,44.277141,-0.756705,3.200000
-31.926488,44.249603,-0.754702,3.200000
-31.897391,44.222156,-0.752640,3.200000
-31.868200,44.194808,-0.750548,3.200000
-31.838907,44.167569,-0.748461,3.200000
-31.809512,44.140442,-0.746412,3.200000
-31.780024,44.113414,-0.744436,3.200000
-31.750459,44.086471,-0.742558,3.200000
-31.720828,44.059601,-0.740798,3.200000
-31.691138,44.032795,-0.739179,3.200000
-31.661399,44.006045,-0.737721,3.200000
-31.631618,43.979341,-0.736448,3.200000
-31.601806,43.952673,-0.735382,3.200000
-31.571970,43.926030,-0.734552,3.200000
-31.542121,43.899402,-0.733988,3.200000
-31.512270,43.872777,-0.733720,3.200000
-31.482427,43.846142,-0.733731,3.200000
-31.452602,43.819487,-0.733972,3.200000
-31.422799,43.792808,-0.734396,3.200000
-31.393022,43.766100,-0.734967,3.200000
-31.363273,43.739361,-0.735655,3.200000
-31.333556,43.712585,-0.736433,3.200000
-31.303876,43.685769,-0.737271,3.200000
-31.274237,43.658908,-0.738138,3.200000
-31.244647,43.631992,-0.739005,3.200000
-31.215117,43.605012,-0.739833,3.200000
-31.185650,43.577962,-0.740579,3.200000
-31.156237,43.550853,-0.741198,3.200000
-31.126863,43.523702,-0.741667,3.200000
-31.097515,43.496523,-0.741994,3.200000
-31.068184,43.469326,-0.742190,3.200000
-31.038861,43.442119,-0.742263,3.200000
-31.009540,43.414912,-0.742213,3.200000
-30.980211,43.387713,-0.742038,3.200000
-30.950866,43.360530,-0.741733,3.200000
-30.921498,43.333373,-0.741291,3.200000
-30.892093,43.306256,-0.740704,3.200000
-30.862637,43.279194,-0.739986,3.200000
-30.833118,43.252200,-0.739172,3.200000
-30.803539,43.225274,-0.738294,3.200000
-30.773908,43.198403,-0.737381,3.200000
-30.744235,43.171579,-0.736455,3.200000
-30.714525,43.144797,-0.735540,3.200000
-30.684781,43.118051,-0.734659,3.200000
-30.655007,43.091339,-0.733831,3.200000
-30.625208,43.064656,-0.733077,3.200000
-30.595388,43.037996,-0.732423,3.200000
-30.565552,43.011353,-0.731909,3.200000
-30.535705,42.984723,-0.731579,3.200000
-30.505852,42.958100,-0.731454,3.200000
-30.475997,42.931479,-0.731498,3.200000
-30.446145,42.904855,-0.731666,3.200000
-30.416301,42.878221,-0.731921,3.200000
-30.386470,42.851573,-0.732245,3.200000
-30.356657,42.824905,-0.732619,3.200000
-30.326865,42.798214,-0.733025,3.200000
-30.297096,42.771497,-0.733429,3.200000
-30.267359,42.744744,-0.733795,3.200000
-30.237662,42.717946,-0.734094,3.200000
-30.208016,42.691093,-0.734327,3.200000
-30.178415,42.664190,-0.734504,3.200000
-30.148846,42.637251,-0.734633,3.200000
-30.119294,42.610294,-0.734713,3.200000
-30.089748,42.583331,-0.734738,3.200000
-30.060202,42.556367,-0.734706,3.200000
-30.030650,42.529411,-0.734622,3.200000
-30.001080,42.502473,-0.734494,3.200000
-29.971478,42.475571,-0.734325,3.200000
-29.941829,42.448720,-0.734097,3.200000
-29.912131,42.421924,-0.733785,3.200000
-29.882392,42.395173,-0.733373,3.200000
-29.852623,42.368457,-0.732895,3.200000
-29.822830,42.341767,-0.732388,3.200000
-29.793015,42.315100,-0.731890,3.200000
-29.763183,42.288454,-0.731420,3.200000
-29.733337,42.261822,-0.730995,3.200000
-29.703485,42.235198,-0.730632,3.200000
-29.673633,42.208573,-0.730372,3.200000
-29.643786,42.181944,-0.730257,3.200000
-29.613939,42.155314,-0.730326,3.200000
-29.584089,42.128687,-0.730553,3.200000
-29.554236,42.102064,-0.730894,3.200000
-29.524388,42.075435,-0.731305,3.200000
-29.494552,42.048793,-0.731766,3.200000
-29.464733,42.022131,-0.732259,3.200000
-29.434934,41.995447,-0.732767,3.200000
-29.405158,41.968738,-0.733258,3.200000
-29.375411,41.941997,-0.733691,3.200000
-29.345701,41.915214,-0.734030,3.200000
-29.316039,41.888378,-0.734278,3.200000
-29.286426,41.861487,-0.734460,3.200000
-29.256849,41.834558,-0.734598,3.200000
-29.227294,41.807605,-0.734693,3.200000
-29.197747,41.780642,-0.734738,3.200000
-29.168202,41.753677,-0.734726,3.200000
-29.138652,41.726718,-0.734659,3.200000
-29.109089,41.699773,-0.734541,3.200000
-29.079498,41.672859,-0.734376,3.200000
-29.049865,41.645991,-0.734158,3.200000
-29.020181,41.619179,-0.733877,3.200000
-28.990454,41.592416,-0.733525,3.200000
-28.960692,41.565690,-0.733127,3.200000
-28.930905,41.538993,-0.732718,3.200000
-28.901097,41.512320,-0.732333,3.200000
-28.871270,41.485667,-0.731994,3.200000
-28.841429,41.459031,-0.731719,3.200000
-28.811578,41.432405,-0.731525,3.200000
-28.781723,41.405784,-0.731445,3.200000
-28.751868,41.379162,-0.731520,3.200000
-28.722019,41.352535,-0.731795,3.200000
-28.692180,41.325897,-0.732265,3.200000
-28.662354,41.299242,-0.732887,3.200000
-28.632549,41.272566,-0.733619,3.200000
-28.602768,41.245862,-0.734430,3.200000
-28.573016,41.219126,-0.735300,3.200000
-28.543297,41.192353,-0.736209,3.200000
-28.513614,41.165540,-0.737134,3.200000
-28.483971,41.138683,-0.738054,3.200000
-28.454377,41.111772,-0.738945,3.200000
-28.424841,41.084797,-0.739780,3.200000
-28.395370,41.057752,-0.740527,3.200000
-28.365953,41.030648,-0.741153,3.200000
-28.336576,41.003500,-0.741633,3.200000
-28.307227,40.976322,-0.741974,3.200000
-28.277895,40.949126,-0.742183,3.200000
-28.248572,40.921920,-0.742267,3.200000
-28.219250,40.894713,-0.742226,3.200000
-28.189922,40.867512,-0.742061,3.200000
-28.160580,40.840328,-0.741766,3.200000
-28.131214,40.813168,-0.741335,3.200000
-28.101813,40.786046,-0.740759,3.200000
-28.072362,40.758979,-0.740051,3.200000
-28.042848,40.731980,-0.739242,3.200000
-28.013274,40.705047,-0.738368,3.200000
-27.983647,40.678173,-0.737456,3.200000
-27.953977,40.651345,-0.736530,3.200000
-27.924270,40.624559,-0.735613,3.200000
-27.894529,40.597811,-0.734728,3.200000
-27.864757,40.571097,-0.733895,3.200000
-27.834960,40.544412,-0.733134,3.200000
-27.805141,40.517750,-0.732470,3.200000
-27.775306,40.491107,-0.731943,3.200000
-27.745459,40.464476,-0.731595,3.200000
-27.715606,40.437853,-0.731455,3.200000
-27.685751,40.411232,-0.731486,3.200000
-27.655898,40.384608,-0.731646,3.200000
-27.626054,40.357976,-0.731895,3.200000
-27.596222,40.331329,-0.732214,3.200000
-27.566407,40.304663,-0.732586,3.200000
-27.536612,40.277974,-0.732991,3.200000
-27.506842,40.251259,-0.733397,3.200000
-27.477101,40.224510,-0.733769,3.200000
-27.447401,40.197716,-0.734075,3.200000
-27.417751,40.170867,-0.734314,3.200000
-27.388147,40.143967,-0.734496,3.200000
-27.358576,40.117031,-0.734628,3.200000
-27.329023,40.090075,-0.734712,3.200000
-27.299477,40.063111,-0.734743,3.200000
-27.269932,40.036147,-0.734718,3.200000
-27.240380,40.009189,-0.734640,3.200000
-27.210813,39.982250,-0.734512,3.200000
-27.181214,39.955344,-0.734336,3.200000
-27.151570,39.928487,-0.734105,3.200000
-27.121876,39.901687,-0.733809,3.200000
-27.092141,39.874933,-0.733444,3.200000
-27.062373,39.848214,-0.733040,3.200000
-27.032582,39.821522,-0.732632,3.200000
-27.002769,39.794854,-0.732255,3.200000
-26.972939,39.768205,-0.731928,3.200000
-26.943095,39.741571,-0.731669,3.200000
-26.913243,39.714947,-0.731495,3.200000
-26.883387,39.688326,-0.731445,3.200000
-26.853533,39.661704,-0.731560,3.200000
-26.823686,39.635075,-0.731879,3.200000
-26.793849,39.608434,-0.732385,3.200000
-26.764027,39.581775,-0.733034,3.200000
-26.734226,39.555094,-0.733785,3.200000
-26.704451,39.528383,-0.734610,3.200000
-26.674706,39.501640,-0.735491,3.200000
-26.644994,39.474859,-0.736406,3.200000
-26.615319,39.448037,-0.737333,3.200000
-26.585686,39.421169,-0.738248,3.200000
-26.556104,39.394245,-0.739130,3.200000
-26.526582,39.367256,-0.739950,3.200000
-26.497123,39.340197,-0.740674,3.200000
-26.467716,39.313081,-0.741270,3.200000
-26.438346,39.285926,-0.741721,3.200000
-26.409001,39.258744,-0.742033,3.200000
-26.379672,39.231545,-0.742214,3.200000
-26.350350,39.204337,-0.742271,3.200000
-26.321028,39.177130,-0.742203,3.200000
-26.291698,39.149932,-0.742012,3.200000
-26.262351,39.122752,-0.741691,3.200000
-26.232979,39.095599,-0.741230,3.200000
-26.203569,39.068487,-0.740617,3.200000
-26.174106,39.041433,-0.739875,3.200000
-26.144579,39.014449,-0.739049,3.200000
-26.114992,38.987530,-0.738182,3.200000
-26.085355,38.960666,-0.737313,3.200000
-26.055677,38.933849,-0.736472,3.200000
-26.025962,38.907071,-0.735689,3.200000
-25.996214,38.880330,-0.734994,3.200000
-25.966438,38.853621,-0.734417,3.200000
-25.936636,38.826941,-0.733985,3.200000
-25.906811,38.800285,-0.733734,3.200000
-25.876969,38.773650,-0.733710,3.200000
-25.847117,38.747025,-0.733958,3.200000
-25.817268,38.720398,-0.734501,3.200000
-25.787431,38.693757,-0.735316,3.200000
-25.757616,38.667091,-0.736379,3.200000
-25.727833,38.640389,-0.737671,3.200000
-25.698091,38.613642,-0.739184,3.200000
-25.668399,38.586839,-0.740912,3.200000
-25.638764,38.559973,-0.742850,3.200000
-25.609196,38.533034,-0.744990,3.200000
-25.579705,38.506009,-0.747326,3.200000
-25.550304,38.478888,-0.749845,3.200000
-25.521003,38.451659,-0.752530,3.200000
-25.491804,38.424319,-0.755359,3.200000
-25.462704,38.396875,-0.758317,3.200000
-25.433697,38.369331,-0.761384,3.200000
-25.404784,38.341690,-0.764543,3.200000
-25.375964,38.313952,-0.767776,3.200000
-25.347238,38.286116,-0.771074,3.200000
-25.318605,38.258184,-0.774432,3.200000
-25.290067,38.230157,-0.777843,3.200000
-25.261621,38.202034,-0.781301,3.200000
-25.233269,38.173818,-0.784799,3.200000
-25.205011,38.145507,-0.788341,3.200000
-25.176847,38.117102,-0.791937,3.200000
-25.148779,38.088604,-0.795584,3.200000
-25.120805,38.060012,-0.799278,3.200000
-25.092925,38.031329,-0.803010,3.200000
-25.065139,38.002555,-0.806775,3.200000
-25.037453,37.973685,-0.810568,3.200000
-25.009873,37.944713,-0.814384,3.200000
-24.982406,37.915634,-0.818215,3.200000
-24.955062,37.886439,-0.822050,3.200000
-24.927851,37.857121,-0.825883,3.200000
-24.900781,37.827671,-0.829717,3.200000
-24.873851,37.798095,-0.833551,3.200000
-24.847052,37.768399,-0.837393,3.200000
-24.820380,37.738589,-0.841256,3.200000
-24.793830,37.708670,-0.845152,3.200000
-24.767401,37.678645,-0.849065,3.200000
-24.741090,37.648516,-0.852945,3.200000
-24.714892,37.618290,-0.856744,3.200000
-24.688800,37.587971,-0.860416,3.200000
-24.662809,37.557565,-0.863915,3.200000
-24.636919,37.527074,-0.867199,3.200000
-24.611131,37.496497,-0.870276,3.200000
-24.585447,37.465831,-0.873193,3.200000
-24.559874,37.435073,-0.875995,3.200000
-24.534420,37.404217,-0.878707,3.200000
-24.509087,37.373262,-0.881346,3.200000
-24.483856,37.342223,-0.883931,3.200000
-24.458702,37.311122,-0.886509,3.200000
-24.433601,37.279978,-0.889142,3.200000
-24.408533,37.248807,-0.891879,3.200000
-24.383480,37.217625,-0.894726,3.200000
-24.358434,37.186437,-0.897678,3.200000
-24.333414,37.155228,-0.900725,3.200000
-24.308444,37.123979,-0.903847,3.200000
-24.283541,37.092677,-0.907021,3.200000
-24.258713,37.061315,-0.910263,3.200000
-24.233968,37.029887,-0.913664,3.200000
-24.209325,36.998379,-0.917343,3.200000
-24.184815,36.966768,-0.921377,3.200000
-24.160472,36.935028,-0.925817,3.200000
-24.136308,36.903151,-0.930707,3.200000
-24.112321,36.871140,-0.936049,3.200000
-24.088510,36.838999,-0.941795,3.200000
-24.064867,36.806735,-0.947886,3.200000
-24.041383,36.774353,-0.954281,3.200000
-24.018059,36.741856,-0.960955,3.200000
-23.994939,36.709215,-0.967840,3.200000
-23.972076,36.676392,-0.974837,3.200000
-23.949517,36.643359,-0.981833,3.200000
-23.927279,36.610109,-0.988762,3.200000
-23.905380,36.576635,-0.995575,3.200000
-23.883815,36.542945,-1.002285,3.200000
-23.862565,36.509055,-1.008926,3.200000
-23.841610,36.474982,-1.015525,3.200000
-23.820941,36.440735,-1.022006,3.200000
-23.800555,36.406320,-1.028268,3.200000
-23.780434,36.371749,-1.034224,3.200000
-23.760523,36.337056,-1.039824,3.200000
-23.740762,36.302278,-1.045020,3.200000
-23.721122,36.267431,-1.049772,3.200000
-23.701596,36.232521,-1.054048,3.200000
-23.682183,36.197547,-1.057831,3.200000
-23.662901,36.162501,-1.061164,3.200000
-23.643773,36.127371,-1.064098,3.200000
-23.624776,36.092170,-1.066690,3.200000
-23.605827,36.056943,-1.068985,3.200000
-23.586857,36.021728,-1.071026,3.200000
-23.567860,35.986526,-1.072902,3.200000
-23.548862,35.951326,-1.074725,3.200000
-23.529872,35.916121,-1.076550,3.200000
-23.510885,35.880914,-1.078337,3.200000
-23.491893,35.845711,-1.080065,3.200000
-23.472901,35.810507,-1.081791,3.200000
-23.453923,35.775296,-1.083566,3.200000
-23.434977,35.740067,-1.085376,3.200000
-23.416089,35.704807,-1.087244,3.200000
-23.397288,35.669501,-1.089237,3.200000
-23.378598,35.634136,-1.091481,3.200000
-23.360042,35.598700,-1.094029,3.200000
-23.341629,35.563191,-1.096869,3.200000
-23.323328,35.527623,-1.099962,3.200000
-23.305101,35.492016,-1.103282,3.200000
-23.286965,35.456363,-1.106814,3.200000
-23.268982,35.420634,-1.110526,3.200000
-23.251192,35.384808,-1.114390,3.200000
-23.233565,35.348901,-1.118372,3.200000
-23.216052,35.312938,-1.122437,3.200000
-23.198662,35.276916,-1.126582,3.200000
-23.181457,35.240805,-1.130815,3.200000
-23.164483,35.204585,-1.135106,3.200000
-23.147725,35.168265,-1.139449,3.200000
-23.131150,35.131860,-1.143897,3.200000
-23.114739,35.095381,-1.148541,3.200000
-23.098479,35.058835,-1.153369,3.200000
-23.082361,35.022226,-1.158240,3.200000
-23.066381,34.985557,-1.163050,3.200000
-23.050537,34.948828,-1.167843,3.200000
-23.034845,34.912034,-1.172748,3.200000
-23.019334,34.875164,-1.177777,3.200000
-23.004023,34.838210,-1.182876,3.200000
-22.988898,34.801180,-1.188048,3.200000
-22.973946,34.764079,-1.193329,3.200000
-22.959194,34.726898,-1.198727,3.200000
-22.944692,34.689620,-1.204234,3.200000
-22.930445,34.652243,-1.209834,3.200000
-22.916385,34.614795,-1.215509,3.200000
-22.902452,34.577299,-1.221276,3.200000
-22.888681,34.539745,-1.227152,3.200000
-22.875138,34.502107,-1.233088,3.200000
-22.861867,34.464372,-1.238997,3.200000
-22.848887,34.426536,-1.244852,3.200000
-22.836207,34.388599,-1.250713,3.200000
-22.823810,34.350568,-1.256615,3.200000
-22.811675,34.312453,-1.262413,3.200000
-22.799778,34.274262,-1.267936,3.200000
-22.788098,34.236005,-1.273183,3.200000
-22.776626,34.197685,-1.278245,3.200000
-22.765379,34.159299,-1.283141,3.200000
-22.754366,34.120845,-1.287783,3.200000
-22.743554,34.082334,-1.292091,3.200000
-22.732909,34.043776,-1.296053,3.200000
-22.722437,34.005170,-1.299673,3.200000
-22.712173,33.966510,-1.302917,3.200000
-22.702101,33.927799,-1.305723,3.200000
-22.692132,33.889061,-1.308063,3.200000
-22.682187,33.850317,-1.310021,3.200000
-22.672248,33.811571,-1.311677,3.200000
-22.662310,33.772825,-1.313033,3.200000
-22.652369,33.734080,-1.314076,3.200000
-22.642422,33.695337,-1.314858,3.200000
-22.632473,33.656594,-1.315486,3.200000
-22.622543,33.617846,-1.316043,3.200000
-22.612632,33.579093,-1.316539,3.200000
-22.602679,33.540351,-1.316984,3.200000
-22.592617,33.501638,-1.317513,3.200000
-22.582450,33.462951,-1.318296,3.200000
-22.572225,33.424280,-1.319439,3.200000
-22.561972,33.385616,-1.320991,3.200000
-22.551697,33.346959,-1.323013,3.200000
-22.541415,33.308303,-1.325590,3.200000
-22.531167,33.269638,-1.328793,3.200000
-22.521001,33.230951,-1.332572,3.200000
-22.510957,33.192233,-1.336854,3.200000
-22.501071,33.153473,-1.341650,3.200000
-22.491384,33.114664,-1.347030,3.200000
-22.481939,33.075795,-1.353033,3.200000
-22.472776,33.036858,-1.359601,3.200000
-22.463933,32.997847,-1.366653,3.200000
-22.455450,32.958756,-1.374080,3.200000
-22.447386,32.919576,-1.381776,3.200000
-22.439806,32.880300,-1.389632,3.200000
-22.432728,32.840931,-1.397519,3.200000
-22.426115,32.801480,-1.405289,3.200000
-22.419934,32.761959,-1.412787,3.200000
-22.414166,32.722377,-1.419905,3.200000
-22.408795,32.682738,-1.426609,3.200000
-22.403813,32.643049,-1.432869,3.200000
-22.399212,32.603314,-1.438665,3.200000
-22.394939,32.563543,-1.443981,3.200000
-22.390912,32.523745,-1.448791,3.200000
-22.387058,32.483932,-1.453043,3.200000
-22.383318,32.444107,-1.456692,3.200000
-22.379628,32.404277,-1.459787,3.200000
-22.375901,32.364451,-1.462405,3.200000
-22.372057,32.324636,-1.464642,3.200000
-22.368085,32.284834,-1.466583,3.200000
-22.364003,32.245043,-1.468287,3.200000
-22.359831,32.205261,-1.469807,3.200000
-22.355592,32.165486,-1.471243,3.200000
-22.351310,32.125716,-1.472774,3.200000
-22.347010,32.085948,-1.474512,3.200000
-22.342713,32.046179,-1.476475,3.200000
-22.338435,32.006409,-1.478684,3.200000
-22.334192,31.966634,-1.481215,3.200000
-22.330027,31.926852,-1.484154,3.200000
-22.325995,31.887055,-1.487536,3.200000
-22.322141,31.847241,-1.491315,3.200000
-22.318502,31.807407,-1.495439,3.200000
-22.315126,31.767549,-1.499857,3.200000
-22.312081,31.727665,-1.504512,3.200000
-22.309420,31.687753,-1.509347,3.200000
-22.307114,31.647819,-1.514307,3.200000
-22.305119,31.607868,-1.519345,3.200000
-22.303410,31.567904,-1.524417,3.200000
-22.301969,31.527930,-1.529456,3.200000
-22.300778,31.487948,-1.534362,3.200000
-22.299811,31.447959,-1.539069,3.200000
-22.299044,31.407966,-1.543539,3.200000
-22.298456,31.367971,-1.547733,3.200000
-22.298023,31.327973,-1.551574,3.200000
-22.297723,31.287974,-1.554975,3.200000
-22.297531,31.247974,-1.557923,3.200000
-22.297427,31.207974,-1.560476,3.200000
-22.297388,31.167974,-1.562678,3.200000
-22.297390,31.127974,-1.564550,3.200000
-22.297402,31.087974,-1.566112,3.200000
-22.297403,31.047974,-1.567393,3.200000
-22.297400,31.007974,-1.568420,3.200000
-22.297399,30.967974,-1.569222,3.200000
-22.297400,30.927974,-1.569824,3.200000
-22.297400,30.887974,-1.570257,3.200000
-22.297400,30.847974,-1.570549,3.200000
-22.297400,30.807974,-1.570721,3.200000
-22.297400,30.767974,-1.570787,3.200000
-22.297400,30.727974,-1.570797,3.200000
-22.297400,30.687974,-1.570823,3.200000
-22.297400,30.647974,-1.570934,3.200000
-22.297400,30.607974,-1.571157,3.200000
-22.297400,30.567974,-1.571508,3.200000
-22.297399,30.527974,-1.572012,3.200000
-22.297399,30.487974,-1.572700,3.200000
-22.297402,30.447974,-1.573598,3.200000
-22.297404,30.407974,-1.574735,3.200000
-22.297398,30.367974,-1.576137,3.200000
-22.297387,30.327974,-1.577833,3.200000
-22.297399,30.287974,-1.579850,3.200000
-22.297464,30.247974,-1.582205,3.200000
-22.297604,30.207975,-1.584926,3.200000
-22.297841,30.167975,-1.588068,3.200000
-22.298197,30.127977,-1.591674,3.200000
-22.298696,30.087980,-1.595683,3.200000
-22.299361,30.047985,-1.600010,3.200000
-22.300214,30.007994,-1.604592,3.200000
-22.301278,29.968008,-1.609379,3.200000
-22.302577,29.928029,-1.614341,3.200000
-22.304135,29.888059,-1.619435,3.200000
-22.305969,29.848101,-1.624604,3.200000
-22.308097,29.808157,-1.629785,3.200000
-22.310555,29.768232,-1.634928,3.200000
-22.313387,29.728332,-1.639979,3.200000
-22.316587,29.688460,-1.644885,3.200000
-22.320090,29.648613,-1.649595,3.200000
-22.323833,29.608788,-1.654051,3.200000
-22.327767,29.568982,-1.658201,3.200000
-22.331849,29.529191,-1.661999,3.200000
-22.336057,29.489413,-1.665412,3.200000
-22.340375,29.449646,-1.668496,3.200000
-22.344781,29.409890,-1.671332,3.200000
-22.349251,29.370140,-1.673993,3.200000
-22.353763,29.330395,-1.676530,3.200000
